source,destination,count
Entry,24-Hour Observation Area,122
Entry,Adult Step Down Unit (post-critical care),34
Entry,Ambulatory Surgery Center,607
Entry,Emergency Department,6625
Entry,Endoscopy Suite,19
Entry,Behavioral Health/Psych Ward,42
Entry,Pediatric Medical Ward,59
Entry,Medical Ward,284
Entry,Medical/Surgical Ward,141
Entry,Neurology Ward,42
Entry,Neurosurgical Ward,55
Entry,Operating Room/Suite,1802
Entry,Postpartum Ward,98
Entry,Pulmonary Ward,43
Entry,Surgical Ward,51
Entry,"Labor, Delivery, Recovery, Postpartum Suite (LDRP)",490
Entry,Medical Cardiac Critical Care,41
Entry,Medical Critical Care,35
Entry,Neonatal Critical Care (Level III),44
Entry,Neurologic Critical Care,36
Entry,Pediatric Cardiothoracic Critical Care,8
Entry,Pediatric Medical/Surgical Critical Care,18
Entry,Pediatric Step Down Unit (post-critical care),2
Entry,Surgical Cardiothoracic Critical Care,21
Entry,Surgical Critical Care,6
Entry,ONC Hematopoietic Stem Cell Transplant Ward,43
Entry,ONC General Hematology/Oncology Ward,173
Entry,ONC Pediatric Hematopoietic Stem Cell Transplant Ward,10
Entry,ONC Pediatric General Hematology/Oncology Ward,108
24-Hour Observation Area,Medical Ward,9
24-Hour Observation Area,Medical/Surgical Ward,1
24-Hour Observation Area,Neurology Ward,2
24-Hour Observation Area,Operating Room/Suite,11
24-Hour Observation Area,Surgical Ward,1
24-Hour Observation Area,Medical Critical Care,1
24-Hour Observation Area,Surgical Critical Care,1
24-Hour Observation Area,ONC General Hematology/Oncology Ward,3
24-Hour Observation Area,Exit,229
Adult Step Down Unit (post-critical care),Endoscopy Suite,13
Adult Step Down Unit (post-critical care),Medical Ward,2
Adult Step Down Unit (post-critical care),Operating Room/Suite,30
Adult Step Down Unit (post-critical care),Pulmonary Ward,1
Adult Step Down Unit (post-critical care),Surgical Ward,1
Adult Step Down Unit (post-critical care),Medical Cardiac Critical Care,2
Adult Step Down Unit (post-critical care),Surgical Cardiothoracic Critical Care,7
Adult Step Down Unit (post-critical care),Exit,111
Ambulatory Surgery Center,Operating Room/Suite,1
Ambulatory Surgery Center,Exit,606
Emergency Department,Adult Step Down Unit (post-critical care),23
Emergency Department,Endoscopy Suite,11
Emergency Department,Pediatric Medical Ward,66
Emergency Department,Medical Ward,532
Emergency Department,Medical/Surgical Ward,108
Emergency Department,Neurology Ward,104
Emergency Department,Neurosurgical Ward,96
Emergency Department,Operating Room/Suite,104
Emergency Department,Pulmonary Ward,47
Emergency Department,Surgical Ward,168
Emergency Department,"Labor, Delivery, Recovery, Postpartum Suite (LDRP)",3
Emergency Department,Medical Cardiac Critical Care,48
Emergency Department,Medical Critical Care,54
Emergency Department,Neurologic Critical Care,44
Emergency Department,Pediatric Cardiothoracic Critical Care,1
Emergency Department,Pediatric Medical/Surgical Critical Care,21
Emergency Department,Pediatric Step Down Unit (post-critical care),2
Emergency Department,Surgical Cardiothoracic Critical Care,4
Emergency Department,Surgical Critical Care,21
Emergency Department,ONC Hematopoietic Stem Cell Transplant Ward,4
Emergency Department,ONC General Hematology/Oncology Ward,252
Emergency Department,ONC Pediatric General Hematology/Oncology Ward,85
Emergency Department,Exit,4851
Endoscopy Suite,Adult Step Down Unit (post-critical care),13
Endoscopy Suite,Emergency Department,11
Endoscopy Suite,Medical Ward,36
Endoscopy Suite,Medical/Surgical Ward,18
Endoscopy Suite,Neurology Ward,2
Endoscopy Suite,Neurosurgical Ward,3
Endoscopy Suite,Operating Room/Suite,1
Endoscopy Suite,Pulmonary Ward,26
Endoscopy Suite,Surgical Ward,9
Endoscopy Suite,ONC Hematopoietic Stem Cell Transplant Ward,5
Endoscopy Suite,ONC General Hematology/Oncology Ward,17
Endoscopy Suite,Exit,19
Behavioral Health/Psych Ward,Exit,43
Pediatric Medical Ward,Emergency Department,1
Pediatric Medical Ward,Operating Room/Suite,48
Pediatric Medical Ward,Surgical Ward,1
Pediatric Medical Ward,Pediatric Cardiothoracic Critical Care,5
Pediatric Medical Ward,Pediatric Medical/Surgical Critical Care,3
Pediatric Medical Ward,Pediatric Step Down Unit (post-critical care),2
Pediatric Medical Ward,Exit,251
Medical Ward,Emergency Department,3
Medical Ward,Endoscopy Suite,36
Medical Ward,Medical/Surgical Ward,3
Medical Ward,Neurology Ward,2
Medical Ward,Neurosurgical Ward,2
Medical Ward,Operating Room/Suite,115
Medical Ward,Pulmonary Ward,5
Medical Ward,Surgical Ward,5
Medical Ward,Medical Cardiac Critical Care,27
Medical Ward,Medical Critical Care,22
Medical Ward,Neurologic Critical Care,1
Medical Ward,Surgical Cardiothoracic Critical Care,1
Medical Ward,ONC General Hematology/Oncology Ward,10
Medical Ward,Exit,915
Medical/Surgical Ward,Endoscopy Suite,18
Medical/Surgical Ward,Medical Ward,16
Medical/Surgical Ward,Neurology Ward,1
Medical/Surgical Ward,Neurosurgical Ward,1
Medical/Surgical Ward,Operating Room/Suite,153
Medical/Surgical Ward,Pulmonary Ward,2
Medical/Surgical Ward,Surgical Ward,20
Medical/Surgical Ward,Medical Cardiac Critical Care,4
Medical/Surgical Ward,Medical Critical Care,1
Medical/Surgical Ward,Surgical Cardiothoracic Critical Care,17
Medical/Surgical Ward,Surgical Critical Care,1
Medical/Surgical Ward,ONC General Hematology/Oncology Ward,5
Medical/Surgical Ward,Exit,357
Neurology Ward,Emergency Department,2
Neurology Ward,Endoscopy Suite,3
Neurology Ward,Medical Ward,1
Neurology Ward,Neurosurgical Ward,1
Neurology Ward,Operating Room/Suite,31
Neurology Ward,Pulmonary Ward,4
Neurology Ward,Medical Cardiac Critical Care,2
Neurology Ward,Neurologic Critical Care,9
Neurology Ward,ONC General Hematology/Oncology Ward,4
Neurology Ward,Exit,193
Neurosurgical Ward,Adult Step Down Unit (post-critical care),1
Neurosurgical Ward,Endoscopy Suite,3
Neurosurgical Ward,Medical Ward,3
Neurosurgical Ward,Operating Room/Suite,67
Neurosurgical Ward,Surgical Ward,3
Neurosurgical Ward,Medical Cardiac Critical Care,1
Neurosurgical Ward,Medical Critical Care,2
Neurosurgical Ward,Neurologic Critical Care,8
Neurosurgical Ward,Surgical Critical Care,1
Neurosurgical Ward,ONC General Hematology/Oncology Ward,1
Neurosurgical Ward,Exit,220
Operating Room/Suite,24-Hour Observation Area,139
Operating Room/Suite,Adult Step Down Unit (post-critical care),31
Operating Room/Suite,Emergency Department,1
Operating Room/Suite,Pediatric Medical Ward,132
Operating Room/Suite,Medical Ward,79
Operating Room/Suite,Medical/Surgical Ward,170
Operating Room/Suite,Neurology Ward,71
Operating Room/Suite,Neurosurgical Ward,77
Operating Room/Suite,Postpartum Ward,1
Operating Room/Suite,Pulmonary Ward,12
Operating Room/Suite,Surgical Ward,436
Operating Room/Suite,"Labor, Delivery, Recovery, Postpartum Suite (LDRP)",1
Operating Room/Suite,Medical Cardiac Critical Care,6
Operating Room/Suite,Medical Critical Care,10
Operating Room/Suite,Neonatal Critical Care (Level III),13
Operating Room/Suite,Neurologic Critical Care,89
Operating Room/Suite,Pediatric Cardiothoracic Critical Care,16
Operating Room/Suite,Pediatric Medical/Surgical Critical Care,35
Operating Room/Suite,Pediatric Step Down Unit (post-critical care),11
Operating Room/Suite,Surgical Cardiothoracic Critical Care,194
Operating Room/Suite,Surgical Critical Care,93
Operating Room/Suite,ONC Hematopoietic Stem Cell Transplant Ward,1
Operating Room/Suite,ONC General Hematology/Oncology Ward,191
Operating Room/Suite,ONC Pediatric Hematopoietic Stem Cell Transplant Ward,7
Operating Room/Suite,ONC Pediatric General Hematology/Oncology Ward,20
Operating Room/Suite,Exit,872
Postpartum Ward,"Labor, Delivery, Recovery, Postpartum Suite (LDRP)",28
Postpartum Ward,Neonatal Critical Care (Level III),5
Postpartum Ward,Exit,525
Pulmonary Ward,Endoscopy Suite,26
Pulmonary Ward,Medical Ward,2
Pulmonary Ward,Operating Room/Suite,11
Pulmonary Ward,Medical Cardiac Critical Care,3
Pulmonary Ward,Medical Critical Care,14
Pulmonary Ward,ONC General Hematology/Oncology Ward,2
Pulmonary Ward,Exit,105
Surgical Ward,Emergency Department,2
Surgical Ward,Endoscopy Suite,9
Surgical Ward,Medical Ward,2
Surgical Ward,Medical/Surgical Ward,1
Surgical Ward,Neurosurgical Ward,1
Surgical Ward,Operating Room/Suite,143
Surgical Ward,Pulmonary Ward,1
Surgical Ward,Medical Cardiac Critical Care,2
Surgical Ward,Medical Critical Care,2
Surgical Ward,Surgical Critical Care,11
Surgical Ward,ONC General Hematology/Oncology Ward,6
Surgical Ward,Exit,561
"Labor, Delivery, Recovery, Postpartum Suite (LDRP)",Operating Room/Suite,1
"Labor, Delivery, Recovery, Postpartum Suite (LDRP)",Postpartum Ward,452
"Labor, Delivery, Recovery, Postpartum Suite (LDRP)",Medical Critical Care,2
"Labor, Delivery, Recovery, Postpartum Suite (LDRP)",Neonatal Critical Care (Level III),21
"Labor, Delivery, Recovery, Postpartum Suite (LDRP)",Pediatric Cardiothoracic Critical Care,3
"Labor, Delivery, Recovery, Postpartum Suite (LDRP)",Surgical Critical Care,1
"Labor, Delivery, Recovery, Postpartum Suite (LDRP)",ONC General Hematology/Oncology Ward,1
"Labor, Delivery, Recovery, Postpartum Suite (LDRP)",Exit,46
Medical Cardiac Critical Care,Adult Step Down Unit (post-critical care),6
Medical Cardiac Critical Care,Medical Ward,89
Medical Cardiac Critical Care,Medical/Surgical Ward,2
Medical Cardiac Critical Care,Neurology Ward,1
Medical Cardiac Critical Care,Operating Room/Suite,21
Medical Cardiac Critical Care,Pulmonary Ward,6
Medical Cardiac Critical Care,Medical Critical Care,3
Medical Cardiac Critical Care,Neurologic Critical Care,1
Medical Cardiac Critical Care,Surgical Cardiothoracic Critical Care,2
Medical Cardiac Critical Care,ONC General Hematology/Oncology Ward,4
Medical Cardiac Critical Care,Exit,17
Medical Critical Care,Medical Ward,67
Medical Critical Care,Medical/Surgical Ward,1
Medical Critical Care,Neurology Ward,2
Medical Critical Care,Neurosurgical Ward,1
Medical Critical Care,Operating Room/Suite,7
Medical Critical Care,Pulmonary Ward,17
Medical Critical Care,Surgical Ward,3
Medical Critical Care,"Labor, Delivery, Recovery, Postpartum Suite (LDRP)",1
Medical Critical Care,Medical Cardiac Critical Care,3
Medical Critical Care,Neurologic Critical Care,1
Medical Critical Care,Surgical Cardiothoracic Critical Care,1
Medical Critical Care,Surgical Critical Care,1
Medical Critical Care,ONC Hematopoietic Stem Cell Transplant Ward,3
Medical Critical Care,ONC General Hematology/Oncology Ward,20
Medical Critical Care,Exit,40
Neonatal Critical Care (Level III),Operating Room/Suite,13
Neonatal Critical Care (Level III),Postpartum Ward,8
Neonatal Critical Care (Level III),"Labor, Delivery, Recovery, Postpartum Suite (LDRP)",1
Neonatal Critical Care (Level III),Pediatric Cardiothoracic Critical Care,5
Neonatal Critical Care (Level III),Pediatric Medical/Surgical Critical Care,1
Neonatal Critical Care (Level III),Step down Neonatal Nursery (Level II),39
Neonatal Critical Care (Level III),Exit,38
Neurologic Critical Care,Medical Ward,8
Neurologic Critical Care,Neurology Ward,22
Neurologic Critical Care,Neurosurgical Ward,72
Neurologic Critical Care,Operating Room/Suite,13
Neurologic Critical Care,Medical Critical Care,1
Neurologic Critical Care,Surgical Critical Care,2
Neurologic Critical Care,ONC General Hematology/Oncology Ward,4
Neurologic Critical Care,Exit,66
Pediatric Cardiothoracic Critical Care,Pediatric Medical Ward,14
Pediatric Cardiothoracic Critical Care,Operating Room/Suite,5
Pediatric Cardiothoracic Critical Care,Postpartum Ward,1
Pediatric Cardiothoracic Critical Care,Neonatal Critical Care (Level III),3
Pediatric Cardiothoracic Critical Care,Pediatric Medical/Surgical Critical Care,6
Pediatric Cardiothoracic Critical Care,Pediatric Step Down Unit (post-critical care),17
Pediatric Cardiothoracic Critical Care,Exit,3
Pediatric Medical/Surgical Critical Care,Pediatric Medical Ward,29
Pediatric Medical/Surgical Critical Care,Medical/Surgical Ward,1
Pediatric Medical/Surgical Critical Care,Operating Room/Suite,3
Pediatric Medical/Surgical Critical Care,Pediatric Step Down Unit (post-critical care),10
Pediatric Medical/Surgical Critical Care,ONC Pediatric Hematopoietic Stem Cell Transplant Ward,6
Pediatric Medical/Surgical Critical Care,ONC Pediatric General Hematology/Oncology Ward,29
Pediatric Medical/Surgical Critical Care,Exit,16
Pediatric Step Down Unit (post-critical care),Pediatric Medical Ward,17
Pediatric Step Down Unit (post-critical care),Operating Room/Suite,3
Pediatric Step Down Unit (post-critical care),Pediatric Cardiothoracic Critical Care,10
Pediatric Step Down Unit (post-critical care),Pediatric Medical/Surgical Critical Care,1
Pediatric Step Down Unit (post-critical care),ONC Pediatric General Hematology/Oncology Ward,3
Pediatric Step Down Unit (post-critical care),Exit,13
Step down Neonatal Nursery (Level II),Neonatal Critical Care (Level III),17
Step down Neonatal Nursery (Level II),Exit,22
Surgical Cardiothoracic Critical Care,Adult Step Down Unit (post-critical care),58
Surgical Cardiothoracic Critical Care,Medical Ward,1
Surgical Cardiothoracic Critical Care,Medical/Surgical Ward,153
Surgical Cardiothoracic Critical Care,Operating Room/Suite,11
Surgical Cardiothoracic Critical Care,Pulmonary Ward,1
Surgical Cardiothoracic Critical Care,Medical Cardiac Critical Care,8
Surgical Cardiothoracic Critical Care,Medical Critical Care,2
Surgical Cardiothoracic Critical Care,Exit,13
Surgical Critical Care,Adult Step Down Unit (post-critical care),1
Surgical Critical Care,Medical Ward,7
Surgical Critical Care,Medical/Surgical Ward,16
Surgical Critical Care,Neurology Ward,3
Surgical Critical Care,Neurosurgical Ward,2
Surgical Critical Care,Operating Room/Suite,30
Surgical Critical Care,Surgical Ward,49
Surgical Critical Care,"Labor, Delivery, Recovery, Postpartum Suite (LDRP)",1
Surgical Critical Care,Medical Critical Care,2
Surgical Critical Care,Surgical Cardiothoracic Critical Care,1
Surgical Critical Care,ONC General Hematology/Oncology Ward,7
Surgical Critical Care,Exit,25
ONC Hematopoietic Stem Cell Transplant Ward,Endoscopy Suite,5
ONC Hematopoietic Stem Cell Transplant Ward,Operating Room/Suite,1
ONC Hematopoietic Stem Cell Transplant Ward,Medical Critical Care,3
ONC Hematopoietic Stem Cell Transplant Ward,Surgical Critical Care,1
ONC Hematopoietic Stem Cell Transplant Ward,ONC General Hematology/Oncology Ward,5
ONC Hematopoietic Stem Cell Transplant Ward,Exit,42
ONC General Hematology/Oncology Ward,Endoscopy Suite,17
ONC General Hematology/Oncology Ward,Medical Ward,5
ONC General Hematology/Oncology Ward,Medical/Surgical Ward,1
ONC General Hematology/Oncology Ward,Operating Room/Suite,60
ONC General Hematology/Oncology Ward,Pulmonary Ward,1
ONC General Hematology/Oncology Ward,Surgical Ward,2
ONC General Hematology/Oncology Ward,Medical Cardiac Critical Care,5
ONC General Hematology/Oncology Ward,Medical Critical Care,11
ONC General Hematology/Oncology Ward,Neurologic Critical Care,3
ONC General Hematology/Oncology Ward,Surgical Critical Care,4
ONC General Hematology/Oncology Ward,Exit,594
ONC Pediatric Hematopoietic Stem Cell Transplant Ward,Operating Room/Suite,6
ONC Pediatric Hematopoietic Stem Cell Transplant Ward,Pediatric Medical/Surgical Critical Care,4
ONC Pediatric Hematopoietic Stem Cell Transplant Ward,ONC Pediatric General Hematology/Oncology Ward,1
ONC Pediatric Hematopoietic Stem Cell Transplant Ward,Exit,13
ONC Pediatric General Hematology/Oncology Ward,Operating Room/Suite,17
ONC Pediatric General Hematology/Oncology Ward,Pediatric Medical/Surgical Critical Care,9
ONC Pediatric General Hematology/Oncology Ward,ONC Pediatric Hematopoietic Stem Cell Transplant Ward,1
ONC Pediatric General Hematology/Oncology Ward,Exit,225
