source,destination,count
Entry,24-Hour Observation Area,119
Entry,Adult Step Down Unit (post-critical care),43
Entry,Ambulatory Surgery Center,627
Entry,Emergency Department,6976
Entry,Endoscopy Suite,32
Entry,Behavioral Health/Psych Ward,47
Entry,Pediatric Medical Ward,76
Entry,Medical Ward,284
Entry,Medical/Surgical Ward,149
Entry,Neurology Ward,53
Entry,Neurosurgical Ward,39
Entry,Operating Room/Suite,1756
Entry,Postpartum Ward,130
Entry,Pulmonary Ward,49
Entry,Surgical Ward,88
Entry,"Labor, Delivery, Recovery, Postpartum Suite (LDRP)",441
Entry,Medical Cardiac Critical Care,39
Entry,Medical Critical Care,32
Entry,Neonatal Critical Care (Level III),38
Entry,Neurologic Critical Care,31
Entry,Pediatric Cardiothoracic Critical Care,17
Entry,Pediatric Medical/Surgical Critical Care,22
Entry,Pediatric Step Down Unit (post-critical care),3
Entry,Surgical Cardiothoracic Critical Care,17
Entry,Surgical Critical Care,20
Entry,ONC Hematopoietic Stem Cell Transplant Ward,31
Entry,ONC General Hematology/Oncology Ward,222
Entry,ONC Pediatric Hematopoietic Stem Cell Transplant Ward,16
Entry,ONC Pediatric General Hematology/Oncology Ward,117
24-Hour Observation Area,Adult Step Down Unit (post-critical care),1
24-Hour Observation Area,Endoscopy Suite,1
24-Hour Observation Area,Medical Ward,6
24-Hour Observation Area,Operating Room/Suite,19
24-Hour Observation Area,Surgical Ward,1
24-Hour Observation Area,Surgical Critical Care,1
24-Hour Observation Area,ONC General Hematology/Oncology Ward,2
24-Hour Observation Area,Exit,236
Adult Step Down Unit (post-critical care),Emergency Department,1
Adult Step Down Unit (post-critical care),Endoscopy Suite,7
Adult Step Down Unit (post-critical care),Medical Ward,1
Adult Step Down Unit (post-critical care),Medical/Surgical Ward,1
Adult Step Down Unit (post-critical care),Operating Room/Suite,30
Adult Step Down Unit (post-critical care),Pulmonary Ward,1
Adult Step Down Unit (post-critical care),Medical Cardiac Critical Care,6
Adult Step Down Unit (post-critical care),Medical Critical Care,1
Adult Step Down Unit (post-critical care),Surgical Cardiothoracic Critical Care,8
Adult Step Down Unit (post-critical care),ONC General Hematology/Oncology Ward,1
Adult Step Down Unit (post-critical care),Exit,91
Ambulatory Surgery Center,Operating Room/Suite,4
Ambulatory Surgery Center,Surgical Ward,1
Ambulatory Surgery Center,Pediatric Medical/Surgical Critical Care,1
Ambulatory Surgery Center,Exit,621
Emergency Department,24-Hour Observation Area,1
Emergency Department,Adult Step Down Unit (post-critical care),19
Emergency Department,Endoscopy Suite,5
Emergency Department,Pediatric Medical Ward,62
Emergency Department,Medical Ward,458
Emergency Department,Medical/Surgical Ward,103
Emergency Department,Neurology Ward,80
Emergency Department,Neurosurgical Ward,71
Emergency Department,Operating Room/Suite,91
Emergency Department,Postpartum Ward,3
Emergency Department,Pulmonary Ward,58
Emergency Department,Surgical Ward,208
Emergency Department,"Labor, Delivery, Recovery, Postpartum Suite (LDRP)",1
Emergency Department,Medical Cardiac Critical Care,38
Emergency Department,Medical Critical Care,48
Emergency Department,Neonatal Critical Care (Level III),1
Emergency Department,Neurologic Critical Care,45
Emergency Department,Pediatric Cardiothoracic Critical Care,1
Emergency Department,Pediatric Medical/Surgical Critical Care,17
Emergency Department,Pediatric Step Down Unit (post-critical care),18
Emergency Department,Surgical Cardiothoracic Critical Care,2
Emergency Department,Surgical Critical Care,23
Emergency Department,ONC Hematopoietic Stem Cell Transplant Ward,14
Emergency Department,ONC General Hematology/Oncology Ward,199
Emergency Department,ONC Pediatric Hematopoietic Stem Cell Transplant Ward,3
Emergency Department,ONC Pediatric General Hematology/Oncology Ward,71
Emergency Department,Exit,5583
Endoscopy Suite,24-Hour Observation Area,1
Endoscopy Suite,Adult Step Down Unit (post-critical care),7
Endoscopy Suite,Emergency Department,4
Endoscopy Suite,Medical Ward,35
Endoscopy Suite,Medical/Surgical Ward,26
Endoscopy Suite,Neurosurgical Ward,1
Endoscopy Suite,Pulmonary Ward,13
Endoscopy Suite,Surgical Ward,18
Endoscopy Suite,ONC Hematopoietic Stem Cell Transplant Ward,7
Endoscopy Suite,ONC General Hematology/Oncology Ward,31
Endoscopy Suite,Exit,31
Behavioral Health/Psych Ward,Exit,46
Pediatric Medical Ward,Emergency Department,12
Pediatric Medical Ward,Operating Room/Suite,49
Pediatric Medical Ward,"Labor, Delivery, Recovery, Postpartum Suite (LDRP)",1
Pediatric Medical Ward,Pediatric Cardiothoracic Critical Care,3
Pediatric Medical Ward,Pediatric Medical/Surgical Critical Care,9
Pediatric Medical Ward,Pediatric Step Down Unit (post-critical care),5
Pediatric Medical Ward,ONC Hematopoietic Stem Cell Transplant Ward,1
Pediatric Medical Ward,ONC Pediatric General Hematology/Oncology Ward,2
Pediatric Medical Ward,Exit,226
Medical Ward,Emergency Department,66
Medical Ward,Endoscopy Suite,34
Medical Ward,Medical/Surgical Ward,4
Medical Ward,Neurology Ward,1
Medical Ward,Neurosurgical Ward,1
Medical Ward,Operating Room/Suite,86
Medical Ward,Pulmonary Ward,9
Medical Ward,Surgical Ward,3
Medical Ward,Medical Cardiac Critical Care,30
Medical Ward,Medical Critical Care,23
Medical Ward,Neurologic Critical Care,4
Medical Ward,Surgical Cardiothoracic Critical Care,2
Medical Ward,Surgical Critical Care,11
Medical Ward,ONC General Hematology/Oncology Ward,5
Medical Ward,Exit,787
Medical/Surgical Ward,Emergency Department,19
Medical/Surgical Ward,Endoscopy Suite,26
Medical/Surgical Ward,Medical Ward,26
Medical/Surgical Ward,Neurosurgical Ward,1
Medical/Surgical Ward,Operating Room/Suite,154
Medical/Surgical Ward,Pulmonary Ward,1
Medical/Surgical Ward,Surgical Ward,27
Medical/Surgical Ward,Medical Cardiac Critical Care,7
Medical/Surgical Ward,Medical Critical Care,2
Medical/Surgical Ward,Neurologic Critical Care,2
Medical/Surgical Ward,Surgical Cardiothoracic Critical Care,24
Medical/Surgical Ward,Surgical Critical Care,3
Medical/Surgical Ward,ONC General Hematology/Oncology Ward,6
Medical/Surgical Ward,Exit,321
Neurology Ward,Emergency Department,14
Neurology Ward,Medical Ward,4
Neurology Ward,Operating Room/Suite,46
Neurology Ward,Surgical Ward,2
Neurology Ward,Medical Critical Care,2
Neurology Ward,Neurologic Critical Care,6
Neurology Ward,Surgical Critical Care,1
Neurology Ward,ONC General Hematology/Oncology Ward,2
Neurology Ward,Exit,190
Neurosurgical Ward,Emergency Department,14
Neurosurgical Ward,Endoscopy Suite,1
Neurosurgical Ward,Medical Ward,5
Neurosurgical Ward,Operating Room/Suite,37
Neurosurgical Ward,Medical Cardiac Critical Care,1
Neurosurgical Ward,Medical Critical Care,1
Neurosurgical Ward,Neurologic Critical Care,6
Neurosurgical Ward,Surgical Critical Care,3
Neurosurgical Ward,ONC General Hematology/Oncology Ward,1
Neurosurgical Ward,Exit,185
Operating Room/Suite,24-Hour Observation Area,145
Operating Room/Suite,Adult Step Down Unit (post-critical care),22
Operating Room/Suite,Emergency Department,1
Operating Room/Suite,Endoscopy Suite,1
Operating Room/Suite,Pediatric Medical Ward,110
Operating Room/Suite,Medical Ward,70
Operating Room/Suite,Medical/Surgical Ward,160
Operating Room/Suite,Neurology Ward,105
Operating Room/Suite,Neurosurgical Ward,61
Operating Room/Suite,Postpartum Ward,1
Operating Room/Suite,Pulmonary Ward,9
Operating Room/Suite,Surgical Ward,386
Operating Room/Suite,"Labor, Delivery, Recovery, Postpartum Suite (LDRP)",1
Operating Room/Suite,Medical Cardiac Critical Care,3
Operating Room/Suite,Medical Critical Care,5
Operating Room/Suite,Neonatal Critical Care (Level III),17
Operating Room/Suite,Neurologic Critical Care,81
Operating Room/Suite,Pediatric Cardiothoracic Critical Care,16
Operating Room/Suite,Pediatric Medical/Surgical Critical Care,34
Operating Room/Suite,Pediatric Step Down Unit (post-critical care),25
Operating Room/Suite,Step down Neonatal Nursery (Level II),1
Operating Room/Suite,Surgical Cardiothoracic Critical Care,197
Operating Room/Suite,Surgical Critical Care,87
Operating Room/Suite,ONC Hematopoietic Stem Cell Transplant Ward,3
Operating Room/Suite,ONC General Hematology/Oncology Ward,165
Operating Room/Suite,ONC Pediatric Hematopoietic Stem Cell Transplant Ward,14
Operating Room/Suite,ONC Pediatric General Hematology/Oncology Ward,36
Operating Room/Suite,Exit,887
Postpartum Ward,Emergency Department,1
Postpartum Ward,Operating Room/Suite,1
Postpartum Ward,"Labor, Delivery, Recovery, Postpartum Suite (LDRP)",40
Postpartum Ward,Neonatal Critical Care (Level III),7
Postpartum Ward,ONC General Hematology/Oncology Ward,1
Postpartum Ward,ONC Pediatric General Hematology/Oncology Ward,2
Postpartum Ward,Exit,482
Pulmonary Ward,Emergency Department,14
Pulmonary Ward,Endoscopy Suite,13
Pulmonary Ward,Medical Ward,10
Pulmonary Ward,Medical/Surgical Ward,1
Pulmonary Ward,Operating Room/Suite,11
Pulmonary Ward,Medical Critical Care,11
Pulmonary Ward,Surgical Cardiothoracic Critical Care,1
Pulmonary Ward,Surgical Critical Care,3
Pulmonary Ward,Exit,106
Surgical Ward,Emergency Department,42
Surgical Ward,Endoscopy Suite,18
Surgical Ward,Pediatric Medical Ward,1
Surgical Ward,Medical Ward,5
Surgical Ward,Medical/Surgical Ward,7
Surgical Ward,Neurology Ward,2
Surgical Ward,Neurosurgical Ward,1
Surgical Ward,Operating Room/Suite,116
Surgical Ward,Medical Critical Care,3
Surgical Ward,Neurologic Critical Care,1
Surgical Ward,Surgical Critical Care,12
Surgical Ward,ONC General Hematology/Oncology Ward,7
Surgical Ward,Exit,584
"Labor, Delivery, Recovery, Postpartum Suite (LDRP)",Operating Room/Suite,1
"Labor, Delivery, Recovery, Postpartum Suite (LDRP)",Postpartum Ward,385
"Labor, Delivery, Recovery, Postpartum Suite (LDRP)",Neonatal Critical Care (Level III),16
"Labor, Delivery, Recovery, Postpartum Suite (LDRP)",Pediatric Cardiothoracic Critical Care,2
"Labor, Delivery, Recovery, Postpartum Suite (LDRP)",ONC General Hematology/Oncology Ward,1
"Labor, Delivery, Recovery, Postpartum Suite (LDRP)",Exit,77
Medical Cardiac Critical Care,Adult Step Down Unit (post-critical care),2
Medical Cardiac Critical Care,Emergency Department,2
Medical Cardiac Critical Care,Medical Ward,71
Medical Cardiac Critical Care,Medical/Surgical Ward,15
Medical Cardiac Critical Care,Operating Room/Suite,16
Medical Cardiac Critical Care,Pulmonary Ward,3
Medical Cardiac Critical Care,Neurologic Critical Care,2
Medical Cardiac Critical Care,Surgical Cardiothoracic Critical Care,2
Medical Cardiac Critical Care,Surgical Critical Care,1
Medical Cardiac Critical Care,ONC General Hematology/Oncology Ward,2
Medical Cardiac Critical Care,Exit,19
Medical Critical Care,Emergency Department,1
Medical Critical Care,Medical Ward,67
Medical Critical Care,Medical/Surgical Ward,1
Medical Critical Care,Neurology Ward,1
Medical Critical Care,Neurosurgical Ward,1
Medical Critical Care,Operating Room/Suite,6
Medical Critical Care,Pulmonary Ward,24
Medical Critical Care,Surgical Ward,2
Medical Critical Care,Medical Cardiac Critical Care,1
Medical Critical Care,Surgical Cardiothoracic Critical Care,2
Medical Critical Care,ONC Hematopoietic Stem Cell Transplant Ward,1
Medical Critical Care,ONC General Hematology/Oncology Ward,11
Medical Critical Care,Exit,29
Neonatal Critical Care (Level III),Operating Room/Suite,16
Neonatal Critical Care (Level III),Postpartum Ward,7
Neonatal Critical Care (Level III),Step down Neonatal Nursery (Level II),31
Neonatal Critical Care (Level III),ONC Pediatric General Hematology/Oncology Ward,1
Neonatal Critical Care (Level III),Exit,41
Neurologic Critical Care,Emergency Department,4
Neurologic Critical Care,Medical Ward,10
Neurologic Critical Care,Medical/Surgical Ward,2
Neurologic Critical Care,Neurology Ward,22
Neurologic Critical Care,Neurosurgical Ward,74
Neurologic Critical Care,Operating Room/Suite,13
Neurologic Critical Care,Pulmonary Ward,1
Neurologic Critical Care,Surgical Ward,1
Neurologic Critical Care,Medical Critical Care,2
Neurologic Critical Care,Surgical Cardiothoracic Critical Care,1
Neurologic Critical Care,Surgical Critical Care,2
Neurologic Critical Care,ONC General Hematology/Oncology Ward,2
Neurologic Critical Care,Exit,43
Pediatric Cardiothoracic Critical Care,Pediatric Medical Ward,13
Pediatric Cardiothoracic Critical Care,Operating Room/Suite,7
Pediatric Cardiothoracic Critical Care,Postpartum Ward,1
Pediatric Cardiothoracic Critical Care,Pediatric Step Down Unit (post-critical care),10
Pediatric Cardiothoracic Critical Care,Exit,14
Pediatric Medical/Surgical Critical Care,Pediatric Medical Ward,24
Pediatric Medical/Surgical Critical Care,Medical Ward,1
Pediatric Medical/Surgical Critical Care,Operating Room/Suite,8
Pediatric Medical/Surgical Critical Care,Pulmonary Ward,1
Pediatric Medical/Surgical Critical Care,Pediatric Cardiothoracic Critical Care,1
Pediatric Medical/Surgical Critical Care,Pediatric Step Down Unit (post-critical care),19
Pediatric Medical/Surgical Critical Care,ONC Pediatric Hematopoietic Stem Cell Transplant Ward,4
Pediatric Medical/Surgical Critical Care,ONC Pediatric General Hematology/Oncology Ward,35
Pediatric Medical/Surgical Critical Care,Exit,19
Pediatric Step Down Unit (post-critical care),Pediatric Medical Ward,21
Pediatric Step Down Unit (post-critical care),Operating Room/Suite,11
Pediatric Step Down Unit (post-critical care),Pediatric Cardiothoracic Critical Care,4
Pediatric Step Down Unit (post-critical care),Pediatric Medical/Surgical Critical Care,11
Pediatric Step Down Unit (post-critical care),ONC Pediatric General Hematology/Oncology Ward,9
Pediatric Step Down Unit (post-critical care),Exit,21
Step down Neonatal Nursery (Level II),Pediatric Medical Ward,1
Step down Neonatal Nursery (Level II),Operating Room/Suite,2
Step down Neonatal Nursery (Level II),Postpartum Ward,1
Step down Neonatal Nursery (Level II),Neonatal Critical Care (Level III),12
Step down Neonatal Nursery (Level II),Exit,17
Surgical Cardiothoracic Critical Care,Adult Step Down Unit (post-critical care),57
Surgical Cardiothoracic Critical Care,Medical/Surgical Ward,148
Surgical Cardiothoracic Critical Care,Operating Room/Suite,29
Surgical Cardiothoracic Critical Care,Medical Cardiac Critical Care,6
Surgical Cardiothoracic Critical Care,Medical Critical Care,1
Surgical Cardiothoracic Critical Care,Surgical Critical Care,1
Surgical Cardiothoracic Critical Care,Exit,14
Surgical Critical Care,Adult Step Down Unit (post-critical care),1
Surgical Critical Care,Emergency Department,4
Surgical Critical Care,Medical Ward,14
Surgical Critical Care,Medical/Surgical Ward,6
Surgical Critical Care,Neurology Ward,6
Surgical Critical Care,Operating Room/Suite,30
Surgical Critical Care,Pulmonary Ward,1
Surgical Critical Care,Surgical Ward,55
Surgical Critical Care,Medical Cardiac Critical Care,2
Surgical Critical Care,Medical Critical Care,2
Surgical Critical Care,Neurologic Critical Care,3
Surgical Critical Care,Surgical Cardiothoracic Critical Care,3
Surgical Critical Care,ONC Hematopoietic Stem Cell Transplant Ward,1
Surgical Critical Care,ONC General Hematology/Oncology Ward,17
Surgical Critical Care,Exit,30
ONC Hematopoietic Stem Cell Transplant Ward,Emergency Department,1
ONC Hematopoietic Stem Cell Transplant Ward,Endoscopy Suite,7
ONC Hematopoietic Stem Cell Transplant Ward,Medical Ward,3
ONC Hematopoietic Stem Cell Transplant Ward,Operating Room/Suite,4
ONC Hematopoietic Stem Cell Transplant Ward,Medical Critical Care,3
ONC Hematopoietic Stem Cell Transplant Ward,ONC General Hematology/Oncology Ward,2
ONC Hematopoietic Stem Cell Transplant Ward,Exit,42
ONC General Hematology/Oncology Ward,Adult Step Down Unit (post-critical care),1
ONC General Hematology/Oncology Ward,Emergency Department,46
ONC General Hematology/Oncology Ward,Endoscopy Suite,29
ONC General Hematology/Oncology Ward,Medical Ward,8
ONC General Hematology/Oncology Ward,Medical/Surgical Ward,1
ONC General Hematology/Oncology Ward,Neurosurgical Ward,1
ONC General Hematology/Oncology Ward,Operating Room/Suite,60
ONC General Hematology/Oncology Ward,Surgical Ward,3
ONC General Hematology/Oncology Ward,Medical Cardiac Critical Care,2
ONC General Hematology/Oncology Ward,Medical Critical Care,12
ONC General Hematology/Oncology Ward,Surgical Critical Care,10
ONC General Hematology/Oncology Ward,Exit,508
ONC Pediatric Hematopoietic Stem Cell Transplant Ward,Operating Room/Suite,11
ONC Pediatric Hematopoietic Stem Cell Transplant Ward,Pediatric Medical/Surgical Critical Care,5
ONC Pediatric Hematopoietic Stem Cell Transplant Ward,ONC Pediatric General Hematology/Oncology Ward,2
ONC Pediatric Hematopoietic Stem Cell Transplant Ward,Exit,22
ONC Pediatric General Hematology/Oncology Ward,Emergency Department,25
ONC Pediatric General Hematology/Oncology Ward,Operating Room/Suite,27
ONC Pediatric General Hematology/Oncology Ward,Pediatric Cardiothoracic Critical Care,1
ONC Pediatric General Hematology/Oncology Ward,Pediatric Medical/Surgical Critical Care,20
ONC Pediatric General Hematology/Oncology Ward,Pediatric Step Down Unit (post-critical care),2
ONC Pediatric General Hematology/Oncology Ward,ONC Pediatric Hematopoietic Stem Cell Transplant Ward,2
ONC Pediatric General Hematology/Oncology Ward,Exit,199
