source,destination,count
Entry,24-Hour Observation Area,88
Entry,Adult Step Down Unit (post-critical care),33
Entry,Ambulatory Surgery Center,623
Entry,Emergency Department,6459
Entry,Endoscopy Suite,21
Entry,Behavioral Health/Psych Ward,37
Entry,Pediatric Medical Ward,56
Entry,Medical Ward,273
Entry,Medical/Surgical Ward,131
Entry,Neurology Ward,55
Entry,Neurosurgical Ward,52
Entry,Operating Room/Suite,1592
Entry,Postpartum Ward,107
Entry,Pulmonary Ward,36
Entry,Surgical Ward,54
Entry,"Labor, Delivery, Recovery, Postpartum Suite (LDRP)",490
Entry,Medical Cardiac Critical Care,36
Entry,Medical Critical Care,19
Entry,Neonatal Critical Care (Level III),40
Entry,Neurologic Critical Care,28
Entry,Pediatric Cardiothoracic Critical Care,8
Entry,Pediatric Medical/Surgical Critical Care,25
Entry,Pediatric Step Down Unit (post-critical care),5
Entry,Surgical Cardiothoracic Critical Care,19
Entry,Surgical Critical Care,11
Entry,ONC Hematopoietic Stem Cell Transplant Ward,28
Entry,ONC General Hematology/Oncology Ward,149
Entry,ONC Pediatric Hematopoietic Stem Cell Transplant Ward,10
Entry,ONC Pediatric General Hematology/Oncology Ward,87
24-Hour Observation Area,Adult Step Down Unit (post-critical care),1
24-Hour Observation Area,Medical Ward,4
24-Hour Observation Area,Operating Room/Suite,6
24-Hour Observation Area,Surgical Ward,6
24-Hour Observation Area,ONC General Hematology/Oncology Ward,2
24-Hour Observation Area,Exit,200
Adult Step Down Unit (post-critical care),Endoscopy Suite,8
Adult Step Down Unit (post-critical care),Medical Ward,1
Adult Step Down Unit (post-critical care),Operating Room/Suite,31
Adult Step Down Unit (post-critical care),Pulmonary Ward,1
Adult Step Down Unit (post-critical care),Medical Cardiac Critical Care,1
Adult Step Down Unit (post-critical care),Surgical Cardiothoracic Critical Care,10
Adult Step Down Unit (post-critical care),Exit,101
Ambulatory Surgery Center,24-Hour Observation Area,1
Ambulatory Surgery Center,Operating Room/Suite,4
Ambulatory Surgery Center,ONC General Hematology/Oncology Ward,1
Ambulatory Surgery Center,Exit,617
Emergency Department,24-Hour Observation Area,1
Emergency Department,Adult Step Down Unit (post-critical care),17
Emergency Department,Endoscopy Suite,7
Emergency Department,Pediatric Medical Ward,77
Emergency Department,Medical Ward,525
Emergency Department,Medical/Surgical Ward,125
Emergency Department,Neurology Ward,72
Emergency Department,Neurosurgical Ward,95
Emergency Department,Operating Room/Suite,99
Emergency Department,Postpartum Ward,1
Emergency Department,Pulmonary Ward,35
Emergency Department,Surgical Ward,218
Emergency Department,"Labor, Delivery, Recovery, Postpartum Suite (LDRP)",3
Emergency Department,Medical Cardiac Critical Care,42
Emergency Department,Medical Critical Care,60
Emergency Department,Neurologic Critical Care,43
Emergency Department,Pediatric Cardiothoracic Critical Care,1
Emergency Department,Pediatric Medical/Surgical Critical Care,28
Emergency Department,Pediatric Step Down Unit (post-critical care),6
Emergency Department,Surgical Cardiothoracic Critical Care,2
Emergency Department,Surgical Critical Care,38
Emergency Department,ONC Hematopoietic Stem Cell Transplant Ward,11
Emergency Department,ONC General Hematology/Oncology Ward,175
Emergency Department,ONC Pediatric Hematopoietic Stem Cell Transplant Ward,3
Emergency Department,ONC Pediatric General Hematology/Oncology Ward,94
Emergency Department,Exit,4723
Endoscopy Suite,Adult Step Down Unit (post-critical care),8
Endoscopy Suite,Emergency Department,6
Endoscopy Suite,Medical Ward,33
Endoscopy Suite,Medical/Surgical Ward,36
Endoscopy Suite,Neurology Ward,3
Endoscopy Suite,Neurosurgical Ward,2
Endoscopy Suite,Operating Room/Suite,2
Endoscopy Suite,Pulmonary Ward,16
Endoscopy Suite,Surgical Ward,12
Endoscopy Suite,Surgical Critical Care,1
Endoscopy Suite,ONC Hematopoietic Stem Cell Transplant Ward,1
Endoscopy Suite,ONC General Hematology/Oncology Ward,20
Endoscopy Suite,Exit,20
Behavioral Health/Psych Ward,Exit,38
Pediatric Medical Ward,Medical Ward,2
Pediatric Medical Ward,Operating Room/Suite,33
Pediatric Medical Ward,Surgical Ward,1
Pediatric Medical Ward,Pediatric Cardiothoracic Critical Care,4
Pediatric Medical Ward,Pediatric Medical/Surgical Critical Care,3
Pediatric Medical Ward,Pediatric Step Down Unit (post-critical care),1
Pediatric Medical Ward,ONC Pediatric General Hematology/Oncology Ward,5
Pediatric Medical Ward,Exit,224
Medical Ward,Emergency Department,2
Medical Ward,Endoscopy Suite,32
Medical Ward,Medical/Surgical Ward,3
Medical Ward,Neurology Ward,1
Medical Ward,Operating Room/Suite,99
Medical Ward,Pulmonary Ward,3
Medical Ward,Surgical Ward,3
Medical Ward,Medical Cardiac Critical Care,42
Medical Ward,Medical Critical Care,16
Medical Ward,Surgical Critical Care,7
Medical Ward,ONC General Hematology/Oncology Ward,18
Medical Ward,Exit,905
Medical/Surgical Ward,Endoscopy Suite,36
Medical/Surgical Ward,Medical Ward,8
Medical/Surgical Ward,Operating Room/Suite,143
Medical/Surgical Ward,Pulmonary Ward,5
Medical/Surgical Ward,Surgical Ward,11
Medical/Surgical Ward,Medical Cardiac Critical Care,4
Medical/Surgical Ward,Medical Critical Care,2
Medical/Surgical Ward,Surgical Cardiothoracic Critical Care,28
Medical/Surgical Ward,Surgical Critical Care,6
Medical/Surgical Ward,ONC General Hematology/Oncology Ward,7
Medical/Surgical Ward,Exit,423
Neurology Ward,Emergency Department,1
Neurology Ward,Endoscopy Suite,3
Neurology Ward,Medical Ward,3
Neurology Ward,Operating Room/Suite,36
Neurology Ward,Medical Cardiac Critical Care,1
Neurology Ward,Medical Critical Care,1
Neurology Ward,Neurologic Critical Care,2
Neurology Ward,Pediatric Medical/Surgical Critical Care,1
Neurology Ward,Surgical Critical Care,2
Neurology Ward,ONC Hematopoietic Stem Cell Transplant Ward,1
Neurology Ward,ONC General Hematology/Oncology Ward,3
Neurology Ward,Exit,199
Neurosurgical Ward,Emergency Department,1
Neurosurgical Ward,Endoscopy Suite,2
Neurosurgical Ward,Neurology Ward,2
Neurosurgical Ward,Operating Room/Suite,73
Neurosurgical Ward,Surgical Ward,1
Neurosurgical Ward,Medical Cardiac Critical Care,1
Neurosurgical Ward,Medical Critical Care,1
Neurosurgical Ward,Neurologic Critical Care,9
Neurosurgical Ward,ONC General Hematology/Oncology Ward,2
Neurosurgical Ward,Exit,213
Operating Room/Suite,24-Hour Observation Area,122
Operating Room/Suite,Adult Step Down Unit (post-critical care),31
Operating Room/Suite,Emergency Department,1
Operating Room/Suite,Endoscopy Suite,1
Operating Room/Suite,Pediatric Medical Ward,78
Operating Room/Suite,Medical Ward,75
Operating Room/Suite,Medical/Surgical Ward,160
Operating Room/Suite,Neurology Ward,83
Operating Room/Suite,Neurosurgical Ward,73
Operating Room/Suite,Postpartum Ward,2
Operating Room/Suite,Pulmonary Ward,5
Operating Room/Suite,Surgical Ward,395
Operating Room/Suite,"Labor, Delivery, Recovery, Postpartum Suite (LDRP)",3
Operating Room/Suite,Medical Cardiac Critical Care,8
Operating Room/Suite,Medical Critical Care,4
Operating Room/Suite,Neonatal Critical Care (Level III),11
Operating Room/Suite,Neurologic Critical Care,96
Operating Room/Suite,Pediatric Cardiothoracic Critical Care,17
Operating Room/Suite,Pediatric Medical/Surgical Critical Care,22
Operating Room/Suite,Pediatric Step Down Unit (post-critical care),15
Operating Room/Suite,Surgical Cardiothoracic Critical Care,187
Operating Room/Suite,Surgical Critical Care,84
Operating Room/Suite,ONC Hematopoietic Stem Cell Transplant Ward,1
Operating Room/Suite,ONC General Hematology/Oncology Ward,159
Operating Room/Suite,ONC Pediatric Hematopoietic Stem Cell Transplant Ward,9
Operating Room/Suite,ONC Pediatric General Hematology/Oncology Ward,19
Operating Room/Suite,Exit,772
Postpartum Ward,Pediatric Medical Ward,1
Postpartum Ward,Neurology Ward,1
Postpartum Ward,"Labor, Delivery, Recovery, Postpartum Suite (LDRP)",15
Postpartum Ward,Neonatal Critical Care (Level III),10
Postpartum Ward,ONC General Hematology/Oncology Ward,3
Postpartum Ward,ONC Pediatric General Hematology/Oncology Ward,4
Postpartum Ward,Exit,510
Pulmonary Ward,Endoscopy Suite,16
Pulmonary Ward,Operating Room/Suite,6
Pulmonary Ward,Medical Cardiac Critical Care,2
Pulmonary Ward,Medical Critical Care,5
Pulmonary Ward,Neurologic Critical Care,1
Pulmonary Ward,Surgical Critical Care,3
Pulmonary Ward,Exit,97
Surgical Ward,Emergency Department,1
Surgical Ward,Endoscopy Suite,14
Surgical Ward,Pediatric Medical Ward,1
Surgical Ward,Medical Ward,6
Surgical Ward,Medical/Surgical Ward,1
Surgical Ward,Neurology Ward,1
Surgical Ward,Operating Room/Suite,120
Surgical Ward,Pulmonary Ward,2
Surgical Ward,Medical Cardiac Critical Care,3
Surgical Ward,Medical Critical Care,1
Surgical Ward,Surgical Critical Care,9
Surgical Ward,ONC General Hematology/Oncology Ward,7
Surgical Ward,Exit,606
"Labor, Delivery, Recovery, Postpartum Suite (LDRP)",Medical/Surgical Ward,1
"Labor, Delivery, Recovery, Postpartum Suite (LDRP)",Neurology Ward,1
"Labor, Delivery, Recovery, Postpartum Suite (LDRP)",Operating Room/Suite,4
"Labor, Delivery, Recovery, Postpartum Suite (LDRP)",Postpartum Ward,425
"Labor, Delivery, Recovery, Postpartum Suite (LDRP)",Medical Cardiac Critical Care,2
"Labor, Delivery, Recovery, Postpartum Suite (LDRP)",Neonatal Critical Care (Level III),21
"Labor, Delivery, Recovery, Postpartum Suite (LDRP)",Pediatric Cardiothoracic Critical Care,1
"Labor, Delivery, Recovery, Postpartum Suite (LDRP)",Surgical Critical Care,2
"Labor, Delivery, Recovery, Postpartum Suite (LDRP)",Exit,60
Medical Cardiac Critical Care,Adult Step Down Unit (post-critical care),2
Medical Cardiac Critical Care,Medical Ward,99
Medical Cardiac Critical Care,Medical/Surgical Ward,4
Medical Cardiac Critical Care,Neurosurgical Ward,1
Medical Cardiac Critical Care,Operating Room/Suite,9
Medical Cardiac Critical Care,Postpartum Ward,1
Medical Cardiac Critical Care,Pulmonary Ward,1
Medical Cardiac Critical Care,"Labor, Delivery, Recovery, Postpartum Suite (LDRP)",1
Medical Cardiac Critical Care,Medical Critical Care,4
Medical Cardiac Critical Care,Surgical Cardiothoracic Critical Care,3
Medical Cardiac Critical Care,ONC General Hematology/Oncology Ward,4
Medical Cardiac Critical Care,Exit,20
Medical Critical Care,Adult Step Down Unit (post-critical care),1
Medical Critical Care,Medical Ward,57
Medical Critical Care,Medical/Surgical Ward,1
Medical Critical Care,Neurology Ward,3
Medical Critical Care,Neurosurgical Ward,2
Medical Critical Care,Operating Room/Suite,2
Medical Critical Care,Pulmonary Ward,20
Medical Critical Care,Surgical Ward,4
Medical Critical Care,ONC General Hematology/Oncology Ward,16
Medical Critical Care,Exit,34
Neonatal Critical Care (Level III),Operating Room/Suite,10
Neonatal Critical Care (Level III),Postpartum Ward,5
Neonatal Critical Care (Level III),"Labor, Delivery, Recovery, Postpartum Suite (LDRP)",3
Neonatal Critical Care (Level III),Pediatric Cardiothoracic Critical Care,1
Neonatal Critical Care (Level III),Step down Neonatal Nursery (Level II),53
Neonatal Critical Care (Level III),ONC Pediatric General Hematology/Oncology Ward,1
Neonatal Critical Care (Level III),Exit,38
Neurologic Critical Care,Medical Ward,13
Neurologic Critical Care,Neurology Ward,22
Neurologic Critical Care,Neurosurgical Ward,74
Neurologic Critical Care,Operating Room/Suite,16
Neurologic Critical Care,Surgical Ward,1
Neurologic Critical Care,Medical Critical Care,1
Neurologic Critical Care,Surgical Critical Care,1
Neurologic Critical Care,ONC Hematopoietic Stem Cell Transplant Ward,1
Neurologic Critical Care,ONC General Hematology/Oncology Ward,4
Neurologic Critical Care,Exit,63
Pediatric Cardiothoracic Critical Care,Pediatric Medical Ward,6
Pediatric Cardiothoracic Critical Care,Medical/Surgical Ward,1
Pediatric Cardiothoracic Critical Care,Operating Room/Suite,5
Pediatric Cardiothoracic Critical Care,Neonatal Critical Care (Level III),1
Pediatric Cardiothoracic Critical Care,Pediatric Medical/Surgical Critical Care,1
Pediatric Cardiothoracic Critical Care,Pediatric Step Down Unit (post-critical care),19
Pediatric Cardiothoracic Critical Care,Exit,6
Pediatric Medical/Surgical Critical Care,Pediatric Medical Ward,27
Pediatric Medical/Surgical Critical Care,Neurology Ward,1
Pediatric Medical/Surgical Critical Care,Operating Room/Suite,6
Pediatric Medical/Surgical Critical Care,Surgical Ward,1
Pediatric Medical/Surgical Critical Care,Neonatal Critical Care (Level III),1
Pediatric Medical/Surgical Critical Care,Pediatric Cardiothoracic Critical Care,2
Pediatric Medical/Surgical Critical Care,Pediatric Step Down Unit (post-critical care),5
Pediatric Medical/Surgical Critical Care,ONC Pediatric Hematopoietic Stem Cell Transplant Ward,4
Pediatric Medical/Surgical Critical Care,ONC Pediatric General Hematology/Oncology Ward,27
Pediatric Medical/Surgical Critical Care,Exit,28
Pediatric Step Down Unit (post-critical care),Pediatric Medical Ward,20
Pediatric Step Down Unit (post-critical care),Operating Room/Suite,7
Pediatric Step Down Unit (post-critical care),Pediatric Cardiothoracic Critical Care,4
Pediatric Step Down Unit (post-critical care),Pediatric Medical/Surgical Critical Care,5
Pediatric Step Down Unit (post-critical care),ONC Pediatric General Hematology/Oncology Ward,3
Pediatric Step Down Unit (post-critical care),Exit,16
Step down Neonatal Nursery (Level II),Operating Room/Suite,1
Step down Neonatal Nursery (Level II),Neonatal Critical Care (Level III),30
Step down Neonatal Nursery (Level II),Exit,22
Surgical Cardiothoracic Critical Care,Adult Step Down Unit (post-critical care),60
Surgical Cardiothoracic Critical Care,Medical Ward,3
Surgical Cardiothoracic Critical Care,Medical/Surgical Ward,160
Surgical Cardiothoracic Critical Care,Operating Room/Suite,17
Surgical Cardiothoracic Critical Care,Pulmonary Ward,1
Surgical Cardiothoracic Critical Care,Medical Cardiac Critical Care,3
Surgical Cardiothoracic Critical Care,Exit,11
Surgical Critical Care,Medical Ward,15
Surgical Critical Care,Medical/Surgical Ward,14
Surgical Critical Care,Neurology Ward,5
Surgical Critical Care,Operating Room/Suite,24
Surgical Critical Care,Postpartum Ward,1
Surgical Critical Care,Pulmonary Ward,2
Surgical Critical Care,Surgical Ward,50
Surgical Critical Care,"Labor, Delivery, Recovery, Postpartum Suite (LDRP)",1
Surgical Critical Care,Medical Critical Care,6
Surgical Critical Care,Neurologic Critical Care,4
Surgical Critical Care,ONC General Hematology/Oncology Ward,22
Surgical Critical Care,Exit,27
ONC Hematopoietic Stem Cell Transplant Ward,Endoscopy Suite,1
ONC Hematopoietic Stem Cell Transplant Ward,Operating Room/Suite,2
ONC Hematopoietic Stem Cell Transplant Ward,ONC General Hematology/Oncology Ward,4
ONC Hematopoietic Stem Cell Transplant Ward,Exit,43
ONC General Hematology/Oncology Ward,Endoscopy Suite,19
ONC General Hematology/Oncology Ward,Medical Ward,6
ONC General Hematology/Oncology Ward,Medical/Surgical Ward,1
ONC General Hematology/Oncology Ward,Operating Room/Suite,59
ONC General Hematology/Oncology Ward,Pulmonary Ward,1
ONC General Hematology/Oncology Ward,"Labor, Delivery, Recovery, Postpartum Suite (LDRP)",1
ONC General Hematology/Oncology Ward,Medical Cardiac Critical Care,1
ONC General Hematology/Oncology Ward,Medical Critical Care,12
ONC General Hematology/Oncology Ward,Neurologic Critical Care,1
ONC General Hematology/Oncology Ward,Surgical Critical Care,8
ONC General Hematology/Oncology Ward,Exit,504
ONC Pediatric Hematopoietic Stem Cell Transplant Ward,Operating Room/Suite,6
ONC Pediatric Hematopoietic Stem Cell Transplant Ward,Pediatric Medical/Surgical Critical Care,2
ONC Pediatric Hematopoietic Stem Cell Transplant Ward,ONC Pediatric General Hematology/Oncology Ward,1
ONC Pediatric Hematopoietic Stem Cell Transplant Ward,Exit,18
ONC Pediatric General Hematology/Oncology Ward,Emergency Department,1
ONC Pediatric General Hematology/Oncology Ward,Medical Ward,1
ONC Pediatric General Hematology/Oncology Ward,Neurology Ward,1
ONC Pediatric General Hematology/Oncology Ward,Operating Room/Suite,16
ONC Pediatric General Hematology/Oncology Ward,Pediatric Medical/Surgical Critical Care,16
ONC Pediatric General Hematology/Oncology Ward,Pediatric Step Down Unit (post-critical care),1
ONC Pediatric General Hematology/Oncology Ward,Exit,205
