source,destination,count
Entry,24-Hour Observation Area,77
Entry,Adult Step Down Unit (post-critical care),33
Entry,Ambulatory Surgery Center,574
Entry,Emergency Department,6597
Entry,Endoscopy Suite,27
Entry,Behavioral Health/Psych Ward,44
Entry,Pediatric Medical Ward,61
Entry,Medical Ward,242
Entry,Medical/Surgical Ward,128
Entry,Neurology Ward,41
Entry,Neurosurgical Ward,32
Entry,Operating Room/Suite,1557
Entry,Postpartum Ward,126
Entry,Pulmonary Ward,34
Entry,Surgical Ward,93
Entry,"Labor, Delivery, Recovery, Postpartum Suite (LDRP)",411
Entry,Medical Cardiac Critical Care,40
Entry,Medical Critical Care,45
Entry,Neonatal Critical Care (Level III),39
Entry,Neurologic Critical Care,26
Entry,Pediatric Cardiothoracic Critical Care,15
Entry,Pediatric Medical/Surgical Critical Care,24
Entry,Pediatric Step Down Unit (post-critical care),2
Entry,Step down Neonatal Nursery (Level II),1
Entry,Surgical Cardiothoracic Critical Care,10
Entry,Surgical Critical Care,7
Entry,ONC Hematopoietic Stem Cell Transplant Ward,32
Entry,ONC General Hematology/Oncology Ward,210
Entry,ONC Pediatric Hematopoietic Stem Cell Transplant Ward,7
Entry,ONC Pediatric General Hematology/Oncology Ward,108
24-Hour Observation Area,Adult Step Down Unit (post-critical care),1
24-Hour Observation Area,Medical Ward,4
24-Hour Observation Area,Medical/Surgical Ward,1
24-Hour Observation Area,Neurology Ward,1
24-Hour Observation Area,Operating Room/Suite,7
24-Hour Observation Area,Surgical Ward,4
24-Hour Observation Area,Medical Cardiac Critical Care,2
24-Hour Observation Area,ONC General Hematology/Oncology Ward,2
24-Hour Observation Area,Exit,186
Adult Step Down Unit (post-critical care),Emergency Department,3
Adult Step Down Unit (post-critical care),Endoscopy Suite,10
Adult Step Down Unit (post-critical care),Medical Ward,3
Adult Step Down Unit (post-critical care),Neurology Ward,1
Adult Step Down Unit (post-critical care),Operating Room/Suite,20
Adult Step Down Unit (post-critical care),Surgical Ward,1
Adult Step Down Unit (post-critical care),Medical Cardiac Critical Care,4
Adult Step Down Unit (post-critical care),Surgical Cardiothoracic Critical Care,6
Adult Step Down Unit (post-critical care),Exit,99
Ambulatory Surgery Center,Operating Room/Suite,1
Ambulatory Surgery Center,Surgical Ward,1
Ambulatory Surgery Center,Exit,573
Emergency Department,Adult Step Down Unit (post-critical care),13
Emergency Department,Endoscopy Suite,6
Emergency Department,Pediatric Medical Ward,68
Emergency Department,Medical Ward,517
Emergency Department,Medical/Surgical Ward,111
Emergency Department,Neurology Ward,68
Emergency Department,Neurosurgical Ward,78
Emergency Department,Operating Room/Suite,83
Emergency Department,Postpartum Ward,1
Emergency Department,Pulmonary Ward,58
Emergency Department,Surgical Ward,178
Emergency Department,"Labor, Delivery, Recovery, Postpartum Suite (LDRP)",2
Emergency Department,Medical Cardiac Critical Care,40
Emergency Department,Medical Critical Care,44
Emergency Department,Neurologic Critical Care,41
Emergency Department,Pediatric Cardiothoracic Critical Care,3
Emergency Department,Pediatric Medical/Surgical Critical Care,27
Emergency Department,Pediatric Step Down Unit (post-critical care),13
Emergency Department,Surgical Critical Care,31
Emergency Department,ONC Hematopoietic Stem Cell Transplant Ward,15
Emergency Department,ONC General Hematology/Oncology Ward,158
Emergency Department,ONC Pediatric Hematopoietic Stem Cell Transplant Ward,1
Emergency Department,ONC Pediatric General Hematology/Oncology Ward,61
Emergency Department,Exit,5192
Endoscopy Suite,Adult Step Down Unit (post-critical care),10
Endoscopy Suite,Emergency Department,6
Endoscopy Suite,Medical Ward,40
Endoscopy Suite,Medical/Surgical Ward,19
Endoscopy Suite,Neurosurgical Ward,1
Endoscopy Suite,Operating Room/Suite,1
Endoscopy Suite,Pulmonary Ward,14
Endoscopy Suite,Surgical Ward,11
Endoscopy Suite,ONC Hematopoietic Stem Cell Transplant Ward,6
Endoscopy Suite,ONC General Hematology/Oncology Ward,7
Endoscopy Suite,Exit,24
Behavioral Health/Psych Ward,Exit,43
Pediatric Medical Ward,Emergency Department,13
Pediatric Medical Ward,Operating Room/Suite,38
Pediatric Medical Ward,Pediatric Cardiothoracic Critical Care,2
Pediatric Medical Ward,Pediatric Medical/Surgical Critical Care,5
Pediatric Medical Ward,Pediatric Step Down Unit (post-critical care),4
Pediatric Medical Ward,ONC Pediatric General Hematology/Oncology Ward,1
Pediatric Medical Ward,Exit,215
Medical Ward,24-Hour Observation Area,1
Medical Ward,Emergency Department,78
Medical Ward,Endoscopy Suite,40
Medical Ward,Medical/Surgical Ward,3
Medical Ward,Neurosurgical Ward,1
Medical Ward,Operating Room/Suite,90
Medical Ward,Pulmonary Ward,6
Medical Ward,Surgical Ward,5
Medical Ward,Medical Cardiac Critical Care,34
Medical Ward,Medical Critical Care,19
Medical Ward,Neurologic Critical Care,2
Medical Ward,Surgical Critical Care,8
Medical Ward,ONC Hematopoietic Stem Cell Transplant Ward,1
Medical Ward,ONC General Hematology/Oncology Ward,15
Medical Ward,Exit,762
Medical/Surgical Ward,Adult Step Down Unit (post-critical care),1
Medical/Surgical Ward,Emergency Department,9
Medical/Surgical Ward,Endoscopy Suite,19
Medical/Surgical Ward,Medical Ward,20
Medical/Surgical Ward,Neurology Ward,3
Medical/Surgical Ward,Operating Room/Suite,121
Medical/Surgical Ward,Surgical Ward,26
Medical/Surgical Ward,Medical Cardiac Critical Care,5
Medical/Surgical Ward,Medical Critical Care,3
Medical/Surgical Ward,Neurologic Critical Care,2
Medical/Surgical Ward,Surgical Cardiothoracic Critical Care,19
Medical/Surgical Ward,Surgical Critical Care,1
Medical/Surgical Ward,ONC General Hematology/Oncology Ward,12
Medical/Surgical Ward,Exit,330
Neurology Ward,Emergency Department,8
Neurology Ward,Medical Ward,2
Neurology Ward,Operating Room/Suite,40
Neurology Ward,Surgical Ward,1
Neurology Ward,Neurologic Critical Care,1
Neurology Ward,ONC General Hematology/Oncology Ward,1
Neurology Ward,Exit,183
Neurosurgical Ward,Emergency Department,12
Neurosurgical Ward,Endoscopy Suite,1
Neurosurgical Ward,Medical Ward,3
Neurosurgical Ward,Operating Room/Suite,44
Neurosurgical Ward,Surgical Ward,2
Neurosurgical Ward,Medical Critical Care,1
Neurosurgical Ward,Neurologic Critical Care,4
Neurosurgical Ward,Exit,170
Operating Room/Suite,24-Hour Observation Area,125
Operating Room/Suite,Adult Step Down Unit (post-critical care),30
Operating Room/Suite,Ambulatory Surgery Center,1
Operating Room/Suite,Pediatric Medical Ward,83
Operating Room/Suite,Medical Ward,68
Operating Room/Suite,Medical/Surgical Ward,144
Operating Room/Suite,Neurology Ward,88
Operating Room/Suite,Neurosurgical Ward,56
Operating Room/Suite,Postpartum Ward,1
Operating Room/Suite,Pulmonary Ward,8
Operating Room/Suite,Surgical Ward,387
Operating Room/Suite,"Labor, Delivery, Recovery, Postpartum Suite (LDRP)",1
Operating Room/Suite,Medical Cardiac Critical Care,7
Operating Room/Suite,Medical Critical Care,4
Operating Room/Suite,Neonatal Critical Care (Level III),8
Operating Room/Suite,Neurologic Critical Care,77
Operating Room/Suite,Pediatric Cardiothoracic Critical Care,18
Operating Room/Suite,Pediatric Medical/Surgical Critical Care,29
Operating Room/Suite,Pediatric Step Down Unit (post-critical care),15
Operating Room/Suite,Surgical Cardiothoracic Critical Care,169
Operating Room/Suite,Surgical Critical Care,83
Operating Room/Suite,ONC General Hematology/Oncology Ward,131
Operating Room/Suite,ONC Pediatric Hematopoietic Stem Cell Transplant Ward,6
Operating Room/Suite,ONC Pediatric General Hematology/Oncology Ward,31
Operating Room/Suite,Exit,737
Postpartum Ward,Pediatric Medical Ward,1
Postpartum Ward,"Labor, Delivery, Recovery, Postpartum Suite (LDRP)",35
Postpartum Ward,Neonatal Critical Care (Level III),10
Postpartum Ward,Neurologic Critical Care,1
Postpartum Ward,ONC Pediatric General Hematology/Oncology Ward,4
Postpartum Ward,Exit,427
Pulmonary Ward,Emergency Department,7
Pulmonary Ward,Endoscopy Suite,13
Pulmonary Ward,Medical Ward,6
Pulmonary Ward,Operating Room/Suite,9
Pulmonary Ward,Medical Critical Care,8
Pulmonary Ward,Surgical Critical Care,1
Pulmonary Ward,ONC General Hematology/Oncology Ward,1
Pulmonary Ward,Exit,93
Surgical Ward,Emergency Department,36
Surgical Ward,Endoscopy Suite,10
Surgical Ward,Medical Ward,5
Surgical Ward,Medical/Surgical Ward,1
Surgical Ward,Neurology Ward,1
Surgical Ward,Operating Room/Suite,110
Surgical Ward,Medical Cardiac Critical Care,1
Surgical Ward,Medical Critical Care,1
Surgical Ward,Neurologic Critical Care,2
Surgical Ward,Surgical Critical Care,22
Surgical Ward,ONC General Hematology/Oncology Ward,10
Surgical Ward,Exit,562
"Labor, Delivery, Recovery, Postpartum Suite (LDRP)",Postpartum Ward,359
"Labor, Delivery, Recovery, Postpartum Suite (LDRP)",Neonatal Critical Care (Level III),25
"Labor, Delivery, Recovery, Postpartum Suite (LDRP)",Pediatric Medical/Surgical Critical Care,1
"Labor, Delivery, Recovery, Postpartum Suite (LDRP)",Exit,67
Medical Cardiac Critical Care,Adult Step Down Unit (post-critical care),6
Medical Cardiac Critical Care,Medical Ward,73
Medical Cardiac Critical Care,Medical/Surgical Ward,13
Medical Cardiac Critical Care,Operating Room/Suite,22
Medical Cardiac Critical Care,Pulmonary Ward,1
Medical Cardiac Critical Care,Medical Critical Care,2
Medical Cardiac Critical Care,Neurologic Critical Care,1
Medical Cardiac Critical Care,Surgical Cardiothoracic Critical Care,1
Medical Cardiac Critical Care,Surgical Critical Care,1
Medical Cardiac Critical Care,ONC General Hematology/Oncology Ward,6
Medical Cardiac Critical Care,Exit,20
Medical Critical Care,Emergency Department,5
Medical Critical Care,Medical Ward,67
Medical Critical Care,Medical/Surgical Ward,2
Medical Critical Care,Operating Room/Suite,5
Medical Critical Care,Pulmonary Ward,18
Medical Critical Care,Medical Cardiac Critical Care,2
Medical Critical Care,Surgical Cardiothoracic Critical Care,3
Medical Critical Care,Surgical Critical Care,1
Medical Critical Care,ONC Hematopoietic Stem Cell Transplant Ward,2
Medical Critical Care,ONC General Hematology/Oncology Ward,5
Medical Critical Care,ONC Pediatric General Hematology/Oncology Ward,1
Medical Critical Care,Exit,32
Neonatal Critical Care (Level III),Pediatric Medical Ward,1
Neonatal Critical Care (Level III),Operating Room/Suite,8
Neonatal Critical Care (Level III),"Labor, Delivery, Recovery, Postpartum Suite (LDRP)",1
Neonatal Critical Care (Level III),Pediatric Cardiothoracic Critical Care,3
Neonatal Critical Care (Level III),Pediatric Medical/Surgical Critical Care,3
Neonatal Critical Care (Level III),Pediatric Step Down Unit (post-critical care),1
Neonatal Critical Care (Level III),Step down Neonatal Nursery (Level II),44
Neonatal Critical Care (Level III),ONC Pediatric General Hematology/Oncology Ward,3
Neonatal Critical Care (Level III),Exit,32
Neurologic Critical Care,Adult Step Down Unit (post-critical care),1
Neurologic Critical Care,Emergency Department,1
Neurologic Critical Care,Medical Ward,4
Neurologic Critical Care,Medical/Surgical Ward,1
Neurologic Critical Care,Neurology Ward,24
Neurologic Critical Care,Neurosurgical Ward,63
Neurologic Critical Care,Operating Room/Suite,6
Neurologic Critical Care,Postpartum Ward,1
Neurologic Critical Care,Surgical Ward,2
Neurologic Critical Care,Medical Critical Care,1
Neurologic Critical Care,ONC General Hematology/Oncology Ward,3
Neurologic Critical Care,Exit,56
Pediatric Cardiothoracic Critical Care,Adult Step Down Unit (post-critical care),1
Pediatric Cardiothoracic Critical Care,Pediatric Medical Ward,9
Pediatric Cardiothoracic Critical Care,Operating Room/Suite,4
Pediatric Cardiothoracic Critical Care,Neonatal Critical Care (Level III),3
Pediatric Cardiothoracic Critical Care,Pediatric Medical/Surgical Critical Care,4
Pediatric Cardiothoracic Critical Care,Pediatric Step Down Unit (post-critical care),17
Pediatric Cardiothoracic Critical Care,ONC Pediatric General Hematology/Oncology Ward,1
Pediatric Cardiothoracic Critical Care,Exit,11
Pediatric Medical/Surgical Critical Care,Pediatric Medical Ward,26
Pediatric Medical/Surgical Critical Care,Operating Room/Suite,9
Pediatric Medical/Surgical Critical Care,"Labor, Delivery, Recovery, Postpartum Suite (LDRP)",1
Pediatric Medical/Surgical Critical Care,Pediatric Cardiothoracic Critical Care,6
Pediatric Medical/Surgical Critical Care,Pediatric Step Down Unit (post-critical care),19
Pediatric Medical/Surgical Critical Care,ONC Pediatric Hematopoietic Stem Cell Transplant Ward,6
Pediatric Medical/Surgical Critical Care,ONC Pediatric General Hematology/Oncology Ward,29
Pediatric Medical/Surgical Critical Care,Exit,17
Pediatric Step Down Unit (post-critical care),Emergency Department,3
Pediatric Step Down Unit (post-critical care),Pediatric Medical Ward,23
Pediatric Step Down Unit (post-critical care),Operating Room/Suite,8
Pediatric Step Down Unit (post-critical care),Neonatal Critical Care (Level III),2
Pediatric Step Down Unit (post-critical care),Pediatric Cardiothoracic Critical Care,2
Pediatric Step Down Unit (post-critical care),Pediatric Medical/Surgical Critical Care,5
Pediatric Step Down Unit (post-critical care),ONC Pediatric General Hematology/Oncology Ward,3
Pediatric Step Down Unit (post-critical care),Exit,26
Step down Neonatal Nursery (Level II),Pediatric Medical Ward,1
Step down Neonatal Nursery (Level II),Operating Room/Suite,1
Step down Neonatal Nursery (Level II),Neonatal Critical Care (Level III),25
Step down Neonatal Nursery (Level II),ONC Pediatric General Hematology/Oncology Ward,2
Step down Neonatal Nursery (Level II),Exit,16
Surgical Cardiothoracic Critical Care,Adult Step Down Unit (post-critical care),45
Surgical Cardiothoracic Critical Care,Medical/Surgical Ward,120
Surgical Cardiothoracic Critical Care,Operating Room/Suite,22
Surgical Cardiothoracic Critical Care,Pulmonary Ward,1
Surgical Cardiothoracic Critical Care,Medical Cardiac Critical Care,7
Surgical Cardiothoracic Critical Care,Surgical Critical Care,2
Surgical Cardiothoracic Critical Care,Exit,9
Surgical Critical Care,Adult Step Down Unit (post-critical care),3
Surgical Critical Care,Emergency Department,1
Surgical Critical Care,Medical Ward,19
Surgical Critical Care,Medical/Surgical Ward,13
Surgical Critical Care,Neurology Ward,5
Surgical Critical Care,Neurosurgical Ward,2
Surgical Critical Care,Operating Room/Suite,24
Surgical Critical Care,Pulmonary Ward,1
Surgical Critical Care,Surgical Ward,49
Surgical Critical Care,Medical Critical Care,3
Surgical Critical Care,Surgical Cardiothoracic Critical Care,2
Surgical Critical Care,ONC General Hematology/Oncology Ward,16
Surgical Critical Care,Exit,26
ONC Hematopoietic Stem Cell Transplant Ward,Emergency Department,2
ONC Hematopoietic Stem Cell Transplant Ward,Endoscopy Suite,6
ONC Hematopoietic Stem Cell Transplant Ward,Medical Ward,4
ONC Hematopoietic Stem Cell Transplant Ward,Pulmonary Ward,1
ONC Hematopoietic Stem Cell Transplant Ward,ONC General Hematology/Oncology Ward,7
ONC Hematopoietic Stem Cell Transplant Ward,Exit,37
ONC General Hematology/Oncology Ward,Emergency Department,28
ONC General Hematology/Oncology Ward,Endoscopy Suite,7
ONC General Hematology/Oncology Ward,Medical Ward,3
ONC General Hematology/Oncology Ward,Neurosurgical Ward,1
ONC General Hematology/Oncology Ward,Operating Room/Suite,53
ONC General Hematology/Oncology Ward,Surgical Ward,3
ONC General Hematology/Oncology Ward,Medical Cardiac Critical Care,8
ONC General Hematology/Oncology Ward,Medical Critical Care,11
ONC General Hematology/Oncology Ward,Neurologic Critical Care,5
ONC General Hematology/Oncology Ward,Surgical Critical Care,6
ONC General Hematology/Oncology Ward,ONC Hematopoietic Stem Cell Transplant Ward,1
ONC General Hematology/Oncology Ward,Exit,449
ONC Pediatric Hematopoietic Stem Cell Transplant Ward,Operating Room/Suite,5
ONC Pediatric Hematopoietic Stem Cell Transplant Ward,Pediatric Cardiothoracic Critical Care,1
ONC Pediatric Hematopoietic Stem Cell Transplant Ward,Pediatric Medical/Surgical Critical Care,4
ONC Pediatric Hematopoietic Stem Cell Transplant Ward,ONC Pediatric General Hematology/Oncology Ward,1
ONC Pediatric Hematopoietic Stem Cell Transplant Ward,Exit,11
ONC Pediatric General Hematology/Oncology Ward,Emergency Department,8
ONC Pediatric General Hematology/Oncology Ward,Pediatric Medical Ward,3
ONC Pediatric General Hematology/Oncology Ward,Medical Ward,1
ONC Pediatric General Hematology/Oncology Ward,Operating Room/Suite,20
ONC Pediatric General Hematology/Oncology Ward,Pediatric Medical/Surgical Critical Care,11
ONC Pediatric General Hematology/Oncology Ward,ONC Pediatric Hematopoietic Stem Cell Transplant Ward,1
ONC Pediatric General Hematology/Oncology Ward,Exit,197
