source,destination,count
Entry,24-Hour Observation Area,94
Entry,Adult Step Down Unit (post-critical care),29
Entry,Ambulatory Surgery Center,609
Entry,Emergency Department,6910
Entry,Endoscopy Suite,26
Entry,Behavioral Health/Psych Ward,52
Entry,Pediatric Medical Ward,50
Entry,Medical Ward,248
Entry,Medical/Surgical Ward,159
Entry,Neurology Ward,50
Entry,Neurosurgical Ward,50
Entry,Operating Room/Suite,1687
Entry,Postpartum Ward,144
Entry,Pulmonary Ward,20
Entry,Surgical Ward,68
Entry,"Labor, Delivery, Recovery, Postpartum Suite (LDRP)",464
Entry,Medical Cardiac Critical Care,47
Entry,Medical Critical Care,40
Entry,Neonatal Critical Care (Level III),48
Entry,Neurologic Critical Care,25
Entry,Pediatric Cardiothoracic Critical Care,15
Entry,Pediatric Medical/Surgical Critical Care,33
Entry,Pediatric Step Down Unit (post-critical care),1
Entry,Surgical Cardiothoracic Critical Care,15
Entry,Surgical Critical Care,8
Entry,ONC Hematopoietic Stem Cell Transplant Ward,26
Entry,ONC General Hematology/Oncology Ward,204
Entry,ONC Pediatric Hematopoietic Stem Cell Transplant Ward,15
Entry,ONC Pediatric General Hematology/Oncology Ward,82
24-Hour Observation Area,Medical Ward,1
24-Hour Observation Area,Medical/Surgical Ward,1
24-Hour Observation Area,Operating Room/Suite,13
24-Hour Observation Area,Surgical Ward,1
24-Hour Observation Area,ONC General Hematology/Oncology Ward,3
24-Hour Observation Area,Exit,210
Adult Step Down Unit (post-critical care),Endoscopy Suite,8
Adult Step Down Unit (post-critical care),Medical Ward,4
Adult Step Down Unit (post-critical care),Medical/Surgical Ward,1
Adult Step Down Unit (post-critical care),Operating Room/Suite,21
Adult Step Down Unit (post-critical care),Pulmonary Ward,1
Adult Step Down Unit (post-critical care),Surgical Ward,2
Adult Step Down Unit (post-critical care),Medical Cardiac Critical Care,4
Adult Step Down Unit (post-critical care),Surgical Cardiothoracic Critical Care,11
Adult Step Down Unit (post-critical care),Exit,88
Ambulatory Surgery Center,Surgical Ward,2
Ambulatory Surgery Center,Exit,607
Emergency Department,Adult Step Down Unit (post-critical care),18
Emergency Department,Endoscopy Suite,8
Emergency Department,Pediatric Medical Ward,60
Emergency Department,Medical Ward,484
Emergency Department,Medical/Surgical Ward,151
Emergency Department,Neurology Ward,111
Emergency Department,Neurosurgical Ward,104
Emergency Department,Operating Room/Suite,99
Emergency Department,Pulmonary Ward,39
Emergency Department,Surgical Ward,197
Emergency Department,"Labor, Delivery, Recovery, Postpartum Suite (LDRP)",4
Emergency Department,Medical Cardiac Critical Care,25
Emergency Department,Medical Critical Care,69
Emergency Department,Neurologic Critical Care,37
Emergency Department,Pediatric Cardiothoracic Critical Care,2
Emergency Department,Pediatric Medical/Surgical Critical Care,35
Emergency Department,Pediatric Step Down Unit (post-critical care),7
Emergency Department,Surgical Cardiothoracic Critical Care,4
Emergency Department,Surgical Critical Care,27
Emergency Department,ONC Hematopoietic Stem Cell Transplant Ward,5
Emergency Department,ONC General Hematology/Oncology Ward,157
Emergency Department,ONC Pediatric General Hematology/Oncology Ward,73
Emergency Department,Exit,5190
Endoscopy Suite,Adult Step Down Unit (post-critical care),8
Endoscopy Suite,Emergency Department,8
Endoscopy Suite,Medical Ward,43
Endoscopy Suite,Medical/Surgical Ward,26
Endoscopy Suite,Neurology Ward,1
Endoscopy Suite,Neurosurgical Ward,2
Endoscopy Suite,Pulmonary Ward,15
Endoscopy Suite,Surgical Ward,13
Endoscopy Suite,Medical Critical Care,1
Endoscopy Suite,ONC Hematopoietic Stem Cell Transplant Ward,2
Endoscopy Suite,ONC General Hematology/Oncology Ward,25
Endoscopy Suite,Exit,26
Behavioral Health/Psych Ward,Exit,52
Pediatric Medical Ward,Operating Room/Suite,39
Pediatric Medical Ward,Pediatric Cardiothoracic Critical Care,1
Pediatric Medical Ward,Pediatric Medical/Surgical Critical Care,9
Pediatric Medical Ward,ONC Pediatric Hematopoietic Stem Cell Transplant Ward,1
Pediatric Medical Ward,Exit,202
Medical Ward,Emergency Department,1
Medical Ward,Endoscopy Suite,42
Medical Ward,Medical/Surgical Ward,1
Medical Ward,Operating Room/Suite,110
Medical Ward,Pulmonary Ward,4
Medical Ward,Surgical Ward,1
Medical Ward,Medical Cardiac Critical Care,37
Medical Ward,Medical Critical Care,25
Medical Ward,Neurologic Critical Care,2
Medical Ward,Surgical Cardiothoracic Critical Care,1
Medical Ward,Surgical Critical Care,8
Medical Ward,ONC General Hematology/Oncology Ward,8
Medical Ward,Exit,861
Medical/Surgical Ward,Endoscopy Suite,25
Medical/Surgical Ward,Medical Ward,26
Medical/Surgical Ward,Operating Room/Suite,138
Medical/Surgical Ward,Pulmonary Ward,2
Medical/Surgical Ward,Surgical Ward,43
Medical/Surgical Ward,Medical Cardiac Critical Care,2
Medical/Surgical Ward,Surgical Cardiothoracic Critical Care,21
Medical/Surgical Ward,Surgical Critical Care,5
Medical/Surgical Ward,ONC General Hematology/Oncology Ward,12
Medical/Surgical Ward,Exit,369
Neurology Ward,Endoscopy Suite,1
Neurology Ward,Operating Room/Suite,26
Neurology Ward,Pulmonary Ward,1
Neurology Ward,Surgical Ward,1
Neurology Ward,Medical Cardiac Critical Care,3
Neurology Ward,Neurologic Critical Care,3
Neurology Ward,ONC General Hematology/Oncology Ward,5
Neurology Ward,Exit,240
Neurosurgical Ward,Emergency Department,1
Neurosurgical Ward,Endoscopy Suite,2
Neurosurgical Ward,Medical Ward,2
Neurosurgical Ward,Operating Room/Suite,62
Neurosurgical Ward,Surgical Ward,3
Neurosurgical Ward,Neurologic Critical Care,10
Neurosurgical Ward,Surgical Critical Care,2
Neurosurgical Ward,ONC General Hematology/Oncology Ward,3
Neurosurgical Ward,Exit,214
Operating Room/Suite,24-Hour Observation Area,144
Operating Room/Suite,Adult Step Down Unit (post-critical care),24
Operating Room/Suite,Endoscopy Suite,1
Operating Room/Suite,Pediatric Medical Ward,88
Operating Room/Suite,Medical Ward,76
Operating Room/Suite,Medical/Surgical Ward,163
Operating Room/Suite,Neurology Ward,95
Operating Room/Suite,Neurosurgical Ward,54
Operating Room/Suite,Pulmonary Ward,10
Operating Room/Suite,Surgical Ward,403
Operating Room/Suite,"Labor, Delivery, Recovery, Postpartum Suite (LDRP)",3
Operating Room/Suite,Medical Cardiac Critical Care,3
Operating Room/Suite,Medical Critical Care,8
Operating Room/Suite,Neonatal Critical Care (Level III),10
Operating Room/Suite,Neurologic Critical Care,97
Operating Room/Suite,Pediatric Cardiothoracic Critical Care,19
Operating Room/Suite,Pediatric Medical/Surgical Critical Care,36
Operating Room/Suite,Pediatric Step Down Unit (post-critical care),14
Operating Room/Suite,Surgical Cardiothoracic Critical Care,189
Operating Room/Suite,Surgical Critical Care,106
Operating Room/Suite,ONC General Hematology/Oncology Ward,153
Operating Room/Suite,ONC Pediatric Hematopoietic Stem Cell Transplant Ward,12
Operating Room/Suite,ONC Pediatric General Hematology/Oncology Ward,32
Operating Room/Suite,Exit,803
Postpartum Ward,"Labor, Delivery, Recovery, Postpartum Suite (LDRP)",22
Postpartum Ward,Neonatal Critical Care (Level III),6
Postpartum Ward,Exit,495
Pulmonary Ward,Emergency Department,1
Pulmonary Ward,Endoscopy Suite,15
Pulmonary Ward,Medical Ward,6
Pulmonary Ward,Operating Room/Suite,8
Pulmonary Ward,Medical Critical Care,5
Pulmonary Ward,Neurologic Critical Care,1
Pulmonary Ward,Surgical Cardiothoracic Critical Care,1
Pulmonary Ward,Surgical Critical Care,2
Pulmonary Ward,ONC General Hematology/Oncology Ward,2
Pulmonary Ward,Exit,72
Surgical Ward,Emergency Department,1
Surgical Ward,Endoscopy Suite,13
Surgical Ward,Medical Ward,5
Surgical Ward,Medical/Surgical Ward,1
Surgical Ward,Neurology Ward,2
Surgical Ward,Operating Room/Suite,113
Surgical Ward,Pulmonary Ward,2
Surgical Ward,Medical Critical Care,1
Surgical Ward,Surgical Critical Care,11
Surgical Ward,ONC General Hematology/Oncology Ward,8
Surgical Ward,Exit,618
"Labor, Delivery, Recovery, Postpartum Suite (LDRP)",Operating Room/Suite,3
"Labor, Delivery, Recovery, Postpartum Suite (LDRP)",Postpartum Ward,379
"Labor, Delivery, Recovery, Postpartum Suite (LDRP)",Neonatal Critical Care (Level III),22
"Labor, Delivery, Recovery, Postpartum Suite (LDRP)",Pediatric Cardiothoracic Critical Care,2
"Labor, Delivery, Recovery, Postpartum Suite (LDRP)",ONC Pediatric Hematopoietic Stem Cell Transplant Ward,1
"Labor, Delivery, Recovery, Postpartum Suite (LDRP)",Exit,87
Medical Cardiac Critical Care,Adult Step Down Unit (post-critical care),5
Medical Cardiac Critical Care,Medical Ward,80
Medical Cardiac Critical Care,Medical/Surgical Ward,5
Medical Cardiac Critical Care,Operating Room/Suite,17
Medical Cardiac Critical Care,Pulmonary Ward,2
Medical Cardiac Critical Care,Medical Critical Care,1
Medical Cardiac Critical Care,Neurologic Critical Care,1
Medical Cardiac Critical Care,Surgical Cardiothoracic Critical Care,2
Medical Cardiac Critical Care,Exit,19
Medical Critical Care,Endoscopy Suite,1
Medical Critical Care,Medical Ward,85
Medical Critical Care,Medical/Surgical Ward,1
Medical Critical Care,Operating Room/Suite,6
Medical Critical Care,Pulmonary Ward,14
Medical Critical Care,Surgical Ward,2
Medical Critical Care,Neurologic Critical Care,2
Medical Critical Care,Surgical Cardiothoracic Critical Care,1
Medical Critical Care,Surgical Critical Care,1
Medical Critical Care,ONC Hematopoietic Stem Cell Transplant Ward,1
Medical Critical Care,ONC General Hematology/Oncology Ward,19
Medical Critical Care,Exit,27
Neonatal Critical Care (Level III),Pediatric Medical Ward,2
Neonatal Critical Care (Level III),Operating Room/Suite,10
Neonatal Critical Care (Level III),Postpartum Ward,4
Neonatal Critical Care (Level III),"Labor, Delivery, Recovery, Postpartum Suite (LDRP)",1
Neonatal Critical Care (Level III),Pediatric Cardiothoracic Critical Care,2
Neonatal Critical Care (Level III),Pediatric Medical/Surgical Critical Care,2
Neonatal Critical Care (Level III),Pediatric Step Down Unit (post-critical care),2
Neonatal Critical Care (Level III),Step down Neonatal Nursery (Level II),28
Neonatal Critical Care (Level III),ONC Pediatric Hematopoietic Stem Cell Transplant Ward,5
Neonatal Critical Care (Level III),ONC Pediatric General Hematology/Oncology Ward,5
Neonatal Critical Care (Level III),Exit,39
Neurologic Critical Care,Adult Step Down Unit (post-critical care),1
Neurologic Critical Care,Medical Ward,3
Neurologic Critical Care,Neurology Ward,17
Neurologic Critical Care,Neurosurgical Ward,91
Neurologic Critical Care,Operating Room/Suite,16
Neurologic Critical Care,Surgical Ward,1
Neurologic Critical Care,Medical Critical Care,1
Neurologic Critical Care,ONC General Hematology/Oncology Ward,1
Neurologic Critical Care,Exit,52
Pediatric Cardiothoracic Critical Care,Pediatric Medical Ward,11
Pediatric Cardiothoracic Critical Care,Medical/Surgical Ward,1
Pediatric Cardiothoracic Critical Care,Operating Room/Suite,7
Pediatric Cardiothoracic Critical Care,Neonatal Critical Care (Level III),1
Pediatric Cardiothoracic Critical Care,Pediatric Medical/Surgical Critical Care,2
Pediatric Cardiothoracic Critical Care,Pediatric Step Down Unit (post-critical care),18
Pediatric Cardiothoracic Critical Care,Exit,3
Pediatric Medical/Surgical Critical Care,Pediatric Medical Ward,24
Pediatric Medical/Surgical Critical Care,Operating Room/Suite,4
Pediatric Medical/Surgical Critical Care,Medical Critical Care,1
Pediatric Medical/Surgical Critical Care,Neonatal Critical Care (Level III),1
Pediatric Medical/Surgical Critical Care,Pediatric Cardiothoracic Critical Care,3
Pediatric Medical/Surgical Critical Care,Pediatric Step Down Unit (post-critical care),15
Pediatric Medical/Surgical Critical Care,ONC General Hematology/Oncology Ward,1
Pediatric Medical/Surgical Critical Care,ONC Pediatric Hematopoietic Stem Cell Transplant Ward,8
Pediatric Medical/Surgical Critical Care,ONC Pediatric General Hematology/Oncology Ward,40
Pediatric Medical/Surgical Critical Care,Exit,33
Pediatric Step Down Unit (post-critical care),Pediatric Medical Ward,16
Pediatric Step Down Unit (post-critical care),Operating Room/Suite,13
Pediatric Step Down Unit (post-critical care),Pediatric Cardiothoracic Critical Care,2
Pediatric Step Down Unit (post-critical care),Pediatric Medical/Surgical Critical Care,4
Pediatric Step Down Unit (post-critical care),ONC Pediatric Hematopoietic Stem Cell Transplant Ward,1
Pediatric Step Down Unit (post-critical care),ONC Pediatric General Hematology/Oncology Ward,5
Pediatric Step Down Unit (post-critical care),Exit,16
Step down Neonatal Nursery (Level II),Neonatal Critical Care (Level III),12
Step down Neonatal Nursery (Level II),Exit,16
Surgical Cardiothoracic Critical Care,Adult Step Down Unit (post-critical care),61
Surgical Cardiothoracic Critical Care,Emergency Department,1
Surgical Cardiothoracic Critical Care,Medical/Surgical Ward,137
Surgical Cardiothoracic Critical Care,Operating Room/Suite,20
Surgical Cardiothoracic Critical Care,Pulmonary Ward,1
Surgical Cardiothoracic Critical Care,Medical Cardiac Critical Care,6
Surgical Cardiothoracic Critical Care,Surgical Critical Care,1
Surgical Cardiothoracic Critical Care,Exit,13
Surgical Critical Care,Emergency Department,1
Surgical Critical Care,Medical Ward,23
Surgical Critical Care,Medical/Surgical Ward,13
Surgical Critical Care,Neurology Ward,4
Surgical Critical Care,Operating Room/Suite,43
Surgical Critical Care,Surgical Ward,35
Surgical Critical Care,Medical Cardiac Critical Care,4
Surgical Critical Care,Medical Critical Care,3
Surgical Critical Care,Neurologic Critical Care,2
Surgical Critical Care,Surgical Cardiothoracic Critical Care,1
Surgical Critical Care,ONC General Hematology/Oncology Ward,18
Surgical Critical Care,Exit,22
ONC Hematopoietic Stem Cell Transplant Ward,Endoscopy Suite,2
ONC Hematopoietic Stem Cell Transplant Ward,Medical Ward,1
ONC Hematopoietic Stem Cell Transplant Ward,Medical Critical Care,1
ONC Hematopoietic Stem Cell Transplant Ward,ONC General Hematology/Oncology Ward,10
ONC Hematopoietic Stem Cell Transplant Ward,Exit,24
ONC General Hematology/Oncology Ward,Endoscopy Suite,25
ONC General Hematology/Oncology Ward,Medical Ward,2
ONC General Hematology/Oncology Ward,Medical/Surgical Ward,2
ONC General Hematology/Oncology Ward,Neurology Ward,1
ONC General Hematology/Oncology Ward,Operating Room/Suite,56
ONC General Hematology/Oncology Ward,Pulmonary Ward,1
ONC General Hematology/Oncology Ward,Surgical Ward,2
ONC General Hematology/Oncology Ward,Medical Cardiac Critical Care,1
ONC General Hematology/Oncology Ward,Medical Critical Care,9
ONC General Hematology/Oncology Ward,Surgical Critical Care,3
ONC General Hematology/Oncology Ward,ONC Hematopoietic Stem Cell Transplant Ward,3
ONC General Hematology/Oncology Ward,Exit,525
ONC Pediatric Hematopoietic Stem Cell Transplant Ward,Pediatric Medical Ward,2
ONC Pediatric Hematopoietic Stem Cell Transplant Ward,Operating Room/Suite,2
ONC Pediatric Hematopoietic Stem Cell Transplant Ward,Pediatric Medical/Surgical Critical Care,1
ONC Pediatric Hematopoietic Stem Cell Transplant Ward,ONC Pediatric General Hematology/Oncology Ward,4
ONC Pediatric Hematopoietic Stem Cell Transplant Ward,Exit,34
ONC Pediatric General Hematology/Oncology Ward,Operating Room/Suite,28
ONC Pediatric General Hematology/Oncology Ward,Postpartum Ward,1
ONC Pediatric General Hematology/Oncology Ward,Pediatric Medical/Surgical Critical Care,6
ONC Pediatric General Hematology/Oncology Ward,ONC Pediatric Hematopoietic Stem Cell Transplant Ward,3
ONC Pediatric General Hematology/Oncology Ward,Exit,201
