source,destination,count
Entry,24-Hour Observation Area,85
Entry,Adult Step Down Unit (post-critical care),24
Entry,Ambulatory Surgery Center,547
Entry,Emergency Department,6635
Entry,Endoscopy Suite,22
Entry,Behavioral Health/Psych Ward,52
Entry,Pediatric Medical Ward,63
Entry,Medical Ward,265
Entry,Medical/Surgical Ward,129
Entry,Neurology Ward,45
Entry,Neurosurgical Ward,60
Entry,Operating Room/Suite,1537
Entry,Postpartum Ward,123
Entry,Pulmonary Ward,39
Entry,Surgical Ward,100
Entry,"Labor, Delivery, Recovery, Postpartum Suite (LDRP)",394
Entry,Medical Cardiac Critical Care,54
Entry,Medical Critical Care,38
Entry,Neonatal Critical Care (Level III),39
Entry,Neurologic Critical Care,28
Entry,Pediatric Cardiothoracic Critical Care,16
Entry,Pediatric Medical/Surgical Critical Care,20
Entry,Pediatric Step Down Unit (post-critical care),9
Entry,Surgical Cardiothoracic Critical Care,18
Entry,Surgical Critical Care,9
Entry,ONC Hematopoietic Stem Cell Transplant Ward,35
Entry,ONC General Hematology/Oncology Ward,226
Entry,ONC Pediatric Hematopoietic Stem Cell Transplant Ward,6
Entry,ONC Pediatric General Hematology/Oncology Ward,100
24-Hour Observation Area,Pediatric Medical Ward,1
24-Hour Observation Area,Medical Ward,7
24-Hour Observation Area,Medical/Surgical Ward,2
24-Hour Observation Area,Neurosurgical Ward,1
24-Hour Observation Area,Operating Room/Suite,6
24-Hour Observation Area,Surgical Ward,2
24-Hour Observation Area,Medical Cardiac Critical Care,2
24-Hour Observation Area,ONC General Hematology/Oncology Ward,4
24-Hour Observation Area,Exit,178
Adult Step Down Unit (post-critical care),Emergency Department,4
Adult Step Down Unit (post-critical care),Endoscopy Suite,5
Adult Step Down Unit (post-critical care),Medical/Surgical Ward,1
Adult Step Down Unit (post-critical care),Operating Room/Suite,22
Adult Step Down Unit (post-critical care),Surgical Ward,1
Adult Step Down Unit (post-critical care),Medical Cardiac Critical Care,1
Adult Step Down Unit (post-critical care),Surgical Cardiothoracic Critical Care,10
Adult Step Down Unit (post-critical care),ONC General Hematology/Oncology Ward,1
Adult Step Down Unit (post-critical care),Exit,77
Ambulatory Surgery Center,24-Hour Observation Area,4
Ambulatory Surgery Center,Neurosurgical Ward,1
Ambulatory Surgery Center,Operating Room/Suite,1
Ambulatory Surgery Center,Surgical Ward,2
Ambulatory Surgery Center,Surgical Critical Care,1
Ambulatory Surgery Center,ONC General Hematology/Oncology Ward,2
Ambulatory Surgery Center,Exit,536
Emergency Department,Adult Step Down Unit (post-critical care),21
Emergency Department,Endoscopy Suite,8
Emergency Department,Pediatric Medical Ward,80
Emergency Department,Medical Ward,476
Emergency Department,Medical/Surgical Ward,109
Emergency Department,Neurology Ward,63
Emergency Department,Neurosurgical Ward,85
Emergency Department,Operating Room/Suite,87
Emergency Department,Pulmonary Ward,52
Emergency Department,Surgical Ward,140
Emergency Department,"Labor, Delivery, Recovery, Postpartum Suite (LDRP)",2
Emergency Department,Medical Cardiac Critical Care,47
Emergency Department,Medical Critical Care,48
Emergency Department,Neurologic Critical Care,35
Emergency Department,Pediatric Cardiothoracic Critical Care,2
Emergency Department,Pediatric Medical/Surgical Critical Care,17
Emergency Department,Pediatric Step Down Unit (post-critical care),5
Emergency Department,Surgical Cardiothoracic Critical Care,4
Emergency Department,Surgical Critical Care,22
Emergency Department,ONC Hematopoietic Stem Cell Transplant Ward,12
Emergency Department,ONC General Hematology/Oncology Ward,209
Emergency Department,ONC Pediatric Hematopoietic Stem Cell Transplant Ward,1
Emergency Department,ONC Pediatric General Hematology/Oncology Ward,77
Emergency Department,Exit,5300
Endoscopy Suite,Adult Step Down Unit (post-critical care),4
Endoscopy Suite,Emergency Department,8
Endoscopy Suite,Medical Ward,45
Endoscopy Suite,Medical/Surgical Ward,15
Endoscopy Suite,Neurology Ward,5
Endoscopy Suite,Pulmonary Ward,11
Endoscopy Suite,Surgical Ward,11
Endoscopy Suite,Medical Critical Care,1
Endoscopy Suite,ONC Hematopoietic Stem Cell Transplant Ward,6
Endoscopy Suite,ONC General Hematology/Oncology Ward,16
Endoscopy Suite,Exit,22
Behavioral Health/Psych Ward,Exit,53
Pediatric Medical Ward,Emergency Department,15
Pediatric Medical Ward,Medical Ward,1
Pediatric Medical Ward,Operating Room/Suite,52
Pediatric Medical Ward,Neonatal Critical Care (Level III),1
Pediatric Medical Ward,Pediatric Cardiothoracic Critical Care,6
Pediatric Medical Ward,Pediatric Medical/Surgical Critical Care,7
Pediatric Medical Ward,Pediatric Step Down Unit (post-critical care),4
Pediatric Medical Ward,Exit,227
Medical Ward,Emergency Department,82
Medical Ward,Endoscopy Suite,44
Medical Ward,Medical/Surgical Ward,2
Medical Ward,Neurology Ward,2
Medical Ward,Neurosurgical Ward,1
Medical Ward,Operating Room/Suite,103
Medical Ward,Postpartum Ward,1
Medical Ward,Pulmonary Ward,4
Medical Ward,Surgical Ward,2
Medical Ward,"Labor, Delivery, Recovery, Postpartum Suite (LDRP)",1
Medical Ward,Medical Cardiac Critical Care,48
Medical Ward,Medical Critical Care,29
Medical Ward,Neurologic Critical Care,4
Medical Ward,Surgical Cardiothoracic Critical Care,3
Medical Ward,Surgical Critical Care,5
Medical Ward,ONC General Hematology/Oncology Ward,12
Medical Ward,Exit,761
Medical/Surgical Ward,Adult Step Down Unit (post-critical care),2
Medical/Surgical Ward,Emergency Department,16
Medical/Surgical Ward,Endoscopy Suite,15
Medical/Surgical Ward,Medical Ward,11
Medical/Surgical Ward,Neurology Ward,3
Medical/Surgical Ward,Operating Room/Suite,122
Medical/Surgical Ward,Pulmonary Ward,3
Medical/Surgical Ward,Surgical Ward,30
Medical/Surgical Ward,Medical Cardiac Critical Care,4
Medical/Surgical Ward,Medical Critical Care,3
Medical/Surgical Ward,Surgical Cardiothoracic Critical Care,24
Medical/Surgical Ward,Surgical Critical Care,3
Medical/Surgical Ward,ONC General Hematology/Oncology Ward,14
Medical/Surgical Ward,Exit,294
Neurology Ward,Emergency Department,17
Neurology Ward,Endoscopy Suite,4
Neurology Ward,Medical Ward,7
Neurology Ward,Medical/Surgical Ward,1
Neurology Ward,Operating Room/Suite,20
Neurology Ward,Pulmonary Ward,1
Neurology Ward,Medical Critical Care,1
Neurology Ward,Neurologic Critical Care,3
Neurology Ward,Surgical Critical Care,2
Neurology Ward,ONC General Hematology/Oncology Ward,2
Neurology Ward,Exit,181
Neurosurgical Ward,Emergency Department,13
Neurosurgical Ward,Medical Ward,3
Neurosurgical Ward,Neurology Ward,1
Neurosurgical Ward,Operating Room/Suite,52
Neurosurgical Ward,Surgical Ward,3
Neurosurgical Ward,Medical Critical Care,2
Neurosurgical Ward,Neurologic Critical Care,18
Neurosurgical Ward,Surgical Critical Care,2
Neurosurgical Ward,ONC General Hematology/Oncology Ward,3
Neurosurgical Ward,Exit,181
Operating Room/Suite,24-Hour Observation Area,120
Operating Room/Suite,Adult Step Down Unit (post-critical care),16
Operating Room/Suite,Emergency Department,2
Operating Room/Suite,Endoscopy Suite,1
Operating Room/Suite,Pediatric Medical Ward,105
Operating Room/Suite,Medical Ward,70
Operating Room/Suite,Medical/Surgical Ward,129
Operating Room/Suite,Neurology Ward,91
Operating Room/Suite,Neurosurgical Ward,50
Operating Room/Suite,Postpartum Ward,2
Operating Room/Suite,Pulmonary Ward,11
Operating Room/Suite,Surgical Ward,387
Operating Room/Suite,Medical Cardiac Critical Care,5
Operating Room/Suite,Medical Critical Care,13
Operating Room/Suite,Neonatal Critical Care (Level III),9
Operating Room/Suite,Neurologic Critical Care,78
Operating Room/Suite,Pediatric Cardiothoracic Critical Care,14
Operating Room/Suite,Pediatric Medical/Surgical Critical Care,29
Operating Room/Suite,Pediatric Step Down Unit (post-critical care),17
Operating Room/Suite,Surgical Cardiothoracic Critical Care,191
Operating Room/Suite,Surgical Critical Care,75
Operating Room/Suite,ONC Hematopoietic Stem Cell Transplant Ward,5
Operating Room/Suite,ONC General Hematology/Oncology Ward,147
Operating Room/Suite,ONC Pediatric Hematopoietic Stem Cell Transplant Ward,5
Operating Room/Suite,ONC Pediatric General Hematology/Oncology Ward,24
Operating Room/Suite,Exit,750
Postpartum Ward,Pediatric Medical Ward,1
Postpartum Ward,Medical Ward,1
Postpartum Ward,"Labor, Delivery, Recovery, Postpartum Suite (LDRP)",74
Postpartum Ward,Neonatal Critical Care (Level III),7
Postpartum Ward,ONC General Hematology/Oncology Ward,2
Postpartum Ward,Exit,407
Pulmonary Ward,Emergency Department,10
Pulmonary Ward,Endoscopy Suite,11
Pulmonary Ward,Medical Ward,7
Pulmonary Ward,Medical/Surgical Ward,1
Pulmonary Ward,Operating Room/Suite,14
Pulmonary Ward,Medical Critical Care,12
Pulmonary Ward,Neurologic Critical Care,1
Pulmonary Ward,Surgical Critical Care,3
Pulmonary Ward,Exit,92
Surgical Ward,Adult Step Down Unit (post-critical care),1
Surgical Ward,Emergency Department,41
Surgical Ward,Endoscopy Suite,12
Surgical Ward,Medical Ward,12
Surgical Ward,Medical/Surgical Ward,4
Surgical Ward,Neurology Ward,1
Surgical Ward,Operating Room/Suite,134
Surgical Ward,Medical Cardiac Critical Care,2
Surgical Ward,Medical Critical Care,2
Surgical Ward,Surgical Cardiothoracic Critical Care,1
Surgical Ward,Surgical Critical Care,26
Surgical Ward,ONC General Hematology/Oncology Ward,3
Surgical Ward,Exit,498
"Labor, Delivery, Recovery, Postpartum Suite (LDRP)",Pediatric Medical Ward,1
"Labor, Delivery, Recovery, Postpartum Suite (LDRP)",Operating Room/Suite,1
"Labor, Delivery, Recovery, Postpartum Suite (LDRP)",Postpartum Ward,356
"Labor, Delivery, Recovery, Postpartum Suite (LDRP)",Neonatal Critical Care (Level III),20
"Labor, Delivery, Recovery, Postpartum Suite (LDRP)",Pediatric Cardiothoracic Critical Care,1
"Labor, Delivery, Recovery, Postpartum Suite (LDRP)",ONC General Hematology/Oncology Ward,2
"Labor, Delivery, Recovery, Postpartum Suite (LDRP)",Exit,99
Medical Cardiac Critical Care,24-Hour Observation Area,1
Medical Cardiac Critical Care,Adult Step Down Unit (post-critical care),2
Medical Cardiac Critical Care,Medical Ward,98
Medical Cardiac Critical Care,Medical/Surgical Ward,5
Medical Cardiac Critical Care,Operating Room/Suite,11
Medical Cardiac Critical Care,Pulmonary Ward,1
Medical Cardiac Critical Care,Surgical Ward,1
Medical Cardiac Critical Care,Surgical Cardiothoracic Critical Care,7
Medical Cardiac Critical Care,ONC Hematopoietic Stem Cell Transplant Ward,1
Medical Cardiac Critical Care,ONC General Hematology/Oncology Ward,1
Medical Cardiac Critical Care,Exit,40
Medical Critical Care,Emergency Department,3
Medical Critical Care,Endoscopy Suite,1
Medical Critical Care,Medical Ward,67
Medical Critical Care,Medical/Surgical Ward,1
Medical Critical Care,Neurology Ward,1
Medical Critical Care,Neurosurgical Ward,2
Medical Critical Care,Operating Room/Suite,11
Medical Critical Care,Pulmonary Ward,20
Medical Critical Care,Surgical Ward,1
Medical Critical Care,Medical Cardiac Critical Care,1
Medical Critical Care,Neurologic Critical Care,1
Medical Critical Care,Surgical Cardiothoracic Critical Care,1
Medical Critical Care,ONC Hematopoietic Stem Cell Transplant Ward,5
Medical Critical Care,ONC General Hematology/Oncology Ward,13
Medical Critical Care,Exit,50
Neonatal Critical Care (Level III),Pediatric Medical Ward,2
Neonatal Critical Care (Level III),Operating Room/Suite,8
Neonatal Critical Care (Level III),"Labor, Delivery, Recovery, Postpartum Suite (LDRP)",7
Neonatal Critical Care (Level III),Pediatric Cardiothoracic Critical Care,2
Neonatal Critical Care (Level III),Pediatric Medical/Surgical Critical Care,2
Neonatal Critical Care (Level III),Step down Neonatal Nursery (Level II),24
Neonatal Critical Care (Level III),Exit,51
Neurologic Critical Care,Emergency Department,2
Neurologic Critical Care,Endoscopy Suite,1
Neurologic Critical Care,Medical Ward,8
Neurologic Critical Care,Neurology Ward,18
Neurologic Critical Care,Neurosurgical Ward,73
Neurologic Critical Care,Operating Room/Suite,6
Neurologic Critical Care,Medical Critical Care,4
Neurologic Critical Care,Pediatric Step Down Unit (post-critical care),1
Neurologic Critical Care,ONC General Hematology/Oncology Ward,2
Neurologic Critical Care,Exit,53
Pediatric Cardiothoracic Critical Care,Emergency Department,1
Pediatric Cardiothoracic Critical Care,Pediatric Medical Ward,13
Pediatric Cardiothoracic Critical Care,Operating Room/Suite,7
Pediatric Cardiothoracic Critical Care,Neonatal Critical Care (Level III),2
Pediatric Cardiothoracic Critical Care,Pediatric Medical/Surgical Critical Care,1
Pediatric Cardiothoracic Critical Care,Pediatric Step Down Unit (post-critical care),10
Pediatric Cardiothoracic Critical Care,ONC Pediatric General Hematology/Oncology Ward,1
Pediatric Cardiothoracic Critical Care,Exit,8
Pediatric Medical/Surgical Critical Care,Emergency Department,1
Pediatric Medical/Surgical Critical Care,Pediatric Medical Ward,33
Pediatric Medical/Surgical Critical Care,Operating Room/Suite,5
Pediatric Medical/Surgical Critical Care,Neonatal Critical Care (Level III),1
Pediatric Medical/Surgical Critical Care,Pediatric Cardiothoracic Critical Care,1
Pediatric Medical/Surgical Critical Care,Pediatric Step Down Unit (post-critical care),16
Pediatric Medical/Surgical Critical Care,ONC Pediatric Hematopoietic Stem Cell Transplant Ward,7
Pediatric Medical/Surgical Critical Care,ONC Pediatric General Hematology/Oncology Ward,27
Pediatric Medical/Surgical Critical Care,Exit,14
Pediatric Step Down Unit (post-critical care),Emergency Department,1
Pediatric Step Down Unit (post-critical care),Pediatric Medical Ward,15
Pediatric Step Down Unit (post-critical care),Operating Room/Suite,7
Pediatric Step Down Unit (post-critical care),Pediatric Cardiothoracic Critical Care,5
Pediatric Step Down Unit (post-critical care),Pediatric Medical/Surgical Critical Care,10
Pediatric Step Down Unit (post-critical care),ONC Pediatric General Hematology/Oncology Ward,6
Pediatric Step Down Unit (post-critical care),Exit,21
Step down Neonatal Nursery (Level II),Operating Room/Suite,1
Step down Neonatal Nursery (Level II),Neonatal Critical Care (Level III),11
Step down Neonatal Nursery (Level II),Exit,14
Surgical Cardiothoracic Critical Care,Adult Step Down Unit (post-critical care),52
Surgical Cardiothoracic Critical Care,Medical Ward,2
Surgical Cardiothoracic Critical Care,Medical/Surgical Ward,145
Surgical Cardiothoracic Critical Care,Operating Room/Suite,29
Surgical Cardiothoracic Critical Care,Medical Cardiac Critical Care,6
Surgical Cardiothoracic Critical Care,Medical Critical Care,2
Surgical Cardiothoracic Critical Care,Neurologic Critical Care,1
Surgical Cardiothoracic Critical Care,Surgical Critical Care,2
Surgical Cardiothoracic Critical Care,ONC General Hematology/Oncology Ward,1
Surgical Cardiothoracic Critical Care,Exit,19
Surgical Critical Care,Adult Step Down Unit (post-critical care),1
Surgical Critical Care,Emergency Department,2
Surgical Critical Care,Medical Ward,17
Surgical Critical Care,Medical/Surgical Ward,16
Surgical Critical Care,Neurology Ward,5
Surgical Critical Care,Neurosurgical Ward,2
Surgical Critical Care,Operating Room/Suite,16
Surgical Critical Care,Pulmonary Ward,2
Surgical Critical Care,Surgical Ward,52
Surgical Critical Care,Medical Critical Care,6
Surgical Critical Care,Neurologic Critical Care,3
Surgical Critical Care,Surgical Cardiothoracic Critical Care,1
Surgical Critical Care,ONC General Hematology/Oncology Ward,11
Surgical Critical Care,Exit,27
ONC Hematopoietic Stem Cell Transplant Ward,Emergency Department,1
ONC Hematopoietic Stem Cell Transplant Ward,Endoscopy Suite,6
ONC Hematopoietic Stem Cell Transplant Ward,Medical Ward,3
ONC Hematopoietic Stem Cell Transplant Ward,Operating Room/Suite,6
ONC Hematopoietic Stem Cell Transplant Ward,Medical Cardiac Critical Care,1
ONC Hematopoietic Stem Cell Transplant Ward,Medical Critical Care,4
ONC Hematopoietic Stem Cell Transplant Ward,Neurologic Critical Care,1
ONC Hematopoietic Stem Cell Transplant Ward,ONC General Hematology/Oncology Ward,4
ONC Hematopoietic Stem Cell Transplant Ward,ONC Pediatric Hematopoietic Stem Cell Transplant Ward,1
ONC Hematopoietic Stem Cell Transplant Ward,Exit,38
ONC General Hematology/Oncology Ward,Emergency Department,44
ONC General Hematology/Oncology Ward,Endoscopy Suite,16
ONC General Hematology/Oncology Ward,Medical Ward,3
ONC General Hematology/Oncology Ward,Medical/Surgical Ward,1
ONC General Hematology/Oncology Ward,Neurology Ward,1
ONC General Hematology/Oncology Ward,Neurosurgical Ward,1
ONC General Hematology/Oncology Ward,Operating Room/Suite,71
ONC General Hematology/Oncology Ward,Postpartum Ward,2
ONC General Hematology/Oncology Ward,Pulmonary Ward,1
ONC General Hematology/Oncology Ward,Surgical Ward,3
ONC General Hematology/Oncology Ward,Medical Cardiac Critical Care,1
ONC General Hematology/Oncology Ward,Medical Critical Care,11
ONC General Hematology/Oncology Ward,Neurologic Critical Care,1
ONC General Hematology/Oncology Ward,Surgical Critical Care,5
ONC General Hematology/Oncology Ward,ONC Hematopoietic Stem Cell Transplant Ward,1
ONC General Hematology/Oncology Ward,Exit,513
ONC Pediatric Hematopoietic Stem Cell Transplant Ward,Operating Room/Suite,4
ONC Pediatric Hematopoietic Stem Cell Transplant Ward,Pediatric Medical/Surgical Critical Care,5
ONC Pediatric Hematopoietic Stem Cell Transplant Ward,Exit,15
ONC Pediatric General Hematology/Oncology Ward,Emergency Department,10
ONC Pediatric General Hematology/Oncology Ward,Pediatric Medical Ward,1
ONC Pediatric General Hematology/Oncology Ward,Operating Room/Suite,13
ONC Pediatric General Hematology/Oncology Ward,Pediatric Medical/Surgical Critical Care,13
ONC Pediatric General Hematology/Oncology Ward,Pediatric Step Down Unit (post-critical care),2
ONC Pediatric General Hematology/Oncology Ward,Exit,198
