source,destination,count
Entry,24-Hour Observation Area,118
Entry,Adult Step Down Unit (post-critical care),32
Entry,Ambulatory Surgery Center,547
Entry,Emergency Department,5743
Entry,Endoscopy Suite,4
Entry,Behavioral Health/Psych Ward,33
Entry,Pediatric Medical Ward,50
Entry,Medical Ward,235
Entry,Medical/Surgical Ward,121
Entry,Neurology Ward,43
Entry,Neurosurgical Ward,26
Entry,Operating Room/Suite,1621
Entry,Postpartum Ward,156
Entry,Pulmonary Ward,29
Entry,Surgical Ward,51
Entry,"Labor, Delivery, Recovery, Postpartum Suite (LDRP)",481
Entry,Medical Cardiac Critical Care,25
Entry,Medical Critical Care,22
Entry,Neurologic Critical Care,15
Entry,Pediatric Cardiothoracic Critical Care,20
Entry,Pediatric Medical/Surgical Critical Care,18
Entry,Pediatric Step Down Unit (post-critical care),18
Entry,Surgical Cardiothoracic Critical Care,13
Entry,Surgical Critical Care,4
Entry,ONC Hematopoietic Stem Cell Transplant Ward,26
Entry,ONC General Hematology/Oncology Ward,151
Entry,ONC Pediatric Hematopoietic Stem Cell Transplant Ward,6
Entry,ONC Pediatric General Hematology/Oncology Ward,79
Entry,Adult Mixed Acuity Unit,3
Entry,Neonatal Critical Care (Level IV),48
24-Hour Observation Area,Medical Ward,8
24-Hour Observation Area,Medical/Surgical Ward,8
24-Hour Observation Area,Neurology Ward,1
24-Hour Observation Area,Operating Room/Suite,17
24-Hour Observation Area,Surgical Ward,19
24-Hour Observation Area,Surgical Critical Care,1
24-Hour Observation Area,ONC General Hematology/Oncology Ward,9
24-Hour Observation Area,Exit,317
Adult Step Down Unit (post-critical care),Endoscopy Suite,5
Adult Step Down Unit (post-critical care),Medical Ward,2
Adult Step Down Unit (post-critical care),Operating Room/Suite,34
Adult Step Down Unit (post-critical care),Pulmonary Ward,1
Adult Step Down Unit (post-critical care),Surgical Ward,2
Adult Step Down Unit (post-critical care),Surgical Cardiothoracic Critical Care,8
Adult Step Down Unit (post-critical care),ONC General Hematology/Oncology Ward,4
Adult Step Down Unit (post-critical care),Exit,78
Ambulatory Surgery Center,Surgical Ward,1
Ambulatory Surgery Center,Exit,547
Emergency Department,24-Hour Observation Area,1
Emergency Department,Adult Step Down Unit (post-critical care),26
Emergency Department,Endoscopy Suite,6
Emergency Department,Pediatric Medical Ward,75
Emergency Department,Medical Ward,486
Emergency Department,Medical/Surgical Ward,149
Emergency Department,Neurology Ward,56
Emergency Department,Neurosurgical Ward,50
Emergency Department,Operating Room/Suite,125
Emergency Department,Postpartum Ward,1
Emergency Department,Pulmonary Ward,53
Emergency Department,Surgical Ward,188
Emergency Department,"Labor, Delivery, Recovery, Postpartum Suite (LDRP)",2
Emergency Department,Medical Cardiac Critical Care,40
Emergency Department,Medical Critical Care,51
Emergency Department,Neurologic Critical Care,64
Emergency Department,Pediatric Cardiothoracic Critical Care,2
Emergency Department,Pediatric Medical/Surgical Critical Care,31
Emergency Department,Pediatric Step Down Unit (post-critical care),11
Emergency Department,Surgical Cardiothoracic Critical Care,10
Emergency Department,Surgical Critical Care,40
Emergency Department,ONC Hematopoietic Stem Cell Transplant Ward,5
Emergency Department,ONC General Hematology/Oncology Ward,203
Emergency Department,ONC Pediatric Hematopoietic Stem Cell Transplant Ward,1
Emergency Department,ONC Pediatric General Hematology/Oncology Ward,81
Emergency Department,Adult Mixed Acuity Unit,22
Emergency Department,Exit,3961
Endoscopy Suite,Adult Step Down Unit (post-critical care),5
Endoscopy Suite,Emergency Department,6
Endoscopy Suite,Pediatric Medical Ward,1
Endoscopy Suite,Medical Ward,54
Endoscopy Suite,Medical/Surgical Ward,27
Endoscopy Suite,Neurology Ward,4
Endoscopy Suite,Pulmonary Ward,14
Endoscopy Suite,Surgical Ward,11
Endoscopy Suite,ONC Hematopoietic Stem Cell Transplant Ward,4
Endoscopy Suite,ONC General Hematology/Oncology Ward,26
Endoscopy Suite,Exit,4
Behavioral Health/Psych Ward,Exit,33
Pediatric Medical Ward,Endoscopy Suite,1
Pediatric Medical Ward,Operating Room/Suite,61
Pediatric Medical Ward,Pediatric Cardiothoracic Critical Care,1
Pediatric Medical Ward,Pediatric Medical/Surgical Critical Care,17
Pediatric Medical Ward,ONC Pediatric General Hematology/Oncology Ward,1
Pediatric Medical Ward,Exit,220
Medical Ward,Adult Step Down Unit (post-critical care),2
Medical Ward,Endoscopy Suite,54
Medical Ward,Operating Room/Suite,102
Medical Ward,Pulmonary Ward,5
Medical Ward,Surgical Ward,2
Medical Ward,Medical Cardiac Critical Care,29
Medical Ward,Medical Critical Care,13
Medical Ward,Neurologic Critical Care,6
Medical Ward,Surgical Cardiothoracic Critical Care,1
Medical Ward,Surgical Critical Care,9
Medical Ward,ONC General Hematology/Oncology Ward,6
Medical Ward,Adult Mixed Acuity Unit,1
Medical Ward,Exit,823
Medical/Surgical Ward,Endoscopy Suite,27
Medical/Surgical Ward,Medical Ward,13
Medical/Surgical Ward,Operating Room/Suite,148
Medical/Surgical Ward,Pulmonary Ward,1
Medical/Surgical Ward,Surgical Ward,12
Medical/Surgical Ward,Medical Cardiac Critical Care,2
Medical/Surgical Ward,Medical Critical Care,4
Medical/Surgical Ward,Neurologic Critical Care,2
Medical/Surgical Ward,Surgical Cardiothoracic Critical Care,24
Medical/Surgical Ward,Surgical Critical Care,9
Medical/Surgical Ward,ONC General Hematology/Oncology Ward,4
Medical/Surgical Ward,Adult Mixed Acuity Unit,1
Medical/Surgical Ward,Exit,381
Neurology Ward,Endoscopy Suite,4
Neurology Ward,Medical Ward,2
Neurology Ward,Operating Room/Suite,25
Neurology Ward,Surgical Ward,1
Neurology Ward,Medical Critical Care,1
Neurology Ward,Neurologic Critical Care,5
Neurology Ward,Surgical Critical Care,2
Neurology Ward,Exit,157
Neurosurgical Ward,Operating Room/Suite,39
Neurosurgical Ward,Neurologic Critical Care,6
Neurosurgical Ward,Exit,135
Operating Room/Suite,24-Hour Observation Area,275
Operating Room/Suite,Adult Step Down Unit (post-critical care),19
Operating Room/Suite,Ambulatory Surgery Center,1
Operating Room/Suite,Pediatric Medical Ward,123
Operating Room/Suite,Medical Ward,89
Operating Room/Suite,Medical/Surgical Ward,161
Operating Room/Suite,Neurology Ward,72
Operating Room/Suite,Neurosurgical Ward,48
Operating Room/Suite,Postpartum Ward,4
Operating Room/Suite,Pulmonary Ward,14
Operating Room/Suite,Surgical Ward,274
Operating Room/Suite,"Labor, Delivery, Recovery, Postpartum Suite (LDRP)",2
Operating Room/Suite,Medical Cardiac Critical Care,13
Operating Room/Suite,Medical Critical Care,6
Operating Room/Suite,Neurologic Critical Care,82
Operating Room/Suite,Pediatric Cardiothoracic Critical Care,35
Operating Room/Suite,Pediatric Medical/Surgical Critical Care,36
Operating Room/Suite,Pediatric Step Down Unit (post-critical care),3
Operating Room/Suite,Surgical Cardiothoracic Critical Care,228
Operating Room/Suite,Surgical Critical Care,108
Operating Room/Suite,ONC General Hematology/Oncology Ward,148
Operating Room/Suite,ONC Pediatric Hematopoietic Stem Cell Transplant Ward,9
Operating Room/Suite,ONC Pediatric General Hematology/Oncology Ward,29
Operating Room/Suite,Adult Mixed Acuity Unit,1
Operating Room/Suite,Neonatal Critical Care (Level IV),10
Operating Room/Suite,Exit,803
Postpartum Ward,Operating Room/Suite,3
Postpartum Ward,"Labor, Delivery, Recovery, Postpartum Suite (LDRP)",18
Postpartum Ward,Pediatric Step Down Unit (post-critical care),1
Postpartum Ward,ONC General Hematology/Oncology Ward,2
Postpartum Ward,ONC Pediatric General Hematology/Oncology Ward,3
Postpartum Ward,Neonatal Critical Care (Level IV),13
Postpartum Ward,Exit,562
Pulmonary Ward,Endoscopy Suite,14
Pulmonary Ward,Medical Ward,6
Pulmonary Ward,Operating Room/Suite,19
Pulmonary Ward,Medical Critical Care,5
Pulmonary Ward,ONC General Hematology/Oncology Ward,2
Pulmonary Ward,ONC Pediatric General Hematology/Oncology Ward,1
Pulmonary Ward,Exit,85
Surgical Ward,Endoscopy Suite,11
Surgical Ward,Medical Ward,1
Surgical Ward,Medical/Surgical Ward,3
Surgical Ward,Operating Room/Suite,105
Surgical Ward,Medical Cardiac Critical Care,6
Surgical Ward,Medical Critical Care,1
Surgical Ward,Neurologic Critical Care,2
Surgical Ward,Surgical Cardiothoracic Critical Care,1
Surgical Ward,Surgical Critical Care,9
Surgical Ward,ONC General Hematology/Oncology Ward,7
Surgical Ward,ONC Pediatric General Hematology/Oncology Ward,1
Surgical Ward,Exit,469
"Labor, Delivery, Recovery, Postpartum Suite (LDRP)",Medical Ward,1
"Labor, Delivery, Recovery, Postpartum Suite (LDRP)",Operating Room/Suite,1
"Labor, Delivery, Recovery, Postpartum Suite (LDRP)",Postpartum Ward,412
"Labor, Delivery, Recovery, Postpartum Suite (LDRP)",Medical Cardiac Critical Care,1
"Labor, Delivery, Recovery, Postpartum Suite (LDRP)",Pediatric Medical/Surgical Critical Care,1
"Labor, Delivery, Recovery, Postpartum Suite (LDRP)",Surgical Critical Care,2
"Labor, Delivery, Recovery, Postpartum Suite (LDRP)",Adult Mixed Acuity Unit,1
"Labor, Delivery, Recovery, Postpartum Suite (LDRP)",Neonatal Critical Care (Level IV),15
"Labor, Delivery, Recovery, Postpartum Suite (LDRP)",Exit,73
Medical Cardiac Critical Care,Medical Ward,78
Medical Cardiac Critical Care,Medical/Surgical Ward,4
Medical Cardiac Critical Care,Operating Room/Suite,19
Medical Cardiac Critical Care,Pulmonary Ward,2
Medical Cardiac Critical Care,Surgical Ward,3
Medical Cardiac Critical Care,"Labor, Delivery, Recovery, Postpartum Suite (LDRP)",1
Medical Cardiac Critical Care,Surgical Cardiothoracic Critical Care,2
Medical Cardiac Critical Care,Surgical Critical Care,1
Medical Cardiac Critical Care,ONC Hematopoietic Stem Cell Transplant Ward,2
Medical Cardiac Critical Care,ONC General Hematology/Oncology Ward,3
Medical Cardiac Critical Care,Exit,19
Medical Critical Care,Medical Ward,41
Medical Critical Care,Medical/Surgical Ward,1
Medical Critical Care,Neurosurgical Ward,2
Medical Critical Care,Operating Room/Suite,7
Medical Critical Care,Pulmonary Ward,11
Medical Critical Care,Surgical Ward,1
Medical Critical Care,Medical Cardiac Critical Care,1
Medical Critical Care,Surgical Cardiothoracic Critical Care,1
Medical Critical Care,Surgical Critical Care,1
Medical Critical Care,ONC Hematopoietic Stem Cell Transplant Ward,2
Medical Critical Care,ONC General Hematology/Oncology Ward,13
Medical Critical Care,Adult Mixed Acuity Unit,6
Medical Critical Care,Exit,25
Neurologic Critical Care,Medical Ward,22
Neurologic Critical Care,Medical/Surgical Ward,1
Neurologic Critical Care,Neurology Ward,21
Neurologic Critical Care,Neurosurgical Ward,52
Neurologic Critical Care,Operating Room/Suite,16
Neurologic Critical Care,Surgical Ward,3
Neurologic Critical Care,Medical Cardiac Critical Care,1
Neurologic Critical Care,Surgical Cardiothoracic Critical Care,1
Neurologic Critical Care,Surgical Critical Care,1
Neurologic Critical Care,ONC Hematopoietic Stem Cell Transplant Ward,1
Neurologic Critical Care,ONC General Hematology/Oncology Ward,3
Neurologic Critical Care,Exit,64
Pediatric Cardiothoracic Critical Care,Pediatric Medical Ward,6
Pediatric Cardiothoracic Critical Care,Medical/Surgical Ward,1
Pediatric Cardiothoracic Critical Care,Operating Room/Suite,14
Pediatric Cardiothoracic Critical Care,Postpartum Ward,2
Pediatric Cardiothoracic Critical Care,Pediatric Step Down Unit (post-critical care),38
Pediatric Cardiothoracic Critical Care,ONC Pediatric General Hematology/Oncology Ward,2
Pediatric Cardiothoracic Critical Care,Exit,11
Pediatric Medical/Surgical Critical Care,Pediatric Medical Ward,43
Pediatric Medical/Surgical Critical Care,Medical/Surgical Ward,1
Pediatric Medical/Surgical Critical Care,Operating Room/Suite,19
Pediatric Medical/Surgical Critical Care,Pediatric Cardiothoracic Critical Care,2
Pediatric Medical/Surgical Critical Care,Pediatric Step Down Unit (post-critical care),1
Pediatric Medical/Surgical Critical Care,Surgical Critical Care,1
Pediatric Medical/Surgical Critical Care,ONC Pediatric General Hematology/Oncology Ward,29
Pediatric Medical/Surgical Critical Care,Exit,18
Pediatric Step Down Unit (post-critical care),Pediatric Medical Ward,1
Pediatric Step Down Unit (post-critical care),Operating Room/Suite,8
Pediatric Step Down Unit (post-critical care),Pediatric Cardiothoracic Critical Care,14
Pediatric Step Down Unit (post-critical care),Pediatric Medical/Surgical Critical Care,1
Pediatric Step Down Unit (post-critical care),Exit,45
Step down Neonatal Nursery (Level II),Neonatal Critical Care (Level IV),14
Step down Neonatal Nursery (Level II),Exit,13
Surgical Cardiothoracic Critical Care,Adult Step Down Unit (post-critical care),49
Surgical Cardiothoracic Critical Care,Medical Ward,5
Surgical Cardiothoracic Critical Care,Medical/Surgical Ward,148
Surgical Cardiothoracic Critical Care,Operating Room/Suite,61
Surgical Cardiothoracic Critical Care,Surgical Ward,6
Surgical Cardiothoracic Critical Care,Medical Cardiac Critical Care,3
Surgical Cardiothoracic Critical Care,Neurologic Critical Care,2
Surgical Cardiothoracic Critical Care,ONC General Hematology/Oncology Ward,1
Surgical Cardiothoracic Critical Care,Exit,11
Surgical Critical Care,Adult Step Down Unit (post-critical care),1
Surgical Critical Care,Medical Ward,25
Surgical Critical Care,Medical/Surgical Ward,16
Surgical Critical Care,Neurology Ward,3
Surgical Critical Care,Neurosurgical Ward,1
Surgical Critical Care,Operating Room/Suite,67
Surgical Critical Care,Postpartum Ward,1
Surgical Critical Care,Pulmonary Ward,1
Surgical Critical Care,Surgical Ward,43
Surgical Critical Care,Medical Cardiac Critical Care,3
Surgical Critical Care,ONC General Hematology/Oncology Ward,12
Surgical Critical Care,Adult Mixed Acuity Unit,1
Surgical Critical Care,Exit,16
ONC Hematopoietic Stem Cell Transplant Ward,Endoscopy Suite,4
ONC Hematopoietic Stem Cell Transplant Ward,Medical Cardiac Critical Care,1
ONC Hematopoietic Stem Cell Transplant Ward,Medical Critical Care,2
ONC Hematopoietic Stem Cell Transplant Ward,Neurologic Critical Care,1
ONC Hematopoietic Stem Cell Transplant Ward,ONC General Hematology/Oncology Ward,5
ONC Hematopoietic Stem Cell Transplant Ward,Exit,28
ONC General Hematology/Oncology Ward,Endoscopy Suite,26
ONC General Hematology/Oncology Ward,Neurosurgical Ward,2
ONC General Hematology/Oncology Ward,Operating Room/Suite,45
ONC General Hematology/Oncology Ward,Surgical Ward,2
ONC General Hematology/Oncology Ward,Medical Cardiac Critical Care,4
ONC General Hematology/Oncology Ward,Medical Critical Care,5
ONC General Hematology/Oncology Ward,Neurologic Critical Care,1
ONC General Hematology/Oncology Ward,Surgical Cardiothoracic Critical Care,1
ONC General Hematology/Oncology Ward,Surgical Critical Care,3
ONC General Hematology/Oncology Ward,Exit,518
ONC Pediatric Hematopoietic Stem Cell Transplant Ward,Operating Room/Suite,3
ONC Pediatric Hematopoietic Stem Cell Transplant Ward,Exit,16
ONC Pediatric General Hematology/Oncology Ward,Pediatric Medical Ward,1
ONC Pediatric General Hematology/Oncology Ward,Operating Room/Suite,25
ONC Pediatric General Hematology/Oncology Ward,Pediatric Cardiothoracic Critical Care,1
ONC Pediatric General Hematology/Oncology Ward,Pediatric Medical/Surgical Critical Care,10
ONC Pediatric General Hematology/Oncology Ward,Exit,191
Adult Mixed Acuity Unit,Medical Ward,2
Adult Mixed Acuity Unit,Medical/Surgical Ward,1
Adult Mixed Acuity Unit,Neurosurgical Ward,1
Adult Mixed Acuity Unit,Pulmonary Ward,1
Adult Mixed Acuity Unit,Medical Critical Care,1
Adult Mixed Acuity Unit,ONC General Hematology/Oncology Ward,2
Adult Mixed Acuity Unit,Exit,28
Neonatal Critical Care (Level IV),Pediatric Medical Ward,1
Neonatal Critical Care (Level IV),Operating Room/Suite,10
Neonatal Critical Care (Level IV),Postpartum Ward,8
Neonatal Critical Care (Level IV),"Labor, Delivery, Recovery, Postpartum Suite (LDRP)",2
Neonatal Critical Care (Level IV),Step down Neonatal Nursery (Level II),26
Neonatal Critical Care (Level IV),ONC Pediatric General Hematology/Oncology Ward,3
Neonatal Critical Care (Level IV),Exit,52
