source,destination,count
Entry,24-Hour Observation Area,82
Entry,Adult Step Down Unit (post-critical care),24
Entry,Ambulatory Surgery Center,466
Entry,Emergency Department,5620
Entry,Endoscopy Suite,6
Entry,Behavioral Health/Psych Ward,42
Entry,Pediatric Medical Ward,33
Entry,Medical Ward,231
Entry,Medical/Surgical Ward,106
Entry,Neurology Ward,36
Entry,Neurosurgical Ward,29
Entry,Operating Room/Suite,1378
Entry,Postpartum Ward,120
Entry,Pulmonary Ward,26
Entry,Surgical Ward,67
Entry,"Labor, Delivery, Recovery, Postpartum Suite (LDRP)",421
Entry,Medical Cardiac Critical Care,34
Entry,Medical Critical Care,31
Entry,Neonatal Critical Care (Level III),1
Entry,Neurologic Critical Care,23
Entry,Pediatric Cardiothoracic Critical Care,20
Entry,Pediatric Medical/Surgical Critical Care,18
Entry,Pediatric Step Down Unit (post-critical care),11
Entry,Surgical Cardiothoracic Critical Care,11
Entry,Surgical Critical Care,6
Entry,ONC Hematopoietic Stem Cell Transplant Ward,27
Entry,ONC General Hematology/Oncology Ward,160
Entry,ONC Pediatric Hematopoietic Stem Cell Transplant Ward,9
Entry,ONC Pediatric General Hematology/Oncology Ward,73
Entry,Neonatal Critical Care (Level IV),42
24-Hour Observation Area,Medical Ward,7
24-Hour Observation Area,Medical/Surgical Ward,13
24-Hour Observation Area,Neurology Ward,5
24-Hour Observation Area,Neurosurgical Ward,1
24-Hour Observation Area,Operating Room/Suite,3
24-Hour Observation Area,Surgical Ward,23
24-Hour Observation Area,Surgical Cardiothoracic Critical Care,1
24-Hour Observation Area,ONC General Hematology/Oncology Ward,7
24-Hour Observation Area,Exit,178
Adult Step Down Unit (post-critical care),Endoscopy Suite,5
Adult Step Down Unit (post-critical care),Medical Ward,1
Adult Step Down Unit (post-critical care),Operating Room/Suite,25
Adult Step Down Unit (post-critical care),Pulmonary Ward,1
Adult Step Down Unit (post-critical care),Medical Critical Care,1
Adult Step Down Unit (post-critical care),Neurologic Critical Care,1
Adult Step Down Unit (post-critical care),Surgical Cardiothoracic Critical Care,5
Adult Step Down Unit (post-critical care),Surgical Critical Care,1
Adult Step Down Unit (post-critical care),ONC General Hematology/Oncology Ward,1
Adult Step Down Unit (post-critical care),Exit,66
Ambulatory Surgery Center,Exit,466
Emergency Department,24-Hour Observation Area,1
Emergency Department,Adult Step Down Unit (post-critical care),11
Emergency Department,Endoscopy Suite,10
Emergency Department,Pediatric Medical Ward,87
Emergency Department,Medical Ward,469
Emergency Department,Medical/Surgical Ward,98
Emergency Department,Neurology Ward,75
Emergency Department,Neurosurgical Ward,46
Emergency Department,Operating Room/Suite,89
Emergency Department,Postpartum Ward,1
Emergency Department,Pulmonary Ward,26
Emergency Department,Surgical Ward,169
Emergency Department,"Labor, Delivery, Recovery, Postpartum Suite (LDRP)",1
Emergency Department,Medical Cardiac Critical Care,32
Emergency Department,Medical Critical Care,91
Emergency Department,Neurologic Critical Care,32
Emergency Department,Pediatric Cardiothoracic Critical Care,5
Emergency Department,Pediatric Medical/Surgical Critical Care,28
Emergency Department,Pediatric Step Down Unit (post-critical care),8
Emergency Department,Surgical Cardiothoracic Critical Care,3
Emergency Department,Surgical Critical Care,38
Emergency Department,ONC Hematopoietic Stem Cell Transplant Ward,7
Emergency Department,ONC General Hematology/Oncology Ward,159
Emergency Department,ONC Pediatric Hematopoietic Stem Cell Transplant Ward,2
Emergency Department,ONC Pediatric General Hematology/Oncology Ward,68
Emergency Department,Exit,4083
Endoscopy Suite,Adult Step Down Unit (post-critical care),5
Endoscopy Suite,Emergency Department,9
Endoscopy Suite,Medical Ward,61
Endoscopy Suite,Medical/Surgical Ward,28
Endoscopy Suite,Neurology Ward,2
Endoscopy Suite,Neurosurgical Ward,2
Endoscopy Suite,Operating Room/Suite,1
Endoscopy Suite,Pulmonary Ward,13
Endoscopy Suite,Surgical Ward,11
Endoscopy Suite,Medical Critical Care,4
Endoscopy Suite,Surgical Critical Care,1
Endoscopy Suite,ONC Hematopoietic Stem Cell Transplant Ward,4
Endoscopy Suite,ONC General Hematology/Oncology Ward,27
Endoscopy Suite,Exit,6
Behavioral Health/Psych Ward,Exit,42
Pediatric Medical Ward,Medical Ward,1
Pediatric Medical Ward,Operating Room/Suite,42
Pediatric Medical Ward,Pediatric Cardiothoracic Critical Care,3
Pediatric Medical Ward,Pediatric Medical/Surgical Critical Care,8
Pediatric Medical Ward,Pediatric Step Down Unit (post-critical care),1
Pediatric Medical Ward,ONC Pediatric Hematopoietic Stem Cell Transplant Ward,1
Pediatric Medical Ward,Exit,200
Medical Ward,Adult Step Down Unit (post-critical care),1
Medical Ward,Endoscopy Suite,61
Medical Ward,Medical/Surgical Ward,2
Medical Ward,Neurology Ward,3
Medical Ward,Neurosurgical Ward,3
Medical Ward,Operating Room/Suite,104
Medical Ward,Pulmonary Ward,3
Medical Ward,Surgical Ward,15
Medical Ward,Medical Cardiac Critical Care,39
Medical Ward,Medical Critical Care,13
Medical Ward,Neurologic Critical Care,4
Medical Ward,Surgical Cardiothoracic Critical Care,2
Medical Ward,Surgical Critical Care,10
Medical Ward,ONC Hematopoietic Stem Cell Transplant Ward,2
Medical Ward,ONC General Hematology/Oncology Ward,39
Medical Ward,Exit,822
Medical/Surgical Ward,Endoscopy Suite,28
Medical/Surgical Ward,Medical Ward,18
Medical/Surgical Ward,Operating Room/Suite,138
Medical/Surgical Ward,Pulmonary Ward,3
Medical/Surgical Ward,Surgical Ward,14
Medical/Surgical Ward,Medical Cardiac Critical Care,5
Medical/Surgical Ward,Medical Critical Care,1
Medical/Surgical Ward,Neurologic Critical Care,1
Medical/Surgical Ward,Surgical Cardiothoracic Critical Care,10
Medical/Surgical Ward,Surgical Critical Care,6
Medical/Surgical Ward,ONC General Hematology/Oncology Ward,2
Medical/Surgical Ward,Exit,357
Neurology Ward,Endoscopy Suite,2
Neurology Ward,Medical Ward,2
Neurology Ward,Operating Room/Suite,29
Neurology Ward,Pulmonary Ward,1
Neurology Ward,Surgical Ward,2
Neurology Ward,Medical Cardiac Critical Care,1
Neurology Ward,Neurologic Critical Care,7
Neurology Ward,Exit,185
Neurosurgical Ward,Endoscopy Suite,2
Neurosurgical Ward,Medical Ward,1
Neurosurgical Ward,Operating Room/Suite,32
Neurosurgical Ward,Medical Critical Care,1
Neurosurgical Ward,Neurologic Critical Care,4
Neurosurgical Ward,Surgical Critical Care,1
Neurosurgical Ward,ONC General Hematology/Oncology Ward,1
Neurosurgical Ward,Exit,148
Operating Room/Suite,24-Hour Observation Area,155
Operating Room/Suite,Adult Step Down Unit (post-critical care),18
Operating Room/Suite,Pediatric Medical Ward,81
Operating Room/Suite,Medical Ward,83
Operating Room/Suite,Medical/Surgical Ward,147
Operating Room/Suite,Neurology Ward,65
Operating Room/Suite,Neurosurgical Ward,37
Operating Room/Suite,Postpartum Ward,1
Operating Room/Suite,Pulmonary Ward,9
Operating Room/Suite,Surgical Ward,279
Operating Room/Suite,Medical Cardiac Critical Care,11
Operating Room/Suite,Medical Critical Care,11
Operating Room/Suite,Neurologic Critical Care,83
Operating Room/Suite,Pediatric Cardiothoracic Critical Care,29
Operating Room/Suite,Pediatric Medical/Surgical Critical Care,25
Operating Room/Suite,Pediatric Step Down Unit (post-critical care),2
Operating Room/Suite,Surgical Cardiothoracic Critical Care,218
Operating Room/Suite,Surgical Critical Care,101
Operating Room/Suite,ONC Hematopoietic Stem Cell Transplant Ward,1
Operating Room/Suite,ONC General Hematology/Oncology Ward,121
Operating Room/Suite,ONC Pediatric Hematopoietic Stem Cell Transplant Ward,14
Operating Room/Suite,ONC Pediatric General Hematology/Oncology Ward,10
Operating Room/Suite,Neonatal Critical Care (Level IV),24
Operating Room/Suite,Exit,698
Postpartum Ward,Medical Ward,1
Postpartum Ward,Operating Room/Suite,2
Postpartum Ward,"Labor, Delivery, Recovery, Postpartum Suite (LDRP)",20
Postpartum Ward,Neonatal Critical Care (Level IV),6
Postpartum Ward,Exit,489
Pulmonary Ward,Endoscopy Suite,13
Pulmonary Ward,Medical Ward,4
Pulmonary Ward,Operating Room/Suite,12
Pulmonary Ward,Medical Cardiac Critical Care,1
Pulmonary Ward,Medical Critical Care,4
Pulmonary Ward,Neurologic Critical Care,1
Pulmonary Ward,ONC General Hematology/Oncology Ward,1
Pulmonary Ward,Exit,70
Surgical Ward,Endoscopy Suite,11
Surgical Ward,Medical Ward,7
Surgical Ward,Neurology Ward,1
Surgical Ward,Operating Room/Suite,108
Surgical Ward,Pulmonary Ward,4
Surgical Ward,Medical Cardiac Critical Care,2
Surgical Ward,Medical Critical Care,3
Surgical Ward,Neurologic Critical Care,1
Surgical Ward,Surgical Critical Care,6
Surgical Ward,ONC General Hematology/Oncology Ward,8
Surgical Ward,Exit,494
"Labor, Delivery, Recovery, Postpartum Suite (LDRP)",Postpartum Ward,388
"Labor, Delivery, Recovery, Postpartum Suite (LDRP)",Medical Cardiac Critical Care,1
"Labor, Delivery, Recovery, Postpartum Suite (LDRP)",Pediatric Cardiothoracic Critical Care,3
"Labor, Delivery, Recovery, Postpartum Suite (LDRP)",Neonatal Critical Care (Level IV),16
"Labor, Delivery, Recovery, Postpartum Suite (LDRP)",Exit,38
Medical Cardiac Critical Care,Medical Ward,84
Medical Cardiac Critical Care,Medical/Surgical Ward,5
Medical Cardiac Critical Care,Neurology Ward,1
Medical Cardiac Critical Care,Operating Room/Suite,17
Medical Cardiac Critical Care,Postpartum Ward,1
Medical Cardiac Critical Care,Pulmonary Ward,5
Medical Cardiac Critical Care,"Labor, Delivery, Recovery, Postpartum Suite (LDRP)",1
Medical Cardiac Critical Care,Medical Critical Care,1
Medical Cardiac Critical Care,Surgical Cardiothoracic Critical Care,4
Medical Cardiac Critical Care,ONC General Hematology/Oncology Ward,1
Medical Cardiac Critical Care,Exit,19
Medical Critical Care,Adult Step Down Unit (post-critical care),2
Medical Critical Care,Endoscopy Suite,4
Medical Critical Care,Medical Ward,76
Medical Critical Care,Medical/Surgical Ward,5
Medical Critical Care,Neurosurgical Ward,4
Medical Critical Care,Operating Room/Suite,10
Medical Critical Care,Pulmonary Ward,12
Medical Critical Care,Surgical Ward,2
Medical Critical Care,Neurologic Critical Care,1
Medical Critical Care,Surgical Cardiothoracic Critical Care,4
Medical Critical Care,ONC Hematopoietic Stem Cell Transplant Ward,2
Medical Critical Care,ONC General Hematology/Oncology Ward,18
Medical Critical Care,Exit,29
Neonatal Critical Care (Level III),Operating Room/Suite,1
Neonatal Critical Care (Level III),Step down Neonatal Nursery (Level II),1
Neonatal Critical Care (Level III),Neonatal Critical Care (Level IV),2
Neurologic Critical Care,Medical Ward,11
Neurologic Critical Care,Medical/Surgical Ward,1
Neurologic Critical Care,Neurology Ward,23
Neurologic Critical Care,Neurosurgical Ward,52
Neurologic Critical Care,Operating Room/Suite,21
Neurologic Critical Care,Surgical Ward,1
Neurologic Critical Care,Medical Critical Care,2
Neurologic Critical Care,Surgical Cardiothoracic Critical Care,1
Neurologic Critical Care,Surgical Critical Care,2
Neurologic Critical Care,ONC General Hematology/Oncology Ward,3
Neurologic Critical Care,Exit,48
Pediatric Cardiothoracic Critical Care,Pediatric Medical Ward,8
Pediatric Cardiothoracic Critical Care,Medical/Surgical Ward,2
Pediatric Cardiothoracic Critical Care,Operating Room/Suite,15
Pediatric Cardiothoracic Critical Care,Postpartum Ward,1
Pediatric Cardiothoracic Critical Care,Pediatric Medical/Surgical Critical Care,2
Pediatric Cardiothoracic Critical Care,Pediatric Step Down Unit (post-critical care),31
Pediatric Cardiothoracic Critical Care,Exit,12
Pediatric Medical/Surgical Critical Care,Pediatric Medical Ward,34
Pediatric Medical/Surgical Critical Care,Operating Room/Suite,5
Pediatric Medical/Surgical Critical Care,Neurologic Critical Care,1
Pediatric Medical/Surgical Critical Care,Pediatric Step Down Unit (post-critical care),4
Pediatric Medical/Surgical Critical Care,ONC Pediatric Hematopoietic Stem Cell Transplant Ward,1
Pediatric Medical/Surgical Critical Care,ONC Pediatric General Hematology/Oncology Ward,25
Pediatric Medical/Surgical Critical Care,Exit,24
Pediatric Step Down Unit (post-critical care),Pediatric Medical Ward,5
Pediatric Step Down Unit (post-critical care),Operating Room/Suite,3
Pediatric Step Down Unit (post-critical care),Pediatric Cardiothoracic Critical Care,11
Pediatric Step Down Unit (post-critical care),ONC Pediatric General Hematology/Oncology Ward,2
Pediatric Step Down Unit (post-critical care),Exit,37
Step down Neonatal Nursery (Level II),Operating Room/Suite,2
Step down Neonatal Nursery (Level II),Postpartum Ward,1
Step down Neonatal Nursery (Level II),Neonatal Critical Care (Level IV),24
Step down Neonatal Nursery (Level II),Exit,19
Surgical Cardiothoracic Critical Care,Adult Step Down Unit (post-critical care),47
Surgical Cardiothoracic Critical Care,Medical Ward,1
Surgical Cardiothoracic Critical Care,Medical/Surgical Ward,134
Surgical Cardiothoracic Critical Care,Operating Room/Suite,62
Surgical Cardiothoracic Critical Care,Pulmonary Ward,2
Surgical Cardiothoracic Critical Care,Medical Cardiac Critical Care,1
Surgical Cardiothoracic Critical Care,Medical Critical Care,2
Surgical Cardiothoracic Critical Care,ONC General Hematology/Oncology Ward,1
Surgical Cardiothoracic Critical Care,Exit,14
Surgical Critical Care,Adult Step Down Unit (post-critical care),1
Surgical Critical Care,Medical Ward,23
Surgical Critical Care,Medical/Surgical Ward,18
Surgical Critical Care,Neurology Ward,4
Surgical Critical Care,Neurosurgical Ward,2
Surgical Critical Care,Operating Room/Suite,48
Surgical Critical Care,Postpartum Ward,1
Surgical Critical Care,Pulmonary Ward,1
Surgical Critical Care,Surgical Ward,48
Surgical Critical Care,Medical Critical Care,1
Surgical Critical Care,Neurologic Critical Care,2
Surgical Critical Care,Surgical Cardiothoracic Critical Care,1
Surgical Critical Care,ONC General Hematology/Oncology Ward,10
Surgical Critical Care,Exit,21
ONC Hematopoietic Stem Cell Transplant Ward,Endoscopy Suite,4
ONC Hematopoietic Stem Cell Transplant Ward,Medical Ward,1
ONC Hematopoietic Stem Cell Transplant Ward,Operating Room/Suite,1
ONC Hematopoietic Stem Cell Transplant Ward,Medical Critical Care,3
ONC Hematopoietic Stem Cell Transplant Ward,ONC General Hematology/Oncology Ward,2
ONC Hematopoietic Stem Cell Transplant Ward,Exit,33
ONC General Hematology/Oncology Ward,Endoscopy Suite,28
ONC General Hematology/Oncology Ward,Medical Ward,9
ONC General Hematology/Oncology Ward,Operating Room/Suite,38
ONC General Hematology/Oncology Ward,Surgical Ward,2
ONC General Hematology/Oncology Ward,Medical Cardiac Critical Care,1
ONC General Hematology/Oncology Ward,Medical Critical Care,7
ONC General Hematology/Oncology Ward,Neurologic Critical Care,1
ONC General Hematology/Oncology Ward,Surgical Critical Care,3
ONC General Hematology/Oncology Ward,ONC Hematopoietic Stem Cell Transplant Ward,1
ONC General Hematology/Oncology Ward,Exit,477
ONC Pediatric Hematopoietic Stem Cell Transplant Ward,Pediatric Medical Ward,1
ONC Pediatric Hematopoietic Stem Cell Transplant Ward,Operating Room/Suite,10
ONC Pediatric Hematopoietic Stem Cell Transplant Ward,Pediatric Medical/Surgical Critical Care,2
ONC Pediatric Hematopoietic Stem Cell Transplant Ward,Exit,13
ONC Pediatric General Hematology/Oncology Ward,Pediatric Medical Ward,1
ONC Pediatric General Hematology/Oncology Ward,Medical Ward,1
ONC Pediatric General Hematology/Oncology Ward,Operating Room/Suite,5
ONC Pediatric General Hematology/Oncology Ward,Pediatric Medical/Surgical Critical Care,10
ONC Pediatric General Hematology/Oncology Ward,Pediatric Step Down Unit (post-critical care),1
ONC Pediatric General Hematology/Oncology Ward,Exit,169
Neonatal Critical Care (Level IV),Pediatric Medical Ward,1
Neonatal Critical Care (Level IV),Operating Room/Suite,21
Neonatal Critical Care (Level IV),Postpartum Ward,6
Neonatal Critical Care (Level IV),"Labor, Delivery, Recovery, Postpartum Suite (LDRP)",1
Neonatal Critical Care (Level IV),Step down Neonatal Nursery (Level II),44
Neonatal Critical Care (Level IV),ONC Pediatric General Hematology/Oncology Ward,4
Neonatal Critical Care (Level IV),Exit,39
