source,destination,count
Entry,24-Hour Observation Area,13
Entry,Adult Step Down Unit (post-critical care),20
Entry,Emergency Department,3980
Entry,Endoscopy Suite,7
Entry,Behavioral Health/Psych Ward,29
Entry,Pediatric Medical Ward,22
Entry,Medical Ward,159
Entry,Medical/Surgical Ward,74
Entry,Neurology Ward,19
Entry,Neurosurgical Ward,24
Entry,Operating Room/Suite,647
Entry,Postpartum Ward,124
Entry,Pulmonary Ward,16
Entry,Surgical Ward,50
Entry,"Labor, Delivery, Recovery, Postpartum Suite (LDRP)",407
Entry,Medical Cardiac Critical Care,14
Entry,Medical Critical Care,17
Entry,Neonatal Critical Care (Level III),1
Entry,Neurologic Critical Care,15
Entry,Pediatric Cardiothoracic Critical Care,17
Entry,Pediatric Medical/Surgical Critical Care,10
Entry,Pediatric Step Down Unit (post-critical care),4
Entry,Surgical Cardiothoracic Critical Care,13
Entry,Surgical Critical Care,3
Entry,ONC Hematopoietic Stem Cell Transplant Ward,12
Entry,ONC General Hematology/Oncology Ward,123
Entry,ONC Pediatric Hematopoietic Stem Cell Transplant Ward,4
Entry,ONC Pediatric General Hematology/Oncology Ward,47
Entry,Neonatal Critical Care (Level IV),28
24-Hour Observation Area,ONC Hematopoietic Stem Cell Transplant Ward,4
24-Hour Observation Area,ONC General Hematology/Oncology Ward,1
24-Hour Observation Area,Exit,9
Adult Step Down Unit (post-critical care),Endoscopy Suite,8
Adult Step Down Unit (post-critical care),Operating Room/Suite,30
Adult Step Down Unit (post-critical care),Surgical Ward,1
Adult Step Down Unit (post-critical care),Surgical Cardiothoracic Critical Care,6
Adult Step Down Unit (post-critical care),Exit,43
Emergency Department,Adult Step Down Unit (post-critical care),6
Emergency Department,Endoscopy Suite,4
Emergency Department,Pediatric Medical Ward,53
Emergency Department,Medical Ward,441
Emergency Department,Medical/Surgical Ward,107
Emergency Department,Neurology Ward,60
Emergency Department,Neurosurgical Ward,40
Emergency Department,Operating Room/Suite,60
Emergency Department,Pulmonary Ward,33
Emergency Department,Surgical Ward,159
Emergency Department,Medical Cardiac Critical Care,45
Emergency Department,Medical Critical Care,67
Emergency Department,Neurologic Critical Care,54
Emergency Department,Pediatric Cardiothoracic Critical Care,1
Emergency Department,Pediatric Medical/Surgical Critical Care,21
Emergency Department,Pediatric Step Down Unit (post-critical care),4
Emergency Department,Surgical Cardiothoracic Critical Care,7
Emergency Department,Surgical Critical Care,53
Emergency Department,ONC Hematopoietic Stem Cell Transplant Ward,4
Emergency Department,ONC General Hematology/Oncology Ward,156
Emergency Department,ONC Pediatric General Hematology/Oncology Ward,36
Emergency Department,Exit,2587
Endoscopy Suite,Adult Step Down Unit (post-critical care),8
Endoscopy Suite,Emergency Department,4
Endoscopy Suite,Medical Ward,47
Endoscopy Suite,Medical/Surgical Ward,23
Endoscopy Suite,Neurology Ward,3
Endoscopy Suite,Pulmonary Ward,7
Endoscopy Suite,Surgical Ward,14
Endoscopy Suite,Medical Cardiac Critical Care,3
Endoscopy Suite,Medical Critical Care,1
Endoscopy Suite,Neurologic Critical Care,1
Endoscopy Suite,Surgical Critical Care,1
Endoscopy Suite,ONC Hematopoietic Stem Cell Transplant Ward,1
Endoscopy Suite,ONC General Hematology/Oncology Ward,18
Endoscopy Suite,Exit,7
Behavioral Health/Psych Ward,Exit,27
Pediatric Medical Ward,Operating Room/Suite,27
Pediatric Medical Ward,Pediatric Cardiothoracic Critical Care,2
Pediatric Medical Ward,Pediatric Medical/Surgical Critical Care,1
Pediatric Medical Ward,Pediatric Step Down Unit (post-critical care),2
Pediatric Medical Ward,ONC Pediatric Hematopoietic Stem Cell Transplant Ward,1
Pediatric Medical Ward,ONC Pediatric General Hematology/Oncology Ward,6
Pediatric Medical Ward,Exit,112
Medical Ward,Emergency Department,1
Medical Ward,Endoscopy Suite,47
Medical Ward,Medical/Surgical Ward,4
Medical Ward,Neurology Ward,2
Medical Ward,Operating Room/Suite,83
Medical Ward,Pulmonary Ward,4
Medical Ward,Surgical Ward,7
Medical Ward,Medical Cardiac Critical Care,34
Medical Ward,Medical Critical Care,12
Medical Ward,Neurologic Critical Care,1
Medical Ward,Surgical Cardiothoracic Critical Care,3
Medical Ward,Surgical Critical Care,12
Medical Ward,ONC Hematopoietic Stem Cell Transplant Ward,1
Medical Ward,ONC General Hematology/Oncology Ward,9
Medical Ward,Exit,666
Medical/Surgical Ward,Endoscopy Suite,23
Medical/Surgical Ward,Medical Ward,17
Medical/Surgical Ward,Neurology Ward,1
Medical/Surgical Ward,Operating Room/Suite,103
Medical/Surgical Ward,Pulmonary Ward,3
Medical/Surgical Ward,Surgical Ward,13
Medical/Surgical Ward,Medical Cardiac Critical Care,2
Medical/Surgical Ward,Medical Critical Care,7
Medical/Surgical Ward,Neurologic Critical Care,1
Medical/Surgical Ward,Surgical Cardiothoracic Critical Care,11
Medical/Surgical Ward,Surgical Critical Care,6
Medical/Surgical Ward,ONC General Hematology/Oncology Ward,11
Medical/Surgical Ward,Exit,244
Neurology Ward,Endoscopy Suite,3
Neurology Ward,Operating Room/Suite,15
Neurology Ward,Neurologic Critical Care,1
Neurology Ward,Surgical Critical Care,1
Neurology Ward,Exit,101
Neurosurgical Ward,Medical Ward,1
Neurosurgical Ward,Operating Room/Suite,20
Neurosurgical Ward,Surgical Ward,1
Neurosurgical Ward,Neurologic Critical Care,3
Neurosurgical Ward,ONC General Hematology/Oncology Ward,2
Neurosurgical Ward,Exit,88
Operating Room/Suite,24-Hour Observation Area,1
Operating Room/Suite,Adult Step Down Unit (post-critical care),13
Operating Room/Suite,Endoscopy Suite,1
Operating Room/Suite,Pediatric Medical Ward,38
Operating Room/Suite,Medical Ward,68
Operating Room/Suite,Medical/Surgical Ward,70
Operating Room/Suite,Neurology Ward,22
Operating Room/Suite,Neurosurgical Ward,24
Operating Room/Suite,Postpartum Ward,3
Operating Room/Suite,Pulmonary Ward,6
Operating Room/Suite,Surgical Ward,208
Operating Room/Suite,"Labor, Delivery, Recovery, Postpartum Suite (LDRP)",4
Operating Room/Suite,Medical Cardiac Critical Care,10
Operating Room/Suite,Medical Critical Care,6
Operating Room/Suite,Neurologic Critical Care,47
Operating Room/Suite,Pediatric Cardiothoracic Critical Care,31
Operating Room/Suite,Pediatric Medical/Surgical Critical Care,17
Operating Room/Suite,Step down Neonatal Nursery (Level II),3
Operating Room/Suite,Surgical Cardiothoracic Critical Care,204
Operating Room/Suite,Surgical Critical Care,56
Operating Room/Suite,ONC General Hematology/Oncology Ward,122
Operating Room/Suite,ONC Pediatric Hematopoietic Stem Cell Transplant Ward,3
Operating Room/Suite,ONC Pediatric General Hematology/Oncology Ward,10
Operating Room/Suite,Neonatal Critical Care (Level IV),11
Operating Room/Suite,Exit,339
Postpartum Ward,Medical Ward,1
Postpartum Ward,Operating Room/Suite,2
Postpartum Ward,"Labor, Delivery, Recovery, Postpartum Suite (LDRP)",22
Postpartum Ward,Pediatric Cardiothoracic Critical Care,1
Postpartum Ward,ONC Pediatric General Hematology/Oncology Ward,4
Postpartum Ward,Neonatal Critical Care (Level IV),10
Postpartum Ward,Exit,454
Pulmonary Ward,Endoscopy Suite,7
Pulmonary Ward,Medical Ward,1
Pulmonary Ward,Medical/Surgical Ward,1
Pulmonary Ward,Operating Room/Suite,6
Pulmonary Ward,Medical Cardiac Critical Care,2
Pulmonary Ward,Medical Critical Care,3
Pulmonary Ward,Surgical Cardiothoracic Critical Care,1
Pulmonary Ward,Surgical Critical Care,3
Pulmonary Ward,ONC General Hematology/Oncology Ward,1
Pulmonary Ward,Exit,67
Surgical Ward,Endoscopy Suite,14
Surgical Ward,Medical Ward,5
Surgical Ward,Medical/Surgical Ward,4
Surgical Ward,Operating Room/Suite,106
Surgical Ward,Medical Cardiac Critical Care,3
Surgical Ward,Surgical Cardiothoracic Critical Care,2
Surgical Ward,Surgical Critical Care,9
Surgical Ward,ONC General Hematology/Oncology Ward,1
Surgical Ward,Exit,332
"Labor, Delivery, Recovery, Postpartum Suite (LDRP)",Operating Room/Suite,4
"Labor, Delivery, Recovery, Postpartum Suite (LDRP)",Postpartum Ward,363
"Labor, Delivery, Recovery, Postpartum Suite (LDRP)",Surgical Critical Care,1
"Labor, Delivery, Recovery, Postpartum Suite (LDRP)",Neonatal Critical Care (Level IV),17
"Labor, Delivery, Recovery, Postpartum Suite (LDRP)",Exit,43
Medical Cardiac Critical Care,Endoscopy Suite,3
Medical Cardiac Critical Care,Medical Ward,59
Medical Cardiac Critical Care,Medical/Surgical Ward,2
Medical Cardiac Critical Care,Neurology Ward,1
Medical Cardiac Critical Care,Neurosurgical Ward,2
Medical Cardiac Critical Care,Operating Room/Suite,14
Medical Cardiac Critical Care,Pulmonary Ward,3
Medical Cardiac Critical Care,Medical Critical Care,6
Medical Cardiac Critical Care,Surgical Cardiothoracic Critical Care,1
Medical Cardiac Critical Care,Surgical Critical Care,1
Medical Cardiac Critical Care,ONC Hematopoietic Stem Cell Transplant Ward,1
Medical Cardiac Critical Care,ONC General Hematology/Oncology Ward,9
Medical Cardiac Critical Care,Exit,18
Medical Critical Care,Endoscopy Suite,1
Medical Critical Care,Pediatric Medical Ward,1
Medical Critical Care,Medical Ward,56
Medical Critical Care,Medical/Surgical Ward,10
Medical Critical Care,Neurology Ward,3
Medical Critical Care,Operating Room/Suite,7
Medical Critical Care,Pulmonary Ward,9
Medical Critical Care,Surgical Ward,1
Medical Critical Care,"Labor, Delivery, Recovery, Postpartum Suite (LDRP)",1
Medical Critical Care,Medical Cardiac Critical Care,2
Medical Critical Care,Surgical Cardiothoracic Critical Care,2
Medical Critical Care,Surgical Critical Care,1
Medical Critical Care,ONC General Hematology/Oncology Ward,7
Medical Critical Care,Exit,28
Neonatal Critical Care (Level III),Neonatal Critical Care (Level IV),3
Neurologic Critical Care,Endoscopy Suite,1
Neurologic Critical Care,Medical Ward,9
Neurologic Critical Care,Medical/Surgical Ward,2
Neurologic Critical Care,Neurology Ward,14
Neurologic Critical Care,Neurosurgical Ward,34
Neurologic Critical Care,Operating Room/Suite,13
Neurologic Critical Care,Pulmonary Ward,1
Neurologic Critical Care,Surgical Ward,1
Neurologic Critical Care,Medical Cardiac Critical Care,2
Neurologic Critical Care,Medical Critical Care,1
Neurologic Critical Care,Surgical Cardiothoracic Critical Care,1
Neurologic Critical Care,Surgical Critical Care,1
Neurologic Critical Care,ONC General Hematology/Oncology Ward,1
Neurologic Critical Care,Exit,37
Pediatric Cardiothoracic Critical Care,Pediatric Medical Ward,9
Pediatric Cardiothoracic Critical Care,Operating Room/Suite,13
Pediatric Cardiothoracic Critical Care,Pediatric Step Down Unit (post-critical care),32
Pediatric Cardiothoracic Critical Care,Exit,8
Pediatric Medical/Surgical Critical Care,Pediatric Medical Ward,17
Pediatric Medical/Surgical Critical Care,Medical Ward,1
Pediatric Medical/Surgical Critical Care,Operating Room/Suite,7
Pediatric Medical/Surgical Critical Care,Pediatric Step Down Unit (post-critical care),3
Pediatric Medical/Surgical Critical Care,ONC General Hematology/Oncology Ward,1
Pediatric Medical/Surgical Critical Care,ONC Pediatric Hematopoietic Stem Cell Transplant Ward,3
Pediatric Medical/Surgical Critical Care,ONC Pediatric General Hematology/Oncology Ward,24
Pediatric Medical/Surgical Critical Care,Exit,8
Pediatric Step Down Unit (post-critical care),Pediatric Medical Ward,3
Pediatric Step Down Unit (post-critical care),Operating Room/Suite,3
Pediatric Step Down Unit (post-critical care),Pediatric Cardiothoracic Critical Care,9
Pediatric Step Down Unit (post-critical care),Pediatric Medical/Surgical Critical Care,1
Pediatric Step Down Unit (post-critical care),Exit,34
Step down Neonatal Nursery (Level II),Operating Room/Suite,3
Step down Neonatal Nursery (Level II),Pediatric Medical/Surgical Critical Care,1
Step down Neonatal Nursery (Level II),Neonatal Critical Care (Level IV),16
Step down Neonatal Nursery (Level II),Exit,9
Surgical Cardiothoracic Critical Care,Adult Step Down Unit (post-critical care),40
Surgical Cardiothoracic Critical Care,Medical Ward,5
Surgical Cardiothoracic Critical Care,Medical/Surgical Ward,125
Surgical Cardiothoracic Critical Care,Neurosurgical Ward,1
Surgical Cardiothoracic Critical Care,Operating Room/Suite,60
Surgical Cardiothoracic Critical Care,Pulmonary Ward,6
Surgical Cardiothoracic Critical Care,Surgical Ward,4
Surgical Cardiothoracic Critical Care,Medical Critical Care,1
Surgical Cardiothoracic Critical Care,ONC General Hematology/Oncology Ward,1
Surgical Cardiothoracic Critical Care,Exit,5
Surgical Critical Care,Adult Step Down Unit (post-critical care),1
Surgical Critical Care,Endoscopy Suite,1
Surgical Critical Care,Medical Ward,23
Surgical Critical Care,Medical/Surgical Ward,11
Surgical Critical Care,Neurology Ward,7
Surgical Critical Care,Neurosurgical Ward,1
Surgical Critical Care,Operating Room/Suite,27
Surgical Critical Care,Postpartum Ward,1
Surgical Critical Care,Pulmonary Ward,5
Surgical Critical Care,Surgical Ward,30
Surgical Critical Care,Medical Cardiac Critical Care,4
Surgical Critical Care,Medical Critical Care,1
Surgical Critical Care,Neurologic Critical Care,2
Surgical Critical Care,ONC General Hematology/Oncology Ward,15
Surgical Critical Care,ONC Pediatric General Hematology/Oncology Ward,1
Surgical Critical Care,Exit,22
ONC Hematopoietic Stem Cell Transplant Ward,Endoscopy Suite,1
ONC Hematopoietic Stem Cell Transplant Ward,Medical Cardiac Critical Care,2
ONC Hematopoietic Stem Cell Transplant Ward,ONC General Hematology/Oncology Ward,2
ONC Hematopoietic Stem Cell Transplant Ward,Exit,21
ONC General Hematology/Oncology Ward,Endoscopy Suite,17
ONC General Hematology/Oncology Ward,Medical Ward,7
ONC General Hematology/Oncology Ward,Medical/Surgical Ward,3
ONC General Hematology/Oncology Ward,Operating Room/Suite,45
ONC General Hematology/Oncology Ward,Postpartum Ward,1
ONC General Hematology/Oncology Ward,Surgical Ward,2
ONC General Hematology/Oncology Ward,Medical Cardiac Critical Care,7
ONC General Hematology/Oncology Ward,Medical Critical Care,5
ONC General Hematology/Oncology Ward,Surgical Critical Care,10
ONC General Hematology/Oncology Ward,ONC Hematopoietic Stem Cell Transplant Ward,1
ONC General Hematology/Oncology Ward,Exit,372
ONC Pediatric Hematopoietic Stem Cell Transplant Ward,Pediatric Medical Ward,1
ONC Pediatric Hematopoietic Stem Cell Transplant Ward,Operating Room/Suite,2
ONC Pediatric Hematopoietic Stem Cell Transplant Ward,Pediatric Medical/Surgical Critical Care,3
ONC Pediatric Hematopoietic Stem Cell Transplant Ward,Exit,11
ONC Pediatric General Hematology/Oncology Ward,Operating Room/Suite,7
ONC Pediatric General Hematology/Oncology Ward,Pediatric Cardiothoracic Critical Care,1
ONC Pediatric General Hematology/Oncology Ward,Pediatric Medical/Surgical Critical Care,5
ONC Pediatric General Hematology/Oncology Ward,Exit,127
Neonatal Critical Care (Level IV),Pediatric Medical Ward,2
Neonatal Critical Care (Level IV),Operating Room/Suite,12
Neonatal Critical Care (Level IV),Postpartum Ward,4
Neonatal Critical Care (Level IV),Pediatric Medical/Surgical Critical Care,3
Neonatal Critical Care (Level IV),Pediatric Step Down Unit (post-critical care),1
Neonatal Critical Care (Level IV),Step down Neonatal Nursery (Level II),27
Neonatal Critical Care (Level IV),ONC Pediatric General Hematology/Oncology Ward,10
Neonatal Critical Care (Level IV),Exit,28
