source,destination,count
Entry,24-Hour Observation Area,133
Entry,Adult Step Down Unit (post-critical care),38
Entry,Ambulatory Surgery Center,583
Entry,Emergency Department,5406
Entry,Endoscopy Suite,6
Entry,Behavioral Health/Psych Ward,36
Entry,Pediatric Medical Ward,28
Entry,Medical Ward,210
Entry,Medical/Surgical Ward,117
Entry,Neurology Ward,33
Entry,Neurosurgical Ward,27
Entry,Operating Room/Suite,1730
Entry,Postpartum Ward,129
Entry,Pulmonary Ward,24
Entry,Surgical Ward,63
Entry,"Labor, Delivery, Recovery, Postpartum Suite (LDRP)",424
Entry,Medical Cardiac Critical Care,33
Entry,Medical Critical Care,20
Entry,Neurologic Critical Care,16
Entry,Pediatric Cardiothoracic Critical Care,20
Entry,Pediatric Medical/Surgical Critical Care,19
Entry,Pediatric Step Down Unit (post-critical care),21
Entry,Surgical Cardiothoracic Critical Care,15
Entry,Surgical Critical Care,11
Entry,ONC Hematopoietic Stem Cell Transplant Ward,33
Entry,ONC General Hematology/Oncology Ward,155
Entry,ONC Pediatric Hematopoietic Stem Cell Transplant Ward,14
Entry,ONC Pediatric General Hematology/Oncology Ward,69
Entry,Adult Mixed Acuity Unit,6
Entry,Neonatal Critical Care (Level IV),52
24-Hour Observation Area,Medical Ward,9
24-Hour Observation Area,Medical/Surgical Ward,6
24-Hour Observation Area,Neurology Ward,6
24-Hour Observation Area,Neurosurgical Ward,1
24-Hour Observation Area,Operating Room/Suite,9
24-Hour Observation Area,Surgical Ward,18
24-Hour Observation Area,Medical Cardiac Critical Care,2
24-Hour Observation Area,Neurologic Critical Care,1
24-Hour Observation Area,ONC General Hematology/Oncology Ward,14
24-Hour Observation Area,Exit,355
Adult Step Down Unit (post-critical care),Endoscopy Suite,14
Adult Step Down Unit (post-critical care),Medical Ward,3
Adult Step Down Unit (post-critical care),Medical/Surgical Ward,1
Adult Step Down Unit (post-critical care),Neurology Ward,1
Adult Step Down Unit (post-critical care),Operating Room/Suite,38
Adult Step Down Unit (post-critical care),Medical Cardiac Critical Care,1
Adult Step Down Unit (post-critical care),Surgical Cardiothoracic Critical Care,7
Adult Step Down Unit (post-critical care),Surgical Critical Care,1
Adult Step Down Unit (post-critical care),Exit,83
Ambulatory Surgery Center,Exit,583
Emergency Department,24-Hour Observation Area,2
Emergency Department,Adult Step Down Unit (post-critical care),21
Emergency Department,Endoscopy Suite,13
Emergency Department,Pediatric Medical Ward,84
Emergency Department,Medical Ward,415
Emergency Department,Medical/Surgical Ward,138
Emergency Department,Neurology Ward,60
Emergency Department,Neurosurgical Ward,71
Emergency Department,Operating Room/Suite,109
Emergency Department,Pulmonary Ward,36
Emergency Department,Surgical Ward,170
Emergency Department,"Labor, Delivery, Recovery, Postpartum Suite (LDRP)",2
Emergency Department,Medical Cardiac Critical Care,39
Emergency Department,Medical Critical Care,41
Emergency Department,Neurologic Critical Care,47
Emergency Department,Pediatric Cardiothoracic Critical Care,7
Emergency Department,Pediatric Medical/Surgical Critical Care,23
Emergency Department,Pediatric Step Down Unit (post-critical care),7
Emergency Department,Surgical Cardiothoracic Critical Care,5
Emergency Department,Surgical Critical Care,45
Emergency Department,ONC Hematopoietic Stem Cell Transplant Ward,14
Emergency Department,ONC General Hematology/Oncology Ward,194
Emergency Department,ONC Pediatric General Hematology/Oncology Ward,63
Emergency Department,Adult Mixed Acuity Unit,24
Emergency Department,Exit,3784
Endoscopy Suite,Adult Step Down Unit (post-critical care),14
Endoscopy Suite,Emergency Department,13
Endoscopy Suite,Pediatric Medical Ward,1
Endoscopy Suite,Medical Ward,57
Endoscopy Suite,Medical/Surgical Ward,33
Endoscopy Suite,Neurology Ward,3
Endoscopy Suite,Neurosurgical Ward,3
Endoscopy Suite,Pulmonary Ward,18
Endoscopy Suite,Surgical Ward,19
Endoscopy Suite,Medical Critical Care,3
Endoscopy Suite,Surgical Critical Care,2
Endoscopy Suite,ONC Hematopoietic Stem Cell Transplant Ward,4
Endoscopy Suite,ONC General Hematology/Oncology Ward,23
Endoscopy Suite,Exit,5
Behavioral Health/Psych Ward,Exit,36
Pediatric Medical Ward,Endoscopy Suite,1
Pediatric Medical Ward,Medical Ward,1
Pediatric Medical Ward,Operating Room/Suite,54
Pediatric Medical Ward,Pediatric Cardiothoracic Critical Care,2
Pediatric Medical Ward,Pediatric Medical/Surgical Critical Care,8
Pediatric Medical Ward,ONC Pediatric General Hematology/Oncology Ward,1
Pediatric Medical Ward,Exit,214
Medical Ward,24-Hour Observation Area,2
Medical Ward,Adult Step Down Unit (post-critical care),1
Medical Ward,Endoscopy Suite,57
Medical Ward,Medical/Surgical Ward,1
Medical Ward,Neurology Ward,1
Medical Ward,Operating Room/Suite,92
Medical Ward,Pulmonary Ward,6
Medical Ward,Surgical Ward,4
Medical Ward,Medical Cardiac Critical Care,25
Medical Ward,Medical Critical Care,5
Medical Ward,Neurologic Critical Care,5
Medical Ward,Surgical Cardiothoracic Critical Care,1
Medical Ward,Surgical Critical Care,8
Medical Ward,ONC General Hematology/Oncology Ward,10
Medical Ward,Adult Mixed Acuity Unit,2
Medical Ward,Exit,718
Medical/Surgical Ward,Endoscopy Suite,34
Medical/Surgical Ward,Medical Ward,9
Medical/Surgical Ward,Neurosurgical Ward,1
Medical/Surgical Ward,Operating Room/Suite,159
Medical/Surgical Ward,Pulmonary Ward,2
Medical/Surgical Ward,Surgical Ward,17
Medical/Surgical Ward,Medical Cardiac Critical Care,4
Medical/Surgical Ward,Neurologic Critical Care,1
Medical/Surgical Ward,Surgical Cardiothoracic Critical Care,17
Medical/Surgical Ward,Surgical Critical Care,2
Medical/Surgical Ward,ONC General Hematology/Oncology Ward,5
Medical/Surgical Ward,Exit,384
Neurology Ward,Endoscopy Suite,3
Neurology Ward,Medical Ward,1
Neurology Ward,Operating Room/Suite,26
Neurology Ward,Pulmonary Ward,1
Neurology Ward,Surgical Ward,1
Neurology Ward,Neurologic Critical Care,2
Neurology Ward,Surgical Cardiothoracic Critical Care,1
Neurology Ward,ONC General Hematology/Oncology Ward,2
Neurology Ward,Exit,169
Neurosurgical Ward,Endoscopy Suite,3
Neurosurgical Ward,Operating Room/Suite,24
Neurosurgical Ward,Neurologic Critical Care,6
Neurosurgical Ward,ONC General Hematology/Oncology Ward,2
Neurosurgical Ward,Exit,160
Operating Room/Suite,24-Hour Observation Area,285
Operating Room/Suite,Adult Step Down Unit (post-critical care),26
Operating Room/Suite,Pediatric Medical Ward,119
Operating Room/Suite,Medical Ward,80
Operating Room/Suite,Medical/Surgical Ward,189
Operating Room/Suite,Neurology Ward,66
Operating Room/Suite,Neurosurgical Ward,50
Operating Room/Suite,Postpartum Ward,2
Operating Room/Suite,Pulmonary Ward,8
Operating Room/Suite,Surgical Ward,303
Operating Room/Suite,Medical Cardiac Critical Care,6
Operating Room/Suite,Medical Critical Care,8
Operating Room/Suite,Neurologic Critical Care,85
Operating Room/Suite,Pediatric Cardiothoracic Critical Care,29
Operating Room/Suite,Pediatric Medical/Surgical Critical Care,34
Operating Room/Suite,Pediatric Step Down Unit (post-critical care),3
Operating Room/Suite,Surgical Cardiothoracic Critical Care,225
Operating Room/Suite,Surgical Critical Care,121
Operating Room/Suite,ONC General Hematology/Oncology Ward,138
Operating Room/Suite,ONC Pediatric Hematopoietic Stem Cell Transplant Ward,8
Operating Room/Suite,ONC Pediatric General Hematology/Oncology Ward,23
Operating Room/Suite,Adult Mixed Acuity Unit,2
Operating Room/Suite,Neonatal Critical Care (Level IV),11
Operating Room/Suite,Exit,859
Postpartum Ward,Pediatric Medical Ward,2
Postpartum Ward,Medical Ward,2
Postpartum Ward,Medical/Surgical Ward,1
Postpartum Ward,Operating Room/Suite,1
Postpartum Ward,"Labor, Delivery, Recovery, Postpartum Suite (LDRP)",17
Postpartum Ward,Medical Critical Care,1
Postpartum Ward,Pediatric Medical/Surgical Critical Care,1
Postpartum Ward,ONC General Hematology/Oncology Ward,1
Postpartum Ward,Neonatal Critical Care (Level IV),9
Postpartum Ward,Exit,451
Pulmonary Ward,Endoscopy Suite,18
Pulmonary Ward,Medical Ward,5
Pulmonary Ward,Operating Room/Suite,10
Pulmonary Ward,Medical Cardiac Critical Care,2
Pulmonary Ward,Medical Critical Care,2
Pulmonary Ward,Exit,73
Surgical Ward,Emergency Department,1
Surgical Ward,Endoscopy Suite,19
Surgical Ward,Medical Ward,1
Surgical Ward,Neurology Ward,1
Surgical Ward,Operating Room/Suite,114
Surgical Ward,Medical Cardiac Critical Care,3
Surgical Ward,Medical Critical Care,1
Surgical Ward,Neurologic Critical Care,1
Surgical Ward,Surgical Cardiothoracic Critical Care,2
Surgical Ward,Surgical Critical Care,5
Surgical Ward,ONC General Hematology/Oncology Ward,9
Surgical Ward,Exit,496
"Labor, Delivery, Recovery, Postpartum Suite (LDRP)",Operating Room/Suite,1
"Labor, Delivery, Recovery, Postpartum Suite (LDRP)",Postpartum Ward,357
"Labor, Delivery, Recovery, Postpartum Suite (LDRP)",Medical Cardiac Critical Care,1
"Labor, Delivery, Recovery, Postpartum Suite (LDRP)",Medical Critical Care,2
"Labor, Delivery, Recovery, Postpartum Suite (LDRP)",Pediatric Cardiothoracic Critical Care,2
"Labor, Delivery, Recovery, Postpartum Suite (LDRP)",Surgical Critical Care,1
"Labor, Delivery, Recovery, Postpartum Suite (LDRP)",Neonatal Critical Care (Level IV),27
"Labor, Delivery, Recovery, Postpartum Suite (LDRP)",Exit,56
Medical Cardiac Critical Care,Adult Step Down Unit (post-critical care),1
Medical Cardiac Critical Care,Medical Ward,59
Medical Cardiac Critical Care,Medical/Surgical Ward,3
Medical Cardiac Critical Care,Operating Room/Suite,18
Medical Cardiac Critical Care,Pulmonary Ward,2
Medical Cardiac Critical Care,"Labor, Delivery, Recovery, Postpartum Suite (LDRP)",1
Medical Cardiac Critical Care,Medical Critical Care,1
Medical Cardiac Critical Care,Surgical Cardiothoracic Critical Care,3
Medical Cardiac Critical Care,ONC General Hematology/Oncology Ward,3
Medical Cardiac Critical Care,Exit,28
Medical Critical Care,Adult Step Down Unit (post-critical care),1
Medical Critical Care,Emergency Department,1
Medical Critical Care,Endoscopy Suite,1
Medical Critical Care,Medical Ward,35
Medical Critical Care,Medical/Surgical Ward,1
Medical Critical Care,Neurology Ward,2
Medical Critical Care,Operating Room/Suite,8
Medical Critical Care,Postpartum Ward,2
Medical Critical Care,Pulmonary Ward,7
Medical Critical Care,Surgical Ward,4
Medical Critical Care,"Labor, Delivery, Recovery, Postpartum Suite (LDRP)",1
Medical Critical Care,Surgical Cardiothoracic Critical Care,1
Medical Critical Care,ONC General Hematology/Oncology Ward,8
Medical Critical Care,Adult Mixed Acuity Unit,4
Medical Critical Care,Exit,20
Neurologic Critical Care,Medical Ward,16
Neurologic Critical Care,Medical/Surgical Ward,1
Neurologic Critical Care,Neurology Ward,16
Neurologic Critical Care,Neurosurgical Ward,39
Neurologic Critical Care,Operating Room/Suite,21
Neurologic Critical Care,Pulmonary Ward,1
Neurologic Critical Care,Surgical Ward,1
Neurologic Critical Care,Medical Critical Care,3
Neurologic Critical Care,Surgical Critical Care,1
Neurologic Critical Care,ONC Hematopoietic Stem Cell Transplant Ward,1
Neurologic Critical Care,ONC General Hematology/Oncology Ward,8
Neurologic Critical Care,Exit,68
Pediatric Cardiothoracic Critical Care,Pediatric Medical Ward,5
Pediatric Cardiothoracic Critical Care,Operating Room/Suite,13
Pediatric Cardiothoracic Critical Care,Postpartum Ward,1
Pediatric Cardiothoracic Critical Care,Pediatric Medical/Surgical Critical Care,3
Pediatric Cardiothoracic Critical Care,Pediatric Step Down Unit (post-critical care),46
Pediatric Cardiothoracic Critical Care,Exit,9
Pediatric Medical/Surgical Critical Care,Pediatric Medical Ward,38
Pediatric Medical/Surgical Critical Care,Operating Room/Suite,13
Pediatric Medical/Surgical Critical Care,Postpartum Ward,1
Pediatric Medical/Surgical Critical Care,"Labor, Delivery, Recovery, Postpartum Suite (LDRP)",1
Pediatric Medical/Surgical Critical Care,Neurologic Critical Care,1
Pediatric Medical/Surgical Critical Care,Pediatric Step Down Unit (post-critical care),9
Pediatric Medical/Surgical Critical Care,ONC Pediatric Hematopoietic Stem Cell Transplant Ward,6
Pediatric Medical/Surgical Critical Care,ONC Pediatric General Hematology/Oncology Ward,27
Pediatric Medical/Surgical Critical Care,Adult Mixed Acuity Unit,1
Pediatric Medical/Surgical Critical Care,Exit,11
Pediatric Step Down Unit (post-critical care),Pediatric Medical Ward,4
Pediatric Step Down Unit (post-critical care),Operating Room/Suite,6
Pediatric Step Down Unit (post-critical care),Pediatric Cardiothoracic Critical Care,17
Pediatric Step Down Unit (post-critical care),Pediatric Medical/Surgical Critical Care,4
Pediatric Step Down Unit (post-critical care),Exit,56
Step down Neonatal Nursery (Level II),ONC Pediatric General Hematology/Oncology Ward,1
Step down Neonatal Nursery (Level II),Neonatal Critical Care (Level IV),24
Step down Neonatal Nursery (Level II),Exit,16
Surgical Cardiothoracic Critical Care,Adult Step Down Unit (post-critical care),48
Surgical Cardiothoracic Critical Care,Medical/Surgical Ward,139
Surgical Cardiothoracic Critical Care,Operating Room/Suite,70
Surgical Cardiothoracic Critical Care,Pulmonary Ward,4
Surgical Cardiothoracic Critical Care,Surgical Ward,4
Surgical Cardiothoracic Critical Care,Medical Critical Care,1
Surgical Cardiothoracic Critical Care,Neurologic Critical Care,1
Surgical Cardiothoracic Critical Care,Exit,12
Surgical Critical Care,Endoscopy Suite,2
Surgical Critical Care,Medical Ward,25
Surgical Critical Care,Medical/Surgical Ward,10
Surgical Critical Care,Neurology Ward,11
Surgical Critical Care,Neurosurgical Ward,3
Surgical Critical Care,Operating Room/Suite,79
Surgical Critical Care,Postpartum Ward,3
Surgical Critical Care,Pulmonary Ward,1
Surgical Critical Care,Surgical Ward,30
Surgical Critical Care,Medical Cardiac Critical Care,1
Surgical Critical Care,Medical Critical Care,1
Surgical Critical Care,Neurologic Critical Care,2
Surgical Critical Care,ONC General Hematology/Oncology Ward,17
Surgical Critical Care,Adult Mixed Acuity Unit,4
Surgical Critical Care,Exit,15
ONC Hematopoietic Stem Cell Transplant Ward,Endoscopy Suite,4
ONC Hematopoietic Stem Cell Transplant Ward,Medical Ward,1
ONC Hematopoietic Stem Cell Transplant Ward,Operating Room/Suite,2
ONC Hematopoietic Stem Cell Transplant Ward,Neurologic Critical Care,1
ONC Hematopoietic Stem Cell Transplant Ward,ONC General Hematology/Oncology Ward,3
ONC Hematopoietic Stem Cell Transplant Ward,Exit,39
ONC General Hematology/Oncology Ward,Endoscopy Suite,23
ONC General Hematology/Oncology Ward,Operating Room/Suite,50
ONC General Hematology/Oncology Ward,Surgical Ward,1
ONC General Hematology/Oncology Ward,Medical Cardiac Critical Care,5
ONC General Hematology/Oncology Ward,Medical Critical Care,4
ONC General Hematology/Oncology Ward,Neurologic Critical Care,1
ONC General Hematology/Oncology Ward,Surgical Cardiothoracic Critical Care,3
ONC General Hematology/Oncology Ward,Surgical Critical Care,5
ONC General Hematology/Oncology Ward,Exit,500
ONC Pediatric Hematopoietic Stem Cell Transplant Ward,Operating Room/Suite,4
ONC Pediatric Hematopoietic Stem Cell Transplant Ward,Pediatric Medical/Surgical Critical Care,8
ONC Pediatric Hematopoietic Stem Cell Transplant Ward,Exit,17
ONC Pediatric General Hematology/Oncology Ward,Operating Room/Suite,19
ONC Pediatric General Hematology/Oncology Ward,Neurologic Critical Care,1
ONC Pediatric General Hematology/Oncology Ward,Pediatric Medical/Surgical Critical Care,6
ONC Pediatric General Hematology/Oncology Ward,Exit,158
Adult Mixed Acuity Unit,Medical Ward,3
Adult Mixed Acuity Unit,Neurology Ward,1
Adult Mixed Acuity Unit,Operating Room/Suite,2
Adult Mixed Acuity Unit,Medical Critical Care,2
Adult Mixed Acuity Unit,Surgical Critical Care,1
Adult Mixed Acuity Unit,Exit,33
Neonatal Critical Care (Level IV),Pediatric Medical Ward,2
Neonatal Critical Care (Level IV),Operating Room/Suite,11
Neonatal Critical Care (Level IV),Postpartum Ward,8
Neonatal Critical Care (Level IV),"Labor, Delivery, Recovery, Postpartum Suite (LDRP)",3
Neonatal Critical Care (Level IV),Pediatric Cardiothoracic Critical Care,1
Neonatal Critical Care (Level IV),Pediatric Medical/Surgical Critical Care,7
Neonatal Critical Care (Level IV),Step down Neonatal Nursery (Level II),42
Neonatal Critical Care (Level IV),ONC Pediatric General Hematology/Oncology Ward,5
Neonatal Critical Care (Level IV),Exit,37
