source,destination,count
Entry,24-Hour Observation Area,106
Entry,Adult Step Down Unit (post-critical care),32
Entry,Ambulatory Surgery Center,582
Entry,Emergency Department,5704
Entry,Endoscopy Suite,8
Entry,Behavioral Health/Psych Ward,38
Entry,Pediatric Medical Ward,61
Entry,Medical Ward,250
Entry,Medical/Surgical Ward,105
Entry,Neurology Ward,49
Entry,Neurosurgical Ward,41
Entry,Operating Room/Suite,1702
Entry,Postpartum Ward,137
Entry,Pulmonary Ward,26
Entry,Surgical Ward,62
Entry,"Labor, Delivery, Recovery, Postpartum Suite (LDRP)",508
Entry,Medical Cardiac Critical Care,34
Entry,Medical Critical Care,22
Entry,Neurologic Critical Care,18
Entry,Pediatric Cardiothoracic Critical Care,19
Entry,Pediatric Medical/Surgical Critical Care,25
Entry,Pediatric Step Down Unit (post-critical care),8
Entry,Surgical Cardiothoracic Critical Care,11
Entry,Surgical Critical Care,2
Entry,ONC Hematopoietic Stem Cell Transplant Ward,47
Entry,ONC General Hematology/Oncology Ward,149
Entry,ONC Pediatric Hematopoietic Stem Cell Transplant Ward,12
Entry,ONC Pediatric General Hematology/Oncology Ward,78
Entry,Neonatal Critical Care (Level IV),41
24-Hour Observation Area,Medical Ward,10
24-Hour Observation Area,Medical/Surgical Ward,10
24-Hour Observation Area,Neurology Ward,2
24-Hour Observation Area,Operating Room/Suite,2
24-Hour Observation Area,Surgical Ward,20
24-Hour Observation Area,Medical Cardiac Critical Care,1
24-Hour Observation Area,ONC General Hematology/Oncology Ward,11
24-Hour Observation Area,Exit,335
Adult Step Down Unit (post-critical care),Endoscopy Suite,6
Adult Step Down Unit (post-critical care),Medical/Surgical Ward,1
Adult Step Down Unit (post-critical care),Operating Room/Suite,34
Adult Step Down Unit (post-critical care),Pulmonary Ward,1
Adult Step Down Unit (post-critical care),Surgical Ward,3
Adult Step Down Unit (post-critical care),Medical Cardiac Critical Care,1
Adult Step Down Unit (post-critical care),Medical Critical Care,2
Adult Step Down Unit (post-critical care),Surgical Cardiothoracic Critical Care,7
Adult Step Down Unit (post-critical care),ONC General Hematology/Oncology Ward,3
Adult Step Down Unit (post-critical care),Exit,103
Ambulatory Surgery Center,24-Hour Observation Area,1
Ambulatory Surgery Center,Pediatric Medical Ward,1
Ambulatory Surgery Center,Surgical Ward,1
Ambulatory Surgery Center,Exit,579
Emergency Department,Adult Step Down Unit (post-critical care),32
Emergency Department,Endoscopy Suite,9
Emergency Department,Pediatric Medical Ward,69
Emergency Department,Medical Ward,468
Emergency Department,Medical/Surgical Ward,136
Emergency Department,Neurology Ward,65
Emergency Department,Neurosurgical Ward,72
Emergency Department,Operating Room/Suite,105
Emergency Department,Postpartum Ward,1
Emergency Department,Pulmonary Ward,42
Emergency Department,Surgical Ward,191
Emergency Department,"Labor, Delivery, Recovery, Postpartum Suite (LDRP)",4
Emergency Department,Medical Cardiac Critical Care,42
Emergency Department,Medical Critical Care,43
Emergency Department,Neurologic Critical Care,64
Emergency Department,Pediatric Cardiothoracic Critical Care,3
Emergency Department,Pediatric Medical/Surgical Critical Care,29
Emergency Department,Pediatric Step Down Unit (post-critical care),6
Emergency Department,Surgical Cardiothoracic Critical Care,8
Emergency Department,Surgical Critical Care,43
Emergency Department,ONC Hematopoietic Stem Cell Transplant Ward,14
Emergency Department,ONC General Hematology/Oncology Ward,190
Emergency Department,ONC Pediatric Hematopoietic Stem Cell Transplant Ward,2
Emergency Department,ONC Pediatric General Hematology/Oncology Ward,63
Emergency Department,Adult Mixed Acuity Unit,3
Emergency Department,Exit,4011
Endoscopy Suite,Adult Step Down Unit (post-critical care),6
Endoscopy Suite,Emergency Department,8
Endoscopy Suite,Medical Ward,42
Endoscopy Suite,Medical/Surgical Ward,24
Endoscopy Suite,Neurology Ward,5
Endoscopy Suite,Neurosurgical Ward,5
Endoscopy Suite,Operating Room/Suite,2
Endoscopy Suite,Pulmonary Ward,13
Endoscopy Suite,Surgical Ward,21
Endoscopy Suite,Neurologic Critical Care,1
Endoscopy Suite,ONC Hematopoietic Stem Cell Transplant Ward,6
Endoscopy Suite,ONC General Hematology/Oncology Ward,37
Endoscopy Suite,Exit,6
Behavioral Health/Psych Ward,Exit,38
Pediatric Medical Ward,Operating Room/Suite,57
Pediatric Medical Ward,Surgical Ward,1
Pediatric Medical Ward,"Labor, Delivery, Recovery, Postpartum Suite (LDRP)",1
Pediatric Medical Ward,Pediatric Cardiothoracic Critical Care,1
Pediatric Medical Ward,Pediatric Medical/Surgical Critical Care,4
Pediatric Medical Ward,Pediatric Step Down Unit (post-critical care),1
Pediatric Medical Ward,ONC Pediatric Hematopoietic Stem Cell Transplant Ward,1
Pediatric Medical Ward,ONC Pediatric General Hematology/Oncology Ward,1
Pediatric Medical Ward,Exit,258
Medical Ward,Endoscopy Suite,42
Medical Ward,Medical/Surgical Ward,2
Medical Ward,Neurology Ward,2
Medical Ward,Neurosurgical Ward,1
Medical Ward,Operating Room/Suite,102
Medical Ward,Pulmonary Ward,1
Medical Ward,Surgical Ward,1
Medical Ward,Medical Cardiac Critical Care,27
Medical Ward,Medical Critical Care,20
Medical Ward,Neurologic Critical Care,5
Medical Ward,Surgical Cardiothoracic Critical Care,5
Medical Ward,Surgical Critical Care,9
Medical Ward,ONC General Hematology/Oncology Ward,5
Medical Ward,Adult Mixed Acuity Unit,1
Medical Ward,Exit,830
Medical/Surgical Ward,24-Hour Observation Area,1
Medical/Surgical Ward,Endoscopy Suite,23
Medical/Surgical Ward,Medical Ward,5
Medical/Surgical Ward,Operating Room/Suite,116
Medical/Surgical Ward,Pulmonary Ward,7
Medical/Surgical Ward,Surgical Ward,11
Medical/Surgical Ward,Medical Cardiac Critical Care,7
Medical/Surgical Ward,Medical Critical Care,4
Medical/Surgical Ward,Neurologic Critical Care,1
Medical/Surgical Ward,Surgical Cardiothoracic Critical Care,13
Medical/Surgical Ward,Surgical Critical Care,5
Medical/Surgical Ward,ONC General Hematology/Oncology Ward,6
Medical/Surgical Ward,Adult Mixed Acuity Unit,3
Medical/Surgical Ward,Exit,379
Neurology Ward,Endoscopy Suite,5
Neurology Ward,Medical Ward,1
Neurology Ward,Medical/Surgical Ward,1
Neurology Ward,Neurosurgical Ward,1
Neurology Ward,Operating Room/Suite,31
Neurology Ward,Surgical Ward,3
Neurology Ward,Neurologic Critical Care,5
Neurology Ward,Pediatric Medical/Surgical Critical Care,1
Neurology Ward,ONC General Hematology/Oncology Ward,5
Neurology Ward,Exit,188
Neurosurgical Ward,Endoscopy Suite,5
Neurosurgical Ward,Medical Ward,2
Neurosurgical Ward,Operating Room/Suite,44
Neurosurgical Ward,Pulmonary Ward,1
Neurosurgical Ward,Medical Critical Care,1
Neurosurgical Ward,Neurologic Critical Care,9
Neurosurgical Ward,Surgical Critical Care,2
Neurosurgical Ward,ONC General Hematology/Oncology Ward,1
Neurosurgical Ward,Exit,171
Operating Room/Suite,24-Hour Observation Area,270
Operating Room/Suite,Adult Step Down Unit (post-critical care),35
Operating Room/Suite,Pediatric Medical Ward,131
Operating Room/Suite,Medical Ward,90
Operating Room/Suite,Medical/Surgical Ward,124
Operating Room/Suite,Neurology Ward,87
Operating Room/Suite,Neurosurgical Ward,53
Operating Room/Suite,Postpartum Ward,1
Operating Room/Suite,Pulmonary Ward,12
Operating Room/Suite,Surgical Ward,325
Operating Room/Suite,"Labor, Delivery, Recovery, Postpartum Suite (LDRP)",2
Operating Room/Suite,Medical Cardiac Critical Care,7
Operating Room/Suite,Medical Critical Care,10
Operating Room/Suite,Neurologic Critical Care,91
Operating Room/Suite,Pediatric Cardiothoracic Critical Care,32
Operating Room/Suite,Pediatric Medical/Surgical Critical Care,34
Operating Room/Suite,Pediatric Step Down Unit (post-critical care),1
Operating Room/Suite,Surgical Cardiothoracic Critical Care,219
Operating Room/Suite,Surgical Critical Care,101
Operating Room/Suite,ONC Hematopoietic Stem Cell Transplant Ward,2
Operating Room/Suite,ONC General Hematology/Oncology Ward,156
Operating Room/Suite,ONC Pediatric Hematopoietic Stem Cell Transplant Ward,9
Operating Room/Suite,ONC Pediatric General Hematology/Oncology Ward,18
Operating Room/Suite,Adult Mixed Acuity Unit,3
Operating Room/Suite,Neonatal Critical Care (Level IV),11
Operating Room/Suite,Exit,825
Postpartum Ward,Medical/Surgical Ward,4
Postpartum Ward,Operating Room/Suite,2
Postpartum Ward,"Labor, Delivery, Recovery, Postpartum Suite (LDRP)",29
Postpartum Ward,Pediatric Medical/Surgical Critical Care,1
Postpartum Ward,Pediatric Step Down Unit (post-critical care),1
Postpartum Ward,Surgical Critical Care,1
Postpartum Ward,ONC Pediatric General Hematology/Oncology Ward,3
Postpartum Ward,Neonatal Critical Care (Level IV),12
Postpartum Ward,Exit,552
Pulmonary Ward,Endoscopy Suite,12
Pulmonary Ward,Medical Ward,1
Pulmonary Ward,Operating Room/Suite,12
Pulmonary Ward,Medical Critical Care,3
Pulmonary Ward,Surgical Cardiothoracic Critical Care,1
Pulmonary Ward,Exit,97
Surgical Ward,Endoscopy Suite,22
Surgical Ward,Medical Ward,2
Surgical Ward,Medical/Surgical Ward,1
Surgical Ward,Operating Room/Suite,152
Surgical Ward,Pulmonary Ward,1
Surgical Ward,Medical Cardiac Critical Care,1
Surgical Ward,Medical Critical Care,4
Surgical Ward,Neurologic Critical Care,6
Surgical Ward,Surgical Cardiothoracic Critical Care,4
Surgical Ward,Surgical Critical Care,10
Surgical Ward,ONC General Hematology/Oncology Ward,10
Surgical Ward,Exit,478
"Labor, Delivery, Recovery, Postpartum Suite (LDRP)",Pediatric Medical Ward,2
"Labor, Delivery, Recovery, Postpartum Suite (LDRP)",Operating Room/Suite,2
"Labor, Delivery, Recovery, Postpartum Suite (LDRP)",Postpartum Ward,453
"Labor, Delivery, Recovery, Postpartum Suite (LDRP)",Medical Cardiac Critical Care,1
"Labor, Delivery, Recovery, Postpartum Suite (LDRP)",Pediatric Cardiothoracic Critical Care,4
"Labor, Delivery, Recovery, Postpartum Suite (LDRP)",Surgical Critical Care,1
"Labor, Delivery, Recovery, Postpartum Suite (LDRP)",ONC Pediatric General Hematology/Oncology Ward,1
"Labor, Delivery, Recovery, Postpartum Suite (LDRP)",Neonatal Critical Care (Level IV),12
"Labor, Delivery, Recovery, Postpartum Suite (LDRP)",Exit,72
Medical Cardiac Critical Care,Adult Step Down Unit (post-critical care),1
Medical Cardiac Critical Care,Medical Ward,69
Medical Cardiac Critical Care,Medical/Surgical Ward,3
Medical Cardiac Critical Care,Operating Room/Suite,18
Medical Cardiac Critical Care,Postpartum Ward,1
Medical Cardiac Critical Care,Pulmonary Ward,2
Medical Cardiac Critical Care,Surgical Ward,1
Medical Cardiac Critical Care,Medical Critical Care,1
Medical Cardiac Critical Care,Surgical Cardiothoracic Critical Care,7
Medical Cardiac Critical Care,ONC General Hematology/Oncology Ward,6
Medical Cardiac Critical Care,Exit,24
Medical Critical Care,Adult Step Down Unit (post-critical care),2
Medical Critical Care,Medical Ward,46
Medical Critical Care,Medical/Surgical Ward,10
Medical Critical Care,Neurology Ward,2
Medical Critical Care,Operating Room/Suite,10
Medical Critical Care,Pulmonary Ward,9
Medical Critical Care,Surgical Ward,3
Medical Critical Care,Medical Cardiac Critical Care,2
Medical Critical Care,ONC Hematopoietic Stem Cell Transplant Ward,1
Medical Critical Care,ONC General Hematology/Oncology Ward,5
Medical Critical Care,Adult Mixed Acuity Unit,6
Medical Critical Care,Exit,25
Neurologic Critical Care,Endoscopy Suite,1
Neurologic Critical Care,Pediatric Medical Ward,1
Neurologic Critical Care,Medical Ward,22
Neurologic Critical Care,Neurology Ward,22
Neurologic Critical Care,Neurosurgical Ward,66
Neurologic Critical Care,Operating Room/Suite,23
Neurologic Critical Care,Pulmonary Ward,3
Neurologic Critical Care,Surgical Ward,2
Neurologic Critical Care,Medical Cardiac Critical Care,1
Neurologic Critical Care,Medical Critical Care,3
Neurologic Critical Care,Surgical Critical Care,2
Neurologic Critical Care,ONC Hematopoietic Stem Cell Transplant Ward,1
Neurologic Critical Care,ONC General Hematology/Oncology Ward,5
Neurologic Critical Care,Exit,49
Pediatric Cardiothoracic Critical Care,Pediatric Medical Ward,12
Pediatric Cardiothoracic Critical Care,Operating Room/Suite,12
Pediatric Cardiothoracic Critical Care,"Labor, Delivery, Recovery, Postpartum Suite (LDRP)",1
Pediatric Cardiothoracic Critical Care,Pediatric Medical/Surgical Critical Care,3
Pediatric Cardiothoracic Critical Care,Pediatric Step Down Unit (post-critical care),21
Pediatric Cardiothoracic Critical Care,ONC Pediatric General Hematology/Oncology Ward,3
Pediatric Cardiothoracic Critical Care,Exit,19
Pediatric Medical/Surgical Critical Care,Pediatric Medical Ward,38
Pediatric Medical/Surgical Critical Care,Operating Room/Suite,17
Pediatric Medical/Surgical Critical Care,Postpartum Ward,1
Pediatric Medical/Surgical Critical Care,Pulmonary Ward,1
Pediatric Medical/Surgical Critical Care,Pediatric Cardiothoracic Critical Care,1
Pediatric Medical/Surgical Critical Care,Pediatric Step Down Unit (post-critical care),3
Pediatric Medical/Surgical Critical Care,ONC Pediatric Hematopoietic Stem Cell Transplant Ward,2
Pediatric Medical/Surgical Critical Care,ONC Pediatric General Hematology/Oncology Ward,34
Pediatric Medical/Surgical Critical Care,Exit,15
Pediatric Step Down Unit (post-critical care),Pediatric Medical Ward,1
Pediatric Step Down Unit (post-critical care),Operating Room/Suite,1
Pediatric Step Down Unit (post-critical care),Pediatric Cardiothoracic Critical Care,7
Pediatric Step Down Unit (post-critical care),Pediatric Medical/Surgical Critical Care,1
Pediatric Step Down Unit (post-critical care),Exit,33
Step down Neonatal Nursery (Level II),Neonatal Critical Care (Level IV),23
Step down Neonatal Nursery (Level II),Exit,17
Surgical Cardiothoracic Critical Care,Adult Step Down Unit (post-critical care),54
Surgical Cardiothoracic Critical Care,Medical Ward,3
Surgical Cardiothoracic Critical Care,Medical/Surgical Ward,134
Surgical Cardiothoracic Critical Care,Operating Room/Suite,60
Surgical Cardiothoracic Critical Care,Pulmonary Ward,3
Surgical Cardiothoracic Critical Care,Surgical Ward,9
Surgical Cardiothoracic Critical Care,Medical Cardiac Critical Care,2
Surgical Cardiothoracic Critical Care,Surgical Critical Care,1
Surgical Cardiothoracic Critical Care,ONC General Hematology/Oncology Ward,2
Surgical Cardiothoracic Critical Care,Exit,14
Surgical Critical Care,Adult Step Down Unit (post-critical care),1
Surgical Critical Care,Pediatric Medical Ward,1
Surgical Critical Care,Medical Ward,16
Surgical Critical Care,Medical/Surgical Ward,17
Surgical Critical Care,Neurology Ward,7
Surgical Critical Care,Operating Room/Suite,65
Surgical Critical Care,Postpartum Ward,2
Surgical Critical Care,Pulmonary Ward,2
Surgical Critical Care,Surgical Ward,36
Surgical Critical Care,"Labor, Delivery, Recovery, Postpartum Suite (LDRP)",1
Surgical Critical Care,Medical Cardiac Critical Care,1
Surgical Critical Care,Medical Critical Care,2
Surgical Critical Care,Neurologic Critical Care,1
Surgical Critical Care,Pediatric Medical/Surgical Critical Care,1
Surgical Critical Care,Surgical Cardiothoracic Critical Care,2
Surgical Critical Care,ONC General Hematology/Oncology Ward,8
Surgical Critical Care,Adult Mixed Acuity Unit,1
Surgical Critical Care,Exit,15
ONC Hematopoietic Stem Cell Transplant Ward,Endoscopy Suite,6
ONC Hematopoietic Stem Cell Transplant Ward,Medical Ward,1
ONC Hematopoietic Stem Cell Transplant Ward,Neurology Ward,1
ONC Hematopoietic Stem Cell Transplant Ward,Operating Room/Suite,3
ONC Hematopoietic Stem Cell Transplant Ward,ONC General Hematology/Oncology Ward,7
ONC Hematopoietic Stem Cell Transplant Ward,Exit,52
ONC General Hematology/Oncology Ward,Endoscopy Suite,37
ONC General Hematology/Oncology Ward,Medical Ward,4
ONC General Hematology/Oncology Ward,Medical/Surgical Ward,2
ONC General Hematology/Oncology Ward,Neurosurgical Ward,1
ONC General Hematology/Oncology Ward,Operating Room/Suite,44
ONC General Hematology/Oncology Ward,Surgical Ward,3
ONC General Hematology/Oncology Ward,Medical Cardiac Critical Care,6
ONC General Hematology/Oncology Ward,Medical Critical Care,4
ONC General Hematology/Oncology Ward,Neurologic Critical Care,2
ONC General Hematology/Oncology Ward,Surgical Cardiothoracic Critical Care,1
ONC General Hematology/Oncology Ward,Surgical Critical Care,1
ONC General Hematology/Oncology Ward,ONC Pediatric General Hematology/Oncology Ward,1
ONC General Hematology/Oncology Ward,Exit,498
ONC Pediatric Hematopoietic Stem Cell Transplant Ward,Operating Room/Suite,5
ONC Pediatric Hematopoietic Stem Cell Transplant Ward,Pediatric Medical/Surgical Critical Care,2
ONC Pediatric Hematopoietic Stem Cell Transplant Ward,Exit,15
ONC Pediatric General Hematology/Oncology Ward,Medical Ward,1
ONC Pediatric General Hematology/Oncology Ward,Operating Room/Suite,17
ONC Pediatric General Hematology/Oncology Ward,Pediatric Cardiothoracic Critical Care,2
ONC Pediatric General Hematology/Oncology Ward,Pediatric Medical/Surgical Critical Care,11
ONC Pediatric General Hematology/Oncology Ward,ONC Pediatric Hematopoietic Stem Cell Transplant Ward,1
ONC Pediatric General Hematology/Oncology Ward,Exit,175
Adult Mixed Acuity Unit,Operating Room/Suite,1
Adult Mixed Acuity Unit,Exit,10
Neonatal Critical Care (Level IV),Pediatric Medical Ward,2
Neonatal Critical Care (Level IV),Operating Room/Suite,11
Neonatal Critical Care (Level IV),Postpartum Ward,8
Neonatal Critical Care (Level IV),"Labor, Delivery, Recovery, Postpartum Suite (LDRP)",3
Neonatal Critical Care (Level IV),Pediatric Medical/Surgical Critical Care,1
Neonatal Critical Care (Level IV),Step down Neonatal Nursery (Level II),40
Neonatal Critical Care (Level IV),ONC Pediatric General Hematology/Oncology Ward,4
Neonatal Critical Care (Level IV),Exit,35
