source,destination,count
Entry,24-Hour Observation Area,34
Entry,Adult Step Down Unit (post-critical care),20
Entry,Ambulatory Surgery Center,387
Entry,Emergency Department,4779
Entry,Endoscopy Suite,6
Entry,Behavioral Health/Psych Ward,38
Entry,Pediatric Medical Ward,22
Entry,Medical Ward,246
Entry,Medical/Surgical Ward,79
Entry,Neurology Ward,27
Entry,Neurosurgical Ward,24
Entry,Operating Room/Suite,1229
Entry,Postpartum Ward,94
Entry,Pulmonary Ward,26
Entry,Surgical Ward,55
Entry,"Labor, Delivery, Recovery, Postpartum Suite (LDRP)",414
Entry,Medical Cardiac Critical Care,28
Entry,Medical Critical Care,19
Entry,Neurologic Critical Care,15
Entry,Pediatric Cardiothoracic Critical Care,8
Entry,Pediatric Medical/Surgical Critical Care,12
Entry,Pediatric Step Down Unit (post-critical care),18
Entry,Surgical Cardiothoracic Critical Care,11
Entry,Surgical Critical Care,3
Entry,ONC Hematopoietic Stem Cell Transplant Ward,26
Entry,ONC General Hematology/Oncology Ward,132
Entry,ONC Pediatric Hematopoietic Stem Cell Transplant Ward,10
Entry,ONC Pediatric General Hematology/Oncology Ward,68
Entry,Neonatal Critical Care (Level IV),52
24-Hour Observation Area,24-Hour Observation Area,2
24-Hour Observation Area,Adult Step Down Unit (post-critical care),2
24-Hour Observation Area,Medical Ward,7
24-Hour Observation Area,Medical/Surgical Ward,1
24-Hour Observation Area,Neurology Ward,1
24-Hour Observation Area,Operating Room/Suite,3
24-Hour Observation Area,Surgical Ward,10
24-Hour Observation Area,ONC Hematopoietic Stem Cell Transplant Ward,3
24-Hour Observation Area,ONC General Hematology/Oncology Ward,7
24-Hour Observation Area,Exit,138
Adult Step Down Unit (post-critical care),Adult Step Down Unit (post-critical care),3
Adult Step Down Unit (post-critical care),Endoscopy Suite,10
Adult Step Down Unit (post-critical care),Operating Room/Suite,23
Adult Step Down Unit (post-critical care),Medical Cardiac Critical Care,1
Adult Step Down Unit (post-critical care),Surgical Cardiothoracic Critical Care,5
Adult Step Down Unit (post-critical care),Exit,77
Ambulatory Surgery Center,24-Hour Observation Area,2
Ambulatory Surgery Center,Exit,385
Emergency Department,24-Hour Observation Area,1
Emergency Department,Adult Step Down Unit (post-critical care),18
Emergency Department,Emergency Department,8216
Emergency Department,Endoscopy Suite,1
Emergency Department,Pediatric Medical Ward,62
Emergency Department,Medical Ward,490
Emergency Department,Medical/Surgical Ward,119
Emergency Department,Neurology Ward,68
Emergency Department,Neurosurgical Ward,57
Emergency Department,Operating Room/Suite,89
Emergency Department,Postpartum Ward,2
Emergency Department,Pulmonary Ward,62
Emergency Department,Surgical Ward,189
Emergency Department,"Labor, Delivery, Recovery, Postpartum Suite (LDRP)",1
Emergency Department,Medical Cardiac Critical Care,54
Emergency Department,Medical Critical Care,46
Emergency Department,Neurologic Critical Care,54
Emergency Department,Pediatric Cardiothoracic Critical Care,1
Emergency Department,Pediatric Medical/Surgical Critical Care,17
Emergency Department,Pediatric Step Down Unit (post-critical care),2
Emergency Department,Surgical Cardiothoracic Critical Care,7
Emergency Department,Surgical Critical Care,49
Emergency Department,ONC Hematopoietic Stem Cell Transplant Ward,22
Emergency Department,ONC General Hematology/Oncology Ward,188
Emergency Department,ONC Pediatric Hematopoietic Stem Cell Transplant Ward,1
Emergency Department,ONC Pediatric General Hematology/Oncology Ward,51
Emergency Department,Exit,3106
Endoscopy Suite,Adult Step Down Unit (post-critical care),10
Endoscopy Suite,Emergency Department,1
Endoscopy Suite,Medical Ward,58
Endoscopy Suite,Medical/Surgical Ward,20
Endoscopy Suite,Neurosurgical Ward,1
Endoscopy Suite,Pulmonary Ward,18
Endoscopy Suite,Surgical Ward,20
Endoscopy Suite,Medical Critical Care,2
Endoscopy Suite,Neurologic Critical Care,1
Endoscopy Suite,ONC Hematopoietic Stem Cell Transplant Ward,6
Endoscopy Suite,ONC General Hematology/Oncology Ward,27
Endoscopy Suite,ONC Pediatric Hematopoietic Stem Cell Transplant Ward,1
Endoscopy Suite,ONC Pediatric General Hematology/Oncology Ward,1
Endoscopy Suite,Exit,4
Behavioral Health/Psych Ward,Behavioral Health/Psych Ward,3
Behavioral Health/Psych Ward,Exit,38
Pediatric Medical Ward,Pediatric Medical Ward,6
Pediatric Medical Ward,Operating Room/Suite,40
Pediatric Medical Ward,Pulmonary Ward,1
Pediatric Medical Ward,Surgical Ward,1
Pediatric Medical Ward,Pediatric Medical/Surgical Critical Care,10
Pediatric Medical Ward,ONC Pediatric General Hematology/Oncology Ward,3
Pediatric Medical Ward,Exit,151
Medical Ward,Endoscopy Suite,57
Medical Ward,Medical Ward,77
Medical Ward,Medical/Surgical Ward,2
Medical Ward,Neurology Ward,2
Medical Ward,Neurosurgical Ward,1
Medical Ward,Operating Room/Suite,102
Medical Ward,Pulmonary Ward,3
Medical Ward,Surgical Ward,3
Medical Ward,Medical Cardiac Critical Care,32
Medical Ward,Medical Critical Care,14
Medical Ward,Neurologic Critical Care,7
Medical Ward,Surgical Cardiothoracic Critical Care,6
Medical Ward,Surgical Critical Care,10
Medical Ward,ONC General Hematology/Oncology Ward,12
Medical Ward,Exit,815
Medical/Surgical Ward,Endoscopy Suite,20
Medical/Surgical Ward,Medical Ward,11
Medical/Surgical Ward,Medical/Surgical Ward,33
Medical/Surgical Ward,Operating Room/Suite,103
Medical/Surgical Ward,Pulmonary Ward,3
Medical/Surgical Ward,Surgical Ward,10
Medical/Surgical Ward,Medical Cardiac Critical Care,3
Medical/Surgical Ward,Medical Critical Care,4
Medical/Surgical Ward,Neurologic Critical Care,4
Medical/Surgical Ward,Surgical Cardiothoracic Critical Care,9
Medical/Surgical Ward,Surgical Critical Care,7
Medical/Surgical Ward,ONC General Hematology/Oncology Ward,5
Medical/Surgical Ward,Exit,266
Neurology Ward,Neurology Ward,5
Neurology Ward,Operating Room/Suite,19
Neurology Ward,Surgical Ward,3
Neurology Ward,Medical Cardiac Critical Care,1
Neurology Ward,Neurologic Critical Care,1
Neurology Ward,Surgical Critical Care,1
Neurology Ward,Exit,171
Neurosurgical Ward,Endoscopy Suite,1
Neurosurgical Ward,Neurosurgical Ward,1
Neurosurgical Ward,Operating Room/Suite,30
Neurosurgical Ward,Surgical Ward,1
Neurosurgical Ward,Neurologic Critical Care,11
Neurosurgical Ward,Surgical Critical Care,2
Neurosurgical Ward,ONC General Hematology/Oncology Ward,2
Neurosurgical Ward,Exit,131
Operating Room/Suite,24-Hour Observation Area,135
Operating Room/Suite,Adult Step Down Unit (post-critical care),24
Operating Room/Suite,Pediatric Medical Ward,94
Operating Room/Suite,Medical Ward,83
Operating Room/Suite,Medical/Surgical Ward,104
Operating Room/Suite,Neurology Ward,65
Operating Room/Suite,Neurosurgical Ward,40
Operating Room/Suite,Operating Room/Suite,181
Operating Room/Suite,Postpartum Ward,1
Operating Room/Suite,Pulmonary Ward,8
Operating Room/Suite,Surgical Ward,299
Operating Room/Suite,"Labor, Delivery, Recovery, Postpartum Suite (LDRP)",3
Operating Room/Suite,Medical Cardiac Critical Care,11
Operating Room/Suite,Medical Critical Care,4
Operating Room/Suite,Neurologic Critical Care,70
Operating Room/Suite,Pediatric Cardiothoracic Critical Care,26
Operating Room/Suite,Pediatric Medical/Surgical Critical Care,26
Operating Room/Suite,Pediatric Step Down Unit (post-critical care),2
Operating Room/Suite,Step down Neonatal Nursery (Level II),2
Operating Room/Suite,Surgical Cardiothoracic Critical Care,200
Operating Room/Suite,Surgical Critical Care,82
Operating Room/Suite,ONC General Hematology/Oncology Ward,169
Operating Room/Suite,ONC Pediatric Hematopoietic Stem Cell Transplant Ward,6
Operating Room/Suite,ONC Pediatric General Hematology/Oncology Ward,11
Operating Room/Suite,Neonatal Critical Care (Level IV),16
Operating Room/Suite,Exit,564
Postpartum Ward,Postpartum Ward,35
Postpartum Ward,"Labor, Delivery, Recovery, Postpartum Suite (LDRP)",16
Postpartum Ward,ONC General Hematology/Oncology Ward,1
Postpartum Ward,ONC Pediatric General Hematology/Oncology Ward,4
Postpartum Ward,Neonatal Critical Care (Level IV),11
Postpartum Ward,Exit,445
Pulmonary Ward,Endoscopy Suite,17
Pulmonary Ward,Medical Ward,1
Pulmonary Ward,Neurology Ward,1
Pulmonary Ward,Operating Room/Suite,8
Pulmonary Ward,Pulmonary Ward,9
Pulmonary Ward,Medical Cardiac Critical Care,1
Pulmonary Ward,Medical Critical Care,6
Pulmonary Ward,Surgical Cardiothoracic Critical Care,3
Pulmonary Ward,Exit,100
Surgical Ward,Endoscopy Suite,20
Surgical Ward,Medical Ward,5
Surgical Ward,Medical/Surgical Ward,3
Surgical Ward,Neurosurgical Ward,1
Surgical Ward,Operating Room/Suite,131
Surgical Ward,Surgical Ward,40
Surgical Ward,Medical Cardiac Critical Care,2
Surgical Ward,Medical Critical Care,2
Surgical Ward,Neurologic Critical Care,1
Surgical Ward,Surgical Critical Care,3
Surgical Ward,ONC General Hematology/Oncology Ward,9
Surgical Ward,Exit,456
"Labor, Delivery, Recovery, Postpartum Suite (LDRP)",Pediatric Medical Ward,3
"Labor, Delivery, Recovery, Postpartum Suite (LDRP)",Operating Room/Suite,4
"Labor, Delivery, Recovery, Postpartum Suite (LDRP)",Postpartum Ward,373
"Labor, Delivery, Recovery, Postpartum Suite (LDRP)","Labor, Delivery, Recovery, Postpartum Suite (LDRP)",40
"Labor, Delivery, Recovery, Postpartum Suite (LDRP)",Medical Cardiac Critical Care,1
"Labor, Delivery, Recovery, Postpartum Suite (LDRP)",Medical Critical Care,1
"Labor, Delivery, Recovery, Postpartum Suite (LDRP)",Pediatric Cardiothoracic Critical Care,2
"Labor, Delivery, Recovery, Postpartum Suite (LDRP)",Surgical Critical Care,1
"Labor, Delivery, Recovery, Postpartum Suite (LDRP)",Neonatal Critical Care (Level IV),13
"Labor, Delivery, Recovery, Postpartum Suite (LDRP)",Exit,45
Medical Cardiac Critical Care,Medical Ward,74
Medical Cardiac Critical Care,Medical/Surgical Ward,1
Medical Cardiac Critical Care,Neurology Ward,1
Medical Cardiac Critical Care,Operating Room/Suite,18
Medical Cardiac Critical Care,Postpartum Ward,1
Medical Cardiac Critical Care,Pulmonary Ward,2
Medical Cardiac Critical Care,Surgical Ward,2
Medical Cardiac Critical Care,Medical Cardiac Critical Care,2
Medical Cardiac Critical Care,Medical Critical Care,1
Medical Cardiac Critical Care,Surgical Cardiothoracic Critical Care,3
Medical Cardiac Critical Care,ONC General Hematology/Oncology Ward,4
Medical Cardiac Critical Care,Exit,37
Medical Critical Care,Adult Step Down Unit (post-critical care),1
Medical Critical Care,Endoscopy Suite,1
Medical Critical Care,Medical Ward,51
Medical Critical Care,Medical/Surgical Ward,8
Medical Critical Care,Operating Room/Suite,6
Medical Critical Care,Pulmonary Ward,10
Medical Critical Care,Surgical Ward,1
Medical Critical Care,"Labor, Delivery, Recovery, Postpartum Suite (LDRP)",1
Medical Critical Care,Medical Critical Care,8
Medical Critical Care,ONC Hematopoietic Stem Cell Transplant Ward,1
Medical Critical Care,ONC General Hematology/Oncology Ward,10
Medical Critical Care,Exit,22
Neonatal Critical Care (Level III),Exit,1
Neurologic Critical Care,Endoscopy Suite,1
Neurologic Critical Care,Medical Ward,12
Neurologic Critical Care,Medical/Surgical Ward,5
Neurologic Critical Care,Neurology Ward,26
Neurologic Critical Care,Neurosurgical Ward,53
Neurologic Critical Care,Operating Room/Suite,22
Neurologic Critical Care,Pulmonary Ward,1
Neurologic Critical Care,Surgical Ward,2
Neurologic Critical Care,Medical Cardiac Critical Care,4
Neurologic Critical Care,Medical Critical Care,1
Neurologic Critical Care,Neurologic Critical Care,4
Neurologic Critical Care,Pediatric Medical/Surgical Critical Care,2
Neurologic Critical Care,Surgical Cardiothoracic Critical Care,1
Neurologic Critical Care,ONC Hematopoietic Stem Cell Transplant Ward,3
Neurologic Critical Care,ONC General Hematology/Oncology Ward,8
Neurologic Critical Care,Exit,33
Pediatric Cardiothoracic Critical Care,Pediatric Medical Ward,3
Pediatric Cardiothoracic Critical Care,Operating Room/Suite,9
Pediatric Cardiothoracic Critical Care,Pediatric Cardiothoracic Critical Care,25
Pediatric Cardiothoracic Critical Care,Pediatric Step Down Unit (post-critical care),30
Pediatric Cardiothoracic Critical Care,Neonatal Critical Care (Level IV),1
Pediatric Cardiothoracic Critical Care,Exit,6
Pediatric Medical/Surgical Critical Care,Pediatric Medical Ward,32
Pediatric Medical/Surgical Critical Care,Neurology Ward,1
Pediatric Medical/Surgical Critical Care,Operating Room/Suite,11
Pediatric Medical/Surgical Critical Care,Surgical Ward,1
Pediatric Medical/Surgical Critical Care,Pediatric Medical/Surgical Critical Care,11
Pediatric Medical/Surgical Critical Care,Pediatric Step Down Unit (post-critical care),2
Pediatric Medical/Surgical Critical Care,ONC General Hematology/Oncology Ward,1
Pediatric Medical/Surgical Critical Care,ONC Pediatric Hematopoietic Stem Cell Transplant Ward,4
Pediatric Medical/Surgical Critical Care,ONC Pediatric General Hematology/Oncology Ward,18
Pediatric Medical/Surgical Critical Care,Exit,10
Pediatric Step Down Unit (post-critical care),Operating Room/Suite,5
Pediatric Step Down Unit (post-critical care),Medical Cardiac Critical Care,1
Pediatric Step Down Unit (post-critical care),Pediatric Cardiothoracic Critical Care,7
Pediatric Step Down Unit (post-critical care),Pediatric Medical/Surgical Critical Care,1
Pediatric Step Down Unit (post-critical care),Pediatric Step Down Unit (post-critical care),13
Pediatric Step Down Unit (post-critical care),Exit,37
Step down Neonatal Nursery (Level II),Operating Room/Suite,3
Step down Neonatal Nursery (Level II),Step down Neonatal Nursery (Level II),11
Step down Neonatal Nursery (Level II),ONC Pediatric General Hematology/Oncology Ward,1
Step down Neonatal Nursery (Level II),Neonatal Critical Care (Level IV),25
Step down Neonatal Nursery (Level II),Exit,16
Surgical Cardiothoracic Critical Care,Adult Step Down Unit (post-critical care),39
Surgical Cardiothoracic Critical Care,Medical Ward,5
Surgical Cardiothoracic Critical Care,Medical/Surgical Ward,111
Surgical Cardiothoracic Critical Care,Operating Room/Suite,60
Surgical Cardiothoracic Critical Care,Pulmonary Ward,3
Surgical Cardiothoracic Critical Care,Surgical Ward,14
Surgical Cardiothoracic Critical Care,Medical Critical Care,1
Surgical Cardiothoracic Critical Care,Neurologic Critical Care,1
Surgical Cardiothoracic Critical Care,Surgical Cardiothoracic Critical Care,5
Surgical Cardiothoracic Critical Care,Surgical Critical Care,1
Surgical Cardiothoracic Critical Care,ONC Hematopoietic Stem Cell Transplant Ward,1
Surgical Cardiothoracic Critical Care,ONC General Hematology/Oncology Ward,1
Surgical Cardiothoracic Critical Care,Exit,11
Surgical Critical Care,Adult Step Down Unit (post-critical care),1
Surgical Critical Care,Medical Ward,29
Surgical Critical Care,Medical/Surgical Ward,10
Surgical Critical Care,Neurology Ward,8
Surgical Critical Care,Neurosurgical Ward,2
Surgical Critical Care,Operating Room/Suite,38
Surgical Critical Care,Postpartum Ward,1
Surgical Critical Care,Pulmonary Ward,1
Surgical Critical Care,Surgical Ward,27
Surgical Critical Care,Medical Critical Care,2
Surgical Critical Care,Neurologic Critical Care,2
Surgical Critical Care,Surgical Critical Care,1
Surgical Critical Care,ONC General Hematology/Oncology Ward,22
Surgical Critical Care,Exit,23
ONC Hematopoietic Stem Cell Transplant Ward,Endoscopy Suite,6
ONC Hematopoietic Stem Cell Transplant Ward,Medical Critical Care,1
ONC Hematopoietic Stem Cell Transplant Ward,Neurologic Critical Care,1
ONC Hematopoietic Stem Cell Transplant Ward,Surgical Cardiothoracic Critical Care,1
ONC Hematopoietic Stem Cell Transplant Ward,ONC Hematopoietic Stem Cell Transplant Ward,6
ONC Hematopoietic Stem Cell Transplant Ward,ONC General Hematology/Oncology Ward,8
ONC Hematopoietic Stem Cell Transplant Ward,Exit,41
ONC General Hematology/Oncology Ward,Endoscopy Suite,28
ONC General Hematology/Oncology Ward,Medical Ward,7
ONC General Hematology/Oncology Ward,Neurosurgical Ward,1
ONC General Hematology/Oncology Ward,Operating Room/Suite,63
ONC General Hematology/Oncology Ward,Surgical Ward,3
ONC General Hematology/Oncology Ward,Medical Cardiac Critical Care,3
ONC General Hematology/Oncology Ward,Medical Critical Care,6
ONC General Hematology/Oncology Ward,Neurologic Critical Care,2
ONC General Hematology/Oncology Ward,Pediatric Medical/Surgical Critical Care,1
ONC General Hematology/Oncology Ward,Surgical Critical Care,6
ONC General Hematology/Oncology Ward,ONC General Hematology/Oncology Ward,36
ONC General Hematology/Oncology Ward,Exit,488
ONC Pediatric Hematopoietic Stem Cell Transplant Ward,Endoscopy Suite,1
ONC Pediatric Hematopoietic Stem Cell Transplant Ward,Operating Room/Suite,5
ONC Pediatric Hematopoietic Stem Cell Transplant Ward,Pediatric Medical/Surgical Critical Care,5
ONC Pediatric Hematopoietic Stem Cell Transplant Ward,ONC Pediatric Hematopoietic Stem Cell Transplant Ward,3
ONC Pediatric Hematopoietic Stem Cell Transplant Ward,ONC Pediatric General Hematology/Oncology Ward,1
ONC Pediatric Hematopoietic Stem Cell Transplant Ward,Exit,11
ONC Pediatric General Hematology/Oncology Ward,Endoscopy Suite,1
ONC Pediatric General Hematology/Oncology Ward,Pediatric Medical Ward,1
ONC Pediatric General Hematology/Oncology Ward,Neurosurgical Ward,1
ONC Pediatric General Hematology/Oncology Ward,Operating Room/Suite,12
ONC Pediatric General Hematology/Oncology Ward,Pediatric Medical/Surgical Critical Care,4
ONC Pediatric General Hematology/Oncology Ward,ONC Pediatric General Hematology/Oncology Ward,11
ONC Pediatric General Hematology/Oncology Ward,Exit,141
Neonatal Critical Care (Level IV),Pediatric Medical Ward,1
Neonatal Critical Care (Level IV),Operating Room/Suite,15
Neonatal Critical Care (Level IV),Postpartum Ward,8
Neonatal Critical Care (Level IV),"Labor, Delivery, Recovery, Postpartum Suite (LDRP)",2
Neonatal Critical Care (Level IV),Pediatric Cardiothoracic Critical Care,1
Neonatal Critical Care (Level IV),Pediatric Step Down Unit (post-critical care),1
Neonatal Critical Care (Level IV),Step down Neonatal Nursery (Level II),43
Neonatal Critical Care (Level IV),ONC Pediatric General Hematology/Oncology Ward,5
Neonatal Critical Care (Level IV),Neonatal Critical Care (Level IV),155
Neonatal Critical Care (Level IV),Exit,36
