source,destination,count
Entry,24-Hour Observation Area,139
Entry,Adult Step Down Unit (post-critical care),39
Entry,Ambulatory Surgery Center,600
Entry,Emergency Department,5741
Entry,Endoscopy Suite,7
Entry,Behavioral Health/Psych Ward,45
Entry,Pediatric Medical Ward,36
Entry,Medical Ward,237
Entry,Medical/Surgical Ward,142
Entry,Neurology Ward,47
Entry,Neurosurgical Ward,37
Entry,Operating Room/Suite,1804
Entry,Postpartum Ward,156
Entry,Pulmonary Ward,29
Entry,Surgical Ward,65
Entry,"Labor, Delivery, Recovery, Postpartum Suite (LDRP)",454
Entry,Medical Cardiac Critical Care,24
Entry,Medical Critical Care,21
Entry,Neurologic Critical Care,14
Entry,Pediatric Cardiothoracic Critical Care,17
Entry,Pediatric Medical/Surgical Critical Care,27
Entry,Pediatric Step Down Unit (post-critical care),6
Entry,Surgical Cardiothoracic Critical Care,12
Entry,Surgical Critical Care,6
Entry,ONC Hematopoietic Stem Cell Transplant Ward,26
Entry,ONC General Hematology/Oncology Ward,159
Entry,ONC Pediatric Hematopoietic Stem Cell Transplant Ward,13
Entry,ONC Pediatric General Hematology/Oncology Ward,74
Entry,Adult Mixed Acuity Unit,3
Entry,Neonatal Critical Care (Level IV),45
24-Hour Observation Area,24-Hour Observation Area,13
24-Hour Observation Area,Medical Ward,9
24-Hour Observation Area,Medical/Surgical Ward,9
24-Hour Observation Area,Neurology Ward,5
24-Hour Observation Area,Neurosurgical Ward,2
24-Hour Observation Area,Operating Room/Suite,9
24-Hour Observation Area,Surgical Ward,25
24-Hour Observation Area,Medical Cardiac Critical Care,4
24-Hour Observation Area,Medical Critical Care,1
24-Hour Observation Area,ONC General Hematology/Oncology Ward,15
24-Hour Observation Area,Exit,408
Adult Step Down Unit (post-critical care),Adult Step Down Unit (post-critical care),27
Adult Step Down Unit (post-critical care),Endoscopy Suite,11
Adult Step Down Unit (post-critical care),Medical/Surgical Ward,1
Adult Step Down Unit (post-critical care),Operating Room/Suite,35
Adult Step Down Unit (post-critical care),Surgical Cardiothoracic Critical Care,5
Adult Step Down Unit (post-critical care),ONC General Hematology/Oncology Ward,3
Adult Step Down Unit (post-critical care),Exit,92
Ambulatory Surgery Center,24-Hour Observation Area,12
Ambulatory Surgery Center,ONC General Hematology/Oncology Ward,1
Ambulatory Surgery Center,Exit,587
Emergency Department,Adult Step Down Unit (post-critical care),14
Emergency Department,Emergency Department,13798
Emergency Department,Endoscopy Suite,18
Emergency Department,Pediatric Medical Ward,86
Emergency Department,Medical Ward,519
Emergency Department,Medical/Surgical Ward,119
Emergency Department,Neurology Ward,61
Emergency Department,Neurosurgical Ward,71
Emergency Department,Operating Room/Suite,143
Emergency Department,Postpartum Ward,1
Emergency Department,Pulmonary Ward,42
Emergency Department,Surgical Ward,145
Emergency Department,Medical Cardiac Critical Care,62
Emergency Department,Medical Critical Care,45
Emergency Department,Neurologic Critical Care,38
Emergency Department,Pediatric Cardiothoracic Critical Care,1
Emergency Department,Pediatric Medical/Surgical Critical Care,23
Emergency Department,Pediatric Step Down Unit (post-critical care),7
Emergency Department,Surgical Cardiothoracic Critical Care,8
Emergency Department,Surgical Critical Care,52
Emergency Department,ONC Hematopoietic Stem Cell Transplant Ward,10
Emergency Department,ONC General Hematology/Oncology Ward,155
Emergency Department,ONC Pediatric General Hematology/Oncology Ward,90
Emergency Department,Adult Mixed Acuity Unit,33
Emergency Department,Exit,4056
Endoscopy Suite,Adult Step Down Unit (post-critical care),11
Endoscopy Suite,Emergency Department,15
Endoscopy Suite,Endoscopy Suite,1
Endoscopy Suite,Pediatric Medical Ward,1
Endoscopy Suite,Medical Ward,50
Endoscopy Suite,Medical/Surgical Ward,34
Endoscopy Suite,Neurology Ward,1
Endoscopy Suite,Neurosurgical Ward,2
Endoscopy Suite,Pulmonary Ward,18
Endoscopy Suite,Surgical Ward,15
Endoscopy Suite,Medical Critical Care,2
Endoscopy Suite,Surgical Cardiothoracic Critical Care,1
Endoscopy Suite,ONC Hematopoietic Stem Cell Transplant Ward,8
Endoscopy Suite,ONC General Hematology/Oncology Ward,32
Endoscopy Suite,Exit,6
Behavioral Health/Psych Ward,Behavioral Health/Psych Ward,12
Behavioral Health/Psych Ward,Exit,44
Pediatric Medical Ward,Endoscopy Suite,1
Pediatric Medical Ward,Pediatric Medical Ward,17
Pediatric Medical Ward,Medical Ward,1
Pediatric Medical Ward,Operating Room/Suite,70
Pediatric Medical Ward,Pediatric Cardiothoracic Critical Care,3
Pediatric Medical Ward,Pediatric Medical/Surgical Critical Care,5
Pediatric Medical Ward,Exit,233
Medical Ward,24-Hour Observation Area,2
Medical Ward,Endoscopy Suite,48
Medical Ward,Medical Ward,57
Medical Ward,Medical/Surgical Ward,2
Medical Ward,Operating Room/Suite,85
Medical Ward,Pulmonary Ward,4
Medical Ward,Surgical Ward,4
Medical Ward,Medical Cardiac Critical Care,35
Medical Ward,Medical Critical Care,9
Medical Ward,Neurologic Critical Care,2
Medical Ward,Surgical Cardiothoracic Critical Care,5
Medical Ward,Surgical Critical Care,8
Medical Ward,ONC General Hematology/Oncology Ward,12
Medical Ward,Adult Mixed Acuity Unit,4
Medical Ward,Exit,856
Medical/Surgical Ward,Endoscopy Suite,34
Medical/Surgical Ward,Medical Ward,15
Medical/Surgical Ward,Medical/Surgical Ward,25
Medical/Surgical Ward,Operating Room/Suite,157
Medical/Surgical Ward,Pulmonary Ward,1
Medical/Surgical Ward,Surgical Ward,10
Medical/Surgical Ward,Medical Cardiac Critical Care,1
Medical/Surgical Ward,Medical Critical Care,1
Medical/Surgical Ward,Neurologic Critical Care,2
Medical/Surgical Ward,Surgical Cardiothoracic Critical Care,16
Medical/Surgical Ward,Surgical Critical Care,6
Medical/Surgical Ward,ONC General Hematology/Oncology Ward,8
Medical/Surgical Ward,Exit,426
Neurology Ward,Endoscopy Suite,1
Neurology Ward,Medical Ward,2
Neurology Ward,Neurology Ward,17
Neurology Ward,Operating Room/Suite,11
Neurology Ward,Medical Cardiac Critical Care,2
Neurology Ward,Neurologic Critical Care,1
Neurology Ward,Surgical Critical Care,1
Neurology Ward,ONC General Hematology/Oncology Ward,3
Neurology Ward,Exit,177
Neurosurgical Ward,Endoscopy Suite,2
Neurosurgical Ward,Medical Ward,3
Neurosurgical Ward,Neurology Ward,1
Neurosurgical Ward,Neurosurgical Ward,1
Neurosurgical Ward,Operating Room/Suite,32
Neurosurgical Ward,Surgical Ward,2
Neurosurgical Ward,Medical Cardiac Critical Care,3
Neurosurgical Ward,Medical Critical Care,1
Neurosurgical Ward,Neurologic Critical Care,4
Neurosurgical Ward,Exit,182
Operating Room/Suite,24-Hour Observation Area,319
Operating Room/Suite,Adult Step Down Unit (post-critical care),25
Operating Room/Suite,Pediatric Medical Ward,129
Operating Room/Suite,Medical Ward,79
Operating Room/Suite,Medical/Surgical Ward,174
Operating Room/Suite,Neurology Ward,59
Operating Room/Suite,Neurosurgical Ward,51
Operating Room/Suite,Operating Room/Suite,180
Operating Room/Suite,Postpartum Ward,4
Operating Room/Suite,Pulmonary Ward,11
Operating Room/Suite,Surgical Ward,322
Operating Room/Suite,Medical Cardiac Critical Care,11
Operating Room/Suite,Medical Critical Care,9
Operating Room/Suite,Neurologic Critical Care,82
Operating Room/Suite,Pediatric Cardiothoracic Critical Care,30
Operating Room/Suite,Pediatric Medical/Surgical Critical Care,33
Operating Room/Suite,Pediatric Step Down Unit (post-critical care),1
Operating Room/Suite,Surgical Cardiothoracic Critical Care,245
Operating Room/Suite,Surgical Critical Care,112
Operating Room/Suite,ONC Hematopoietic Stem Cell Transplant Ward,1
Operating Room/Suite,ONC General Hematology/Oncology Ward,133
Operating Room/Suite,ONC Pediatric Hematopoietic Stem Cell Transplant Ward,7
Operating Room/Suite,ONC Pediatric General Hematology/Oncology Ward,30
Operating Room/Suite,Adult Mixed Acuity Unit,1
Operating Room/Suite,Neonatal Critical Care (Level IV),13
Operating Room/Suite,Exit,896
Postpartum Ward,Operating Room/Suite,3
Postpartum Ward,Postpartum Ward,29
Postpartum Ward,Surgical Ward,1
Postpartum Ward,"Labor, Delivery, Recovery, Postpartum Suite (LDRP)",18
Postpartum Ward,ONC Pediatric General Hematology/Oncology Ward,5
Postpartum Ward,Neonatal Critical Care (Level IV),8
Postpartum Ward,Exit,532
Pulmonary Ward,Endoscopy Suite,19
Pulmonary Ward,Medical Ward,3
Pulmonary Ward,Operating Room/Suite,9
Pulmonary Ward,Pulmonary Ward,9
Pulmonary Ward,Surgical Ward,2
Pulmonary Ward,Medical Cardiac Critical Care,1
Pulmonary Ward,Medical Critical Care,4
Pulmonary Ward,Surgical Cardiothoracic Critical Care,1
Pulmonary Ward,ONC General Hematology/Oncology Ward,1
Pulmonary Ward,Exit,80
Surgical Ward,Endoscopy Suite,14
Surgical Ward,Medical Ward,1
Surgical Ward,Operating Room/Suite,124
Surgical Ward,Pulmonary Ward,1
Surgical Ward,Surgical Ward,29
Surgical Ward,Medical Cardiac Critical Care,3
Surgical Ward,Medical Critical Care,3
Surgical Ward,Neurologic Critical Care,2
Surgical Ward,Surgical Critical Care,4
Surgical Ward,ONC Hematopoietic Stem Cell Transplant Ward,1
Surgical Ward,ONC General Hematology/Oncology Ward,8
Surgical Ward,Exit,478
"Labor, Delivery, Recovery, Postpartum Suite (LDRP)",Pediatric Medical Ward,1
"Labor, Delivery, Recovery, Postpartum Suite (LDRP)",Operating Room/Suite,1
"Labor, Delivery, Recovery, Postpartum Suite (LDRP)",Postpartum Ward,382
"Labor, Delivery, Recovery, Postpartum Suite (LDRP)","Labor, Delivery, Recovery, Postpartum Suite (LDRP)",63
"Labor, Delivery, Recovery, Postpartum Suite (LDRP)",Medical Critical Care,1
"Labor, Delivery, Recovery, Postpartum Suite (LDRP)",Pediatric Cardiothoracic Critical Care,2
"Labor, Delivery, Recovery, Postpartum Suite (LDRP)",Pediatric Medical/Surgical Critical Care,2
"Labor, Delivery, Recovery, Postpartum Suite (LDRP)",Surgical Cardiothoracic Critical Care,1
"Labor, Delivery, Recovery, Postpartum Suite (LDRP)",Neonatal Critical Care (Level IV),21
"Labor, Delivery, Recovery, Postpartum Suite (LDRP)",Exit,61
Medical Cardiac Critical Care,Medical Ward,83
Medical Cardiac Critical Care,Medical/Surgical Ward,5
Medical Cardiac Critical Care,Neurology Ward,1
Medical Cardiac Critical Care,Neurosurgical Ward,2
Medical Cardiac Critical Care,Operating Room/Suite,17
Medical Cardiac Critical Care,Pulmonary Ward,3
Medical Cardiac Critical Care,"Labor, Delivery, Recovery, Postpartum Suite (LDRP)",1
Medical Cardiac Critical Care,Medical Cardiac Critical Care,1
Medical Cardiac Critical Care,Neurologic Critical Care,2
Medical Cardiac Critical Care,Surgical Cardiothoracic Critical Care,5
Medical Cardiac Critical Care,ONC General Hematology/Oncology Ward,6
Medical Cardiac Critical Care,Exit,32
Medical Critical Care,Endoscopy Suite,2
Medical Critical Care,Medical Ward,36
Medical Critical Care,Neurology Ward,1
Medical Critical Care,Neurosurgical Ward,1
Medical Critical Care,Operating Room/Suite,8
Medical Critical Care,Pulmonary Ward,10
Medical Critical Care,Surgical Ward,4
Medical Critical Care,"Labor, Delivery, Recovery, Postpartum Suite (LDRP)",1
Medical Critical Care,Medical Critical Care,23
Medical Critical Care,Neurologic Critical Care,1
Medical Critical Care,Surgical Cardiothoracic Critical Care,1
Medical Critical Care,Surgical Critical Care,1
Medical Critical Care,ONC General Hematology/Oncology Ward,8
Medical Critical Care,Adult Mixed Acuity Unit,15
Medical Critical Care,Exit,21
Neurologic Critical Care,Medical Ward,8
Neurologic Critical Care,Neurology Ward,16
Neurologic Critical Care,Neurosurgical Ward,55
Neurologic Critical Care,Operating Room/Suite,20
Neurologic Critical Care,Surgical Ward,5
Neurologic Critical Care,Surgical Cardiothoracic Critical Care,1
Neurologic Critical Care,ONC Hematopoietic Stem Cell Transplant Ward,1
Neurologic Critical Care,ONC General Hematology/Oncology Ward,4
Neurologic Critical Care,Exit,43
Pediatric Cardiothoracic Critical Care,Pediatric Medical Ward,10
Pediatric Cardiothoracic Critical Care,Medical/Surgical Ward,1
Pediatric Cardiothoracic Critical Care,Operating Room/Suite,19
Pediatric Cardiothoracic Critical Care,Pediatric Cardiothoracic Critical Care,27
Pediatric Cardiothoracic Critical Care,Pediatric Medical/Surgical Critical Care,1
Pediatric Cardiothoracic Critical Care,Pediatric Step Down Unit (post-critical care),30
Pediatric Cardiothoracic Critical Care,Neonatal Critical Care (Level IV),4
Pediatric Cardiothoracic Critical Care,Exit,2
Pediatric Medical/Surgical Critical Care,Pediatric Medical Ward,32
Pediatric Medical/Surgical Critical Care,Medical Ward,1
Pediatric Medical/Surgical Critical Care,Operating Room/Suite,10
Pediatric Medical/Surgical Critical Care,Surgical Ward,1
Pediatric Medical/Surgical Critical Care,"Labor, Delivery, Recovery, Postpartum Suite (LDRP)",1
Pediatric Medical/Surgical Critical Care,Pediatric Medical/Surgical Critical Care,29
Pediatric Medical/Surgical Critical Care,Pediatric Step Down Unit (post-critical care),4
Pediatric Medical/Surgical Critical Care,ONC Pediatric Hematopoietic Stem Cell Transplant Ward,1
Pediatric Medical/Surgical Critical Care,ONC Pediatric General Hematology/Oncology Ward,27
Pediatric Medical/Surgical Critical Care,Exit,33
Pediatric Step Down Unit (post-critical care),Pediatric Medical Ward,5
Pediatric Step Down Unit (post-critical care),Operating Room/Suite,1
Pediatric Step Down Unit (post-critical care),Pediatric Cardiothoracic Critical Care,12
Pediatric Step Down Unit (post-critical care),Pediatric Medical/Surgical Critical Care,2
Pediatric Step Down Unit (post-critical care),Pediatric Step Down Unit (post-critical care),12
Pediatric Step Down Unit (post-critical care),Exit,30
Step down Neonatal Nursery (Level II),Postpartum Ward,1
Step down Neonatal Nursery (Level II),Step down Neonatal Nursery (Level II),2
Step down Neonatal Nursery (Level II),ONC Pediatric General Hematology/Oncology Ward,1
Step down Neonatal Nursery (Level II),Neonatal Critical Care (Level IV),15
Step down Neonatal Nursery (Level II),Exit,11
Surgical Cardiothoracic Critical Care,Adult Step Down Unit (post-critical care),52
Surgical Cardiothoracic Critical Care,Medical Ward,2
Surgical Cardiothoracic Critical Care,Medical/Surgical Ward,165
Surgical Cardiothoracic Critical Care,Neurosurgical Ward,1
Surgical Cardiothoracic Critical Care,Operating Room/Suite,65
Surgical Cardiothoracic Critical Care,Postpartum Ward,1
Surgical Cardiothoracic Critical Care,Pulmonary Ward,1
Surgical Cardiothoracic Critical Care,Medical Cardiac Critical Care,4
Surgical Cardiothoracic Critical Care,Surgical Cardiothoracic Critical Care,2
Surgical Cardiothoracic Critical Care,ONC General Hematology/Oncology Ward,3
Surgical Cardiothoracic Critical Care,Exit,15
Surgical Critical Care,Adult Step Down Unit (post-critical care),1
Surgical Critical Care,Medical Ward,26
Surgical Critical Care,Medical/Surgical Ward,21
Surgical Critical Care,Neurology Ward,8
Surgical Critical Care,Neurosurgical Ward,3
Surgical Critical Care,Operating Room/Suite,59
Surgical Critical Care,Surgical Ward,39
Surgical Critical Care,Medical Cardiac Critical Care,1
Surgical Critical Care,Medical Critical Care,3
Surgical Critical Care,Neurologic Critical Care,2
Surgical Critical Care,Pediatric Medical/Surgical Critical Care,1
Surgical Critical Care,Surgical Cardiothoracic Critical Care,2
Surgical Critical Care,Surgical Critical Care,4
Surgical Critical Care,ONC General Hematology/Oncology Ward,10
Surgical Critical Care,Adult Mixed Acuity Unit,2
Surgical Critical Care,Exit,17
ONC Hematopoietic Stem Cell Transplant Ward,Endoscopy Suite,8
ONC Hematopoietic Stem Cell Transplant Ward,Medical Ward,1
ONC Hematopoietic Stem Cell Transplant Ward,Operating Room/Suite,1
ONC Hematopoietic Stem Cell Transplant Ward,Neurologic Critical Care,1
ONC Hematopoietic Stem Cell Transplant Ward,ONC Hematopoietic Stem Cell Transplant Ward,7
ONC Hematopoietic Stem Cell Transplant Ward,ONC General Hematology/Oncology Ward,5
ONC Hematopoietic Stem Cell Transplant Ward,Exit,31
ONC General Hematology/Oncology Ward,Endoscopy Suite,31
ONC General Hematology/Oncology Ward,Medical Ward,2
ONC General Hematology/Oncology Ward,Neurology Ward,1
ONC General Hematology/Oncology Ward,Operating Room/Suite,46
ONC General Hematology/Oncology Ward,Surgical Ward,3
ONC General Hematology/Oncology Ward,Medical Cardiac Critical Care,8
ONC General Hematology/Oncology Ward,Medical Critical Care,7
ONC General Hematology/Oncology Ward,Surgical Cardiothoracic Critical Care,1
ONC General Hematology/Oncology Ward,Surgical Critical Care,5
ONC General Hematology/Oncology Ward,ONC General Hematology/Oncology Ward,20
ONC General Hematology/Oncology Ward,Exit,462
ONC Pediatric Hematopoietic Stem Cell Transplant Ward,Operating Room/Suite,6
ONC Pediatric Hematopoietic Stem Cell Transplant Ward,Pediatric Medical/Surgical Critical Care,1
ONC Pediatric Hematopoietic Stem Cell Transplant Ward,ONC Pediatric Hematopoietic Stem Cell Transplant Ward,1
ONC Pediatric Hematopoietic Stem Cell Transplant Ward,ONC Pediatric General Hematology/Oncology Ward,1
ONC Pediatric Hematopoietic Stem Cell Transplant Ward,Exit,11
ONC Pediatric General Hematology/Oncology Ward,Pediatric Medical Ward,2
ONC Pediatric General Hematology/Oncology Ward,Neurology Ward,1
ONC Pediatric General Hematology/Oncology Ward,Operating Room/Suite,23
ONC Pediatric General Hematology/Oncology Ward,Pediatric Medical/Surgical Critical Care,7
ONC Pediatric General Hematology/Oncology Ward,ONC Pediatric General Hematology/Oncology Ward,17
ONC Pediatric General Hematology/Oncology Ward,Exit,208
Adult Mixed Acuity Unit,Medical Ward,3
Adult Mixed Acuity Unit,Operating Room/Suite,2
Adult Mixed Acuity Unit,Surgical Ward,1
Adult Mixed Acuity Unit,Medical Critical Care,5
Adult Mixed Acuity Unit,Adult Mixed Acuity Unit,1
Adult Mixed Acuity Unit,Exit,47
Neonatal Critical Care (Level IV),Pediatric Medical Ward,4
Neonatal Critical Care (Level IV),Operating Room/Suite,13
Neonatal Critical Care (Level IV),Postpartum Ward,11
Neonatal Critical Care (Level IV),"Labor, Delivery, Recovery, Postpartum Suite (LDRP)",1
Neonatal Critical Care (Level IV),Pediatric Cardiothoracic Critical Care,3
Neonatal Critical Care (Level IV),Pediatric Medical/Surgical Critical Care,1
Neonatal Critical Care (Level IV),Pediatric Step Down Unit (post-critical care),1
Neonatal Critical Care (Level IV),Step down Neonatal Nursery (Level II),28
Neonatal Critical Care (Level IV),ONC Pediatric General Hematology/Oncology Ward,4
Neonatal Critical Care (Level IV),Neonatal Critical Care (Level IV),126
Neonatal Critical Care (Level IV),Exit,48
