source,destination,count
Entry,24-Hour Observation Area,127
Entry,Adult Step Down Unit (post-critical care),36
Entry,Ambulatory Surgery Center,551
Entry,Emergency Department,7149
Entry,Endoscopy Suite,9
Entry,Behavioral Health/Psych Ward,35
Entry,Pediatric Medical Ward,45
Entry,Medical Ward,279
Entry,Medical/Surgical Ward,130
Entry,Neurology Ward,45
Entry,Neurosurgical Ward,40
Entry,Operating Room/Suite,1790
Entry,Postpartum Ward,137
Entry,Pulmonary Ward,24
Entry,Surgical Ward,76
Entry,"Labor, Delivery, Recovery, Postpartum Suite (LDRP)",417
Entry,Medical Cardiac Critical Care,38
Entry,Medical Critical Care,35
Entry,Neonatal Critical Care (Level III),45
Entry,Neurologic Critical Care,22
Entry,Pediatric Cardiothoracic Critical Care,15
Entry,Pediatric Medical/Surgical Critical Care,28
Entry,Pediatric Step Down Unit (post-critical care),23
Entry,Surgical Cardiothoracic Critical Care,21
Entry,Surgical Critical Care,6
Entry,ONC Hematopoietic Stem Cell Transplant Ward,41
Entry,ONC General Hematology/Oncology Ward,156
Entry,ONC Pediatric Hematopoietic Stem Cell Transplant Ward,14
Entry,ONC Pediatric General Hematology/Oncology Ward,82
24-Hour Observation Area,24-Hour Observation Area,17
24-Hour Observation Area,Adult Step Down Unit (post-critical care),2
24-Hour Observation Area,Medical Ward,10
24-Hour Observation Area,Medical/Surgical Ward,26
24-Hour Observation Area,Neurology Ward,10
24-Hour Observation Area,Operating Room/Suite,11
24-Hour Observation Area,Surgical Ward,22
24-Hour Observation Area,Medical Cardiac Critical Care,1
24-Hour Observation Area,Medical Critical Care,2
24-Hour Observation Area,Neurologic Critical Care,1
24-Hour Observation Area,Surgical Critical Care,1
24-Hour Observation Area,ONC General Hematology/Oncology Ward,14
24-Hour Observation Area,Exit,324
Adult Step Down Unit (post-critical care),Adult Step Down Unit (post-critical care),3
Adult Step Down Unit (post-critical care),Emergency Department,1
Adult Step Down Unit (post-critical care),Endoscopy Suite,12
Adult Step Down Unit (post-critical care),Medical/Surgical Ward,1
Adult Step Down Unit (post-critical care),Operating Room/Suite,33
Adult Step Down Unit (post-critical care),Pulmonary Ward,1
Adult Step Down Unit (post-critical care),Surgical Cardiothoracic Critical Care,8
Adult Step Down Unit (post-critical care),Exit,82
Ambulatory Surgery Center,24-Hour Observation Area,4
Ambulatory Surgery Center,Surgical Ward,1
Ambulatory Surgery Center,Exit,546
Emergency Department,Adult Step Down Unit (post-critical care),12
Emergency Department,Emergency Department,17331
Emergency Department,Endoscopy Suite,11
Emergency Department,Pediatric Medical Ward,94
Emergency Department,Medical Ward,530
Emergency Department,Medical/Surgical Ward,156
Emergency Department,Neurology Ward,68
Emergency Department,Neurosurgical Ward,64
Emergency Department,Operating Room/Suite,114
Emergency Department,Pulmonary Ward,31
Emergency Department,Surgical Ward,187
Emergency Department,"Labor, Delivery, Recovery, Postpartum Suite (LDRP)",3
Emergency Department,Medical Cardiac Critical Care,31
Emergency Department,Medical Critical Care,75
Emergency Department,Neurologic Critical Care,44
Emergency Department,Pediatric Cardiothoracic Critical Care,3
Emergency Department,Pediatric Medical/Surgical Critical Care,33
Emergency Department,Pediatric Step Down Unit (post-critical care),9
Emergency Department,Surgical Cardiothoracic Critical Care,6
Emergency Department,Surgical Critical Care,39
Emergency Department,ONC Hematopoietic Stem Cell Transplant Ward,12
Emergency Department,ONC General Hematology/Oncology Ward,201
Emergency Department,ONC Pediatric General Hematology/Oncology Ward,94
Emergency Department,Exit,5301
Endoscopy Suite,Adult Step Down Unit (post-critical care),13
Endoscopy Suite,Emergency Department,11
Endoscopy Suite,Medical Ward,48
Endoscopy Suite,Medical/Surgical Ward,30
Endoscopy Suite,Neurology Ward,6
Endoscopy Suite,Neurosurgical Ward,1
Endoscopy Suite,Operating Room/Suite,1
Endoscopy Suite,Pulmonary Ward,16
Endoscopy Suite,Surgical Ward,24
Endoscopy Suite,Medical Cardiac Critical Care,1
Endoscopy Suite,Medical Critical Care,1
Endoscopy Suite,Neurologic Critical Care,1
Endoscopy Suite,ONC Hematopoietic Stem Cell Transplant Ward,10
Endoscopy Suite,ONC General Hematology/Oncology Ward,31
Endoscopy Suite,Exit,5
Behavioral Health/Psych Ward,Behavioral Health/Psych Ward,8
Behavioral Health/Psych Ward,Exit,33
Pediatric Medical Ward,Emergency Department,1
Pediatric Medical Ward,Pediatric Medical Ward,13
Pediatric Medical Ward,Operating Room/Suite,30
Pediatric Medical Ward,Surgical Ward,1
Pediatric Medical Ward,"Labor, Delivery, Recovery, Postpartum Suite (LDRP)",1
Pediatric Medical Ward,Neonatal Critical Care (Level III),1
Pediatric Medical Ward,Pediatric Medical/Surgical Critical Care,11
Pediatric Medical Ward,Pediatric Step Down Unit (post-critical care),2
Pediatric Medical Ward,ONC Pediatric General Hematology/Oncology Ward,2
Pediatric Medical Ward,Exit,247
Medical Ward,Adult Step Down Unit (post-critical care),1
Medical Ward,Emergency Department,23
Medical Ward,Endoscopy Suite,49
Medical Ward,Medical Ward,59
Medical Ward,Medical/Surgical Ward,3
Medical Ward,Neurosurgical Ward,1
Medical Ward,Operating Room/Suite,104
Medical Ward,Pulmonary Ward,7
Medical Ward,Surgical Ward,1
Medical Ward,Medical Cardiac Critical Care,40
Medical Ward,Medical Critical Care,15
Medical Ward,Neurologic Critical Care,4
Medical Ward,Pediatric Step Down Unit (post-critical care),1
Medical Ward,Surgical Cardiothoracic Critical Care,4
Medical Ward,Surgical Critical Care,12
Medical Ward,ONC Hematopoietic Stem Cell Transplant Ward,2
Medical Ward,ONC General Hematology/Oncology Ward,3
Medical Ward,Exit,885
Medical/Surgical Ward,24-Hour Observation Area,1
Medical/Surgical Ward,Adult Step Down Unit (post-critical care),1
Medical/Surgical Ward,Emergency Department,5
Medical/Surgical Ward,Endoscopy Suite,30
Medical/Surgical Ward,Medical Ward,15
Medical/Surgical Ward,Medical/Surgical Ward,20
Medical/Surgical Ward,Operating Room/Suite,157
Medical/Surgical Ward,Pulmonary Ward,2
Medical/Surgical Ward,Surgical Ward,12
Medical/Surgical Ward,Medical Cardiac Critical Care,3
Medical/Surgical Ward,Medical Critical Care,4
Medical/Surgical Ward,Surgical Cardiothoracic Critical Care,20
Medical/Surgical Ward,Surgical Critical Care,3
Medical/Surgical Ward,ONC General Hematology/Oncology Ward,2
Medical/Surgical Ward,Exit,429
Neurology Ward,24-Hour Observation Area,1
Neurology Ward,Emergency Department,2
Neurology Ward,Endoscopy Suite,5
Neurology Ward,Neurology Ward,8
Neurology Ward,Neurosurgical Ward,2
Neurology Ward,Operating Room/Suite,27
Neurology Ward,Pulmonary Ward,1
Neurology Ward,Medical Critical Care,1
Neurology Ward,Neurologic Critical Care,3
Neurology Ward,Surgical Critical Care,2
Neurology Ward,ONC General Hematology/Oncology Ward,4
Neurology Ward,Exit,176
Neurosurgical Ward,Emergency Department,1
Neurosurgical Ward,Endoscopy Suite,1
Neurosurgical Ward,Medical Ward,2
Neurosurgical Ward,Medical/Surgical Ward,1
Neurosurgical Ward,Neurosurgical Ward,4
Neurosurgical Ward,Operating Room/Suite,41
Neurosurgical Ward,Surgical Ward,1
Neurosurgical Ward,Neurologic Critical Care,4
Neurosurgical Ward,ONC General Hematology/Oncology Ward,2
Neurosurgical Ward,Exit,148
Operating Room/Suite,24-Hour Observation Area,291
Operating Room/Suite,Adult Step Down Unit (post-critical care),18
Operating Room/Suite,Pediatric Medical Ward,96
Operating Room/Suite,Medical Ward,80
Operating Room/Suite,Medical/Surgical Ward,154
Operating Room/Suite,Neurology Ward,61
Operating Room/Suite,Neurosurgical Ward,44
Operating Room/Suite,Operating Room/Suite,207
Operating Room/Suite,Pulmonary Ward,14
Operating Room/Suite,Surgical Ward,327
Operating Room/Suite,"Labor, Delivery, Recovery, Postpartum Suite (LDRP)",2
Operating Room/Suite,Medical Cardiac Critical Care,15
Operating Room/Suite,Medical Critical Care,29
Operating Room/Suite,Neonatal Critical Care (Level III),18
Operating Room/Suite,Neurologic Critical Care,95
Operating Room/Suite,Pediatric Cardiothoracic Critical Care,24
Operating Room/Suite,Pediatric Medical/Surgical Critical Care,36
Operating Room/Suite,Pediatric Step Down Unit (post-critical care),2
Operating Room/Suite,Surgical Cardiothoracic Critical Care,228
Operating Room/Suite,Surgical Critical Care,122
Operating Room/Suite,ONC Hematopoietic Stem Cell Transplant Ward,4
Operating Room/Suite,ONC General Hematology/Oncology Ward,129
Operating Room/Suite,ONC Pediatric Hematopoietic Stem Cell Transplant Ward,7
Operating Room/Suite,ONC Pediatric General Hematology/Oncology Ward,18
Operating Room/Suite,Exit,889
Postpartum Ward,Operating Room/Suite,1
Postpartum Ward,Postpartum Ward,43
Postpartum Ward,"Labor, Delivery, Recovery, Postpartum Suite (LDRP)",33
Postpartum Ward,Neonatal Critical Care (Level III),15
Postpartum Ward,Exit,473
Pulmonary Ward,Adult Step Down Unit (post-critical care),1
Pulmonary Ward,Emergency Department,1
Pulmonary Ward,Endoscopy Suite,16
Pulmonary Ward,Medical Ward,1
Pulmonary Ward,Operating Room/Suite,14
Pulmonary Ward,Pulmonary Ward,12
Pulmonary Ward,Medical Critical Care,7
Pulmonary Ward,Surgical Cardiothoracic Critical Care,1
Pulmonary Ward,Surgical Critical Care,2
Pulmonary Ward,Exit,82
Surgical Ward,Emergency Department,12
Surgical Ward,Endoscopy Suite,24
Surgical Ward,Medical Ward,4
Surgical Ward,Medical/Surgical Ward,4
Surgical Ward,Neurology Ward,2
Surgical Ward,Operating Room/Suite,92
Surgical Ward,Pulmonary Ward,2
Surgical Ward,Surgical Ward,36
Surgical Ward,Medical Cardiac Critical Care,1
Surgical Ward,Medical Critical Care,1
Surgical Ward,Neurologic Critical Care,3
Surgical Ward,Surgical Critical Care,6
Surgical Ward,ONC General Hematology/Oncology Ward,12
Surgical Ward,Exit,563
"Labor, Delivery, Recovery, Postpartum Suite (LDRP)",Operating Room/Suite,1
"Labor, Delivery, Recovery, Postpartum Suite (LDRP)",Postpartum Ward,378
"Labor, Delivery, Recovery, Postpartum Suite (LDRP)","Labor, Delivery, Recovery, Postpartum Suite (LDRP)",65
"Labor, Delivery, Recovery, Postpartum Suite (LDRP)",Neonatal Critical Care (Level III),16
"Labor, Delivery, Recovery, Postpartum Suite (LDRP)",Neurologic Critical Care,1
"Labor, Delivery, Recovery, Postpartum Suite (LDRP)",Pediatric Cardiothoracic Critical Care,1
"Labor, Delivery, Recovery, Postpartum Suite (LDRP)",Surgical Critical Care,1
"Labor, Delivery, Recovery, Postpartum Suite (LDRP)",Exit,62
Medical Cardiac Critical Care,Endoscopy Suite,1
Medical Cardiac Critical Care,Medical Ward,65
Medical Cardiac Critical Care,Medical/Surgical Ward,4
Medical Cardiac Critical Care,Neurosurgical Ward,1
Medical Cardiac Critical Care,Operating Room/Suite,26
Medical Cardiac Critical Care,Pulmonary Ward,1
Medical Cardiac Critical Care,Surgical Ward,1
Medical Cardiac Critical Care,Medical Cardiac Critical Care,2
Medical Cardiac Critical Care,Medical Critical Care,2
Medical Cardiac Critical Care,Neurologic Critical Care,2
Medical Cardiac Critical Care,Surgical Cardiothoracic Critical Care,3
Medical Cardiac Critical Care,ONC General Hematology/Oncology Ward,1
Medical Cardiac Critical Care,Exit,37
Medical Critical Care,Adult Step Down Unit (post-critical care),1
Medical Critical Care,Emergency Department,2
Medical Critical Care,Pediatric Medical Ward,1
Medical Critical Care,Medical Ward,81
Medical Critical Care,Medical/Surgical Ward,2
Medical Critical Care,Neurology Ward,2
Medical Critical Care,Operating Room/Suite,24
Medical Critical Care,Pulmonary Ward,19
Medical Critical Care,Surgical Ward,5
Medical Critical Care,Medical Cardiac Critical Care,1
Medical Critical Care,Medical Critical Care,6
Medical Critical Care,ONC Hematopoietic Stem Cell Transplant Ward,4
Medical Critical Care,ONC General Hematology/Oncology Ward,19
Medical Critical Care,Exit,34
Neonatal Critical Care (Level III),Pediatric Medical Ward,3
Neonatal Critical Care (Level III),Operating Room/Suite,18
Neonatal Critical Care (Level III),Postpartum Ward,6
Neonatal Critical Care (Level III),"Labor, Delivery, Recovery, Postpartum Suite (LDRP)",2
Neonatal Critical Care (Level III),Neonatal Critical Care (Level III),162
Neonatal Critical Care (Level III),Pediatric Medical/Surgical Critical Care,1
Neonatal Critical Care (Level III),Step down Neonatal Nursery (Level II),51
Neonatal Critical Care (Level III),ONC Pediatric Hematopoietic Stem Cell Transplant Ward,1
Neonatal Critical Care (Level III),Exit,40
Neurologic Critical Care,Emergency Department,3
Neurologic Critical Care,Endoscopy Suite,1
Neurologic Critical Care,Medical Ward,11
Neurologic Critical Care,Medical/Surgical Ward,1
Neurologic Critical Care,Neurology Ward,19
Neurologic Critical Care,Neurosurgical Ward,48
Neurologic Critical Care,Operating Room/Suite,20
Neurologic Critical Care,Surgical Ward,1
Neurologic Critical Care,"Labor, Delivery, Recovery, Postpartum Suite (LDRP)",1
Neurologic Critical Care,Medical Critical Care,2
Neurologic Critical Care,Neurologic Critical Care,2
Neurologic Critical Care,ONC General Hematology/Oncology Ward,4
Neurologic Critical Care,Exit,74
Pediatric Cardiothoracic Critical Care,Pediatric Medical Ward,2
Pediatric Cardiothoracic Critical Care,Operating Room/Suite,12
Pediatric Cardiothoracic Critical Care,Pediatric Cardiothoracic Critical Care,21
Pediatric Cardiothoracic Critical Care,Pediatric Medical/Surgical Critical Care,1
Pediatric Cardiothoracic Critical Care,Pediatric Step Down Unit (post-critical care),34
Pediatric Cardiothoracic Critical Care,Exit,8
Pediatric Medical/Surgical Critical Care,Emergency Department,1
Pediatric Medical/Surgical Critical Care,Pediatric Medical Ward,44
Pediatric Medical/Surgical Critical Care,Operating Room/Suite,13
Pediatric Medical/Surgical Critical Care,Surgical Ward,1
Pediatric Medical/Surgical Critical Care,Neonatal Critical Care (Level III),1
Pediatric Medical/Surgical Critical Care,Pediatric Medical/Surgical Critical Care,19
Pediatric Medical/Surgical Critical Care,Pediatric Step Down Unit (post-critical care),5
Pediatric Medical/Surgical Critical Care,ONC General Hematology/Oncology Ward,1
Pediatric Medical/Surgical Critical Care,ONC Pediatric Hematopoietic Stem Cell Transplant Ward,2
Pediatric Medical/Surgical Critical Care,ONC Pediatric General Hematology/Oncology Ward,29
Pediatric Medical/Surgical Critical Care,Exit,24
Pediatric Step Down Unit (post-critical care),Pediatric Medical Ward,2
Pediatric Step Down Unit (post-critical care),Operating Room/Suite,5
Pediatric Step Down Unit (post-critical care),"Labor, Delivery, Recovery, Postpartum Suite (LDRP)",1
Pediatric Step Down Unit (post-critical care),Pediatric Cardiothoracic Critical Care,10
Pediatric Step Down Unit (post-critical care),Pediatric Medical/Surgical Critical Care,1
Pediatric Step Down Unit (post-critical care),Pediatric Step Down Unit (post-critical care),9
Pediatric Step Down Unit (post-critical care),ONC Pediatric General Hematology/Oncology Ward,3
Pediatric Step Down Unit (post-critical care),Exit,51
Step down Neonatal Nursery (Level II),Pediatric Medical Ward,1
Step down Neonatal Nursery (Level II),Neonatal Critical Care (Level III),32
Step down Neonatal Nursery (Level II),Pediatric Step Down Unit (post-critical care),1
Step down Neonatal Nursery (Level II),Step down Neonatal Nursery (Level II),3
Step down Neonatal Nursery (Level II),ONC Pediatric Hematopoietic Stem Cell Transplant Ward,1
Step down Neonatal Nursery (Level II),Exit,18
Surgical Cardiothoracic Critical Care,Adult Step Down Unit (post-critical care),58
Surgical Cardiothoracic Critical Care,Medical Ward,3
Surgical Cardiothoracic Critical Care,Medical/Surgical Ward,152
Surgical Cardiothoracic Critical Care,Operating Room/Suite,54
Surgical Cardiothoracic Critical Care,Pulmonary Ward,1
Surgical Cardiothoracic Critical Care,Medical Cardiac Critical Care,6
Surgical Cardiothoracic Critical Care,Medical Critical Care,3
Surgical Cardiothoracic Critical Care,Neurologic Critical Care,1
Surgical Cardiothoracic Critical Care,Surgical Cardiothoracic Critical Care,10
Surgical Cardiothoracic Critical Care,Exit,16
Surgical Critical Care,Adult Step Down Unit (post-critical care),1
Surgical Critical Care,Emergency Department,3
Surgical Critical Care,Medical Ward,25
Surgical Critical Care,Medical/Surgical Ward,16
Surgical Critical Care,Neurology Ward,9
Surgical Critical Care,Neurosurgical Ward,1
Surgical Critical Care,Operating Room/Suite,62
Surgical Critical Care,Pulmonary Ward,1
Surgical Critical Care,Surgical Ward,53
Surgical Critical Care,"Labor, Delivery, Recovery, Postpartum Suite (LDRP)",2
Surgical Critical Care,Medical Critical Care,3
Surgical Critical Care,Neurologic Critical Care,1
Surgical Critical Care,ONC General Hematology/Oncology Ward,8
Surgical Critical Care,Exit,17
ONC Hematopoietic Stem Cell Transplant Ward,Endoscopy Suite,11
ONC Hematopoietic Stem Cell Transplant Ward,Operating Room/Suite,8
ONC Hematopoietic Stem Cell Transplant Ward,Surgical Ward,1
ONC Hematopoietic Stem Cell Transplant Ward,Medical Critical Care,3
ONC Hematopoietic Stem Cell Transplant Ward,ONC Hematopoietic Stem Cell Transplant Ward,5
ONC Hematopoietic Stem Cell Transplant Ward,ONC General Hematology/Oncology Ward,9
ONC Hematopoietic Stem Cell Transplant Ward,Exit,45
ONC General Hematology/Oncology Ward,24-Hour Observation Area,1
ONC General Hematology/Oncology Ward,Emergency Department,9
ONC General Hematology/Oncology Ward,Endoscopy Suite,30
ONC General Hematology/Oncology Ward,Medical Ward,6
ONC General Hematology/Oncology Ward,Operating Room/Suite,49
ONC General Hematology/Oncology Ward,Pulmonary Ward,1
ONC General Hematology/Oncology Ward,Surgical Ward,2
ONC General Hematology/Oncology Ward,"Labor, Delivery, Recovery, Postpartum Suite (LDRP)",1
ONC General Hematology/Oncology Ward,Medical Cardiac Critical Care,3
ONC General Hematology/Oncology Ward,Medical Critical Care,9
ONC General Hematology/Oncology Ward,Neurologic Critical Care,1
ONC General Hematology/Oncology Ward,Surgical Critical Care,7
ONC General Hematology/Oncology Ward,ONC Hematopoietic Stem Cell Transplant Ward,1
ONC General Hematology/Oncology Ward,ONC General Hematology/Oncology Ward,43
ONC General Hematology/Oncology Ward,Exit,482
ONC Pediatric Hematopoietic Stem Cell Transplant Ward,Medical/Surgical Ward,1
ONC Pediatric Hematopoietic Stem Cell Transplant Ward,Operating Room/Suite,3
ONC Pediatric Hematopoietic Stem Cell Transplant Ward,Surgical Ward,1
ONC Pediatric Hematopoietic Stem Cell Transplant Ward,Neonatal Critical Care (Level III),1
ONC Pediatric Hematopoietic Stem Cell Transplant Ward,ONC Pediatric Hematopoietic Stem Cell Transplant Ward,1
ONC Pediatric Hematopoietic Stem Cell Transplant Ward,ONC Pediatric General Hematology/Oncology Ward,1
ONC Pediatric Hematopoietic Stem Cell Transplant Ward,Exit,18
ONC Pediatric General Hematology/Oncology Ward,Emergency Department,3
ONC Pediatric General Hematology/Oncology Ward,Pediatric Medical Ward,4
ONC Pediatric General Hematology/Oncology Ward,Operating Room/Suite,13
ONC Pediatric General Hematology/Oncology Ward,Pediatric Cardiothoracic Critical Care,1
ONC Pediatric General Hematology/Oncology Ward,Pediatric Medical/Surgical Critical Care,12
ONC Pediatric General Hematology/Oncology Ward,ONC Pediatric General Hematology/Oncology Ward,21
ONC Pediatric General Hematology/Oncology Ward,Exit,200
