source,destination,count
Entry,24-Hour Observation Area,108
Entry,Adult Step Down Unit (post-critical care),29
Entry,Ambulatory Surgery Center,570
Entry,Emergency Department,5362
Entry,Endoscopy Suite,8
Entry,Behavioral Health/Psych Ward,35
Entry,Pediatric Medical Ward,32
Entry,Medical Ward,209
Entry,Medical/Surgical Ward,133
Entry,Neurology Ward,43
Entry,Neurosurgical Ward,28
Entry,Operating Room/Suite,1633
Entry,Postpartum Ward,131
Entry,Pulmonary Ward,26
Entry,Surgical Ward,58
Entry,"Labor, Delivery, Recovery, Postpartum Suite (LDRP)",436
Entry,Medical Cardiac Critical Care,25
Entry,Medical Critical Care,20
Entry,Neurologic Critical Care,22
Entry,Pediatric Cardiothoracic Critical Care,21
Entry,Pediatric Medical/Surgical Critical Care,19
Entry,Pediatric Step Down Unit (post-critical care),6
Entry,Surgical Cardiothoracic Critical Care,13
Entry,Surgical Critical Care,5
Entry,ONC Hematopoietic Stem Cell Transplant Ward,34
Entry,ONC General Hematology/Oncology Ward,141
Entry,ONC Pediatric Hematopoietic Stem Cell Transplant Ward,8
Entry,ONC Pediatric General Hematology/Oncology Ward,71
Entry,Adult Mixed Acuity Unit,11
Entry,Neonatal Critical Care (Level IV),41
24-Hour Observation Area,24-Hour Observation Area,14
24-Hour Observation Area,Medical Ward,3
24-Hour Observation Area,Medical/Surgical Ward,11
24-Hour Observation Area,Neurology Ward,1
24-Hour Observation Area,Neurosurgical Ward,1
24-Hour Observation Area,Operating Room/Suite,10
24-Hour Observation Area,Surgical Ward,19
24-Hour Observation Area,Surgical Critical Care,1
24-Hour Observation Area,ONC General Hematology/Oncology Ward,8
24-Hour Observation Area,Exit,314
Adult Step Down Unit (post-critical care),Adult Step Down Unit (post-critical care),2
Adult Step Down Unit (post-critical care),Endoscopy Suite,9
Adult Step Down Unit (post-critical care),Medical Ward,3
Adult Step Down Unit (post-critical care),Operating Room/Suite,33
Adult Step Down Unit (post-critical care),Surgical Ward,2
Adult Step Down Unit (post-critical care),Medical Cardiac Critical Care,1
Adult Step Down Unit (post-critical care),Surgical Cardiothoracic Critical Care,3
Adult Step Down Unit (post-critical care),Surgical Critical Care,1
Adult Step Down Unit (post-critical care),Exit,87
Ambulatory Surgery Center,Exit,570
Emergency Department,Adult Step Down Unit (post-critical care),24
Emergency Department,Emergency Department,12127
Emergency Department,Endoscopy Suite,4
Emergency Department,Pediatric Medical Ward,65
Emergency Department,Medical Ward,469
Emergency Department,Medical/Surgical Ward,160
Emergency Department,Neurology Ward,66
Emergency Department,Neurosurgical Ward,66
Emergency Department,Operating Room/Suite,102
Emergency Department,Pulmonary Ward,50
Emergency Department,Surgical Ward,160
Emergency Department,Medical Cardiac Critical Care,47
Emergency Department,Medical Critical Care,37
Emergency Department,Neurologic Critical Care,58
Emergency Department,Pediatric Cardiothoracic Critical Care,3
Emergency Department,Pediatric Medical/Surgical Critical Care,22
Emergency Department,Pediatric Step Down Unit (post-critical care),2
Emergency Department,Surgical Cardiothoracic Critical Care,11
Emergency Department,Surgical Critical Care,50
Emergency Department,ONC Hematopoietic Stem Cell Transplant Ward,9
Emergency Department,ONC General Hematology/Oncology Ward,167
Emergency Department,ONC Pediatric General Hematology/Oncology Ward,75
Emergency Department,Adult Mixed Acuity Unit,60
Emergency Department,Exit,3644
Endoscopy Suite,Adult Step Down Unit (post-critical care),9
Endoscopy Suite,Emergency Department,3
Endoscopy Suite,Medical Ward,52
Endoscopy Suite,Medical/Surgical Ward,30
Endoscopy Suite,Neurology Ward,2
Endoscopy Suite,Neurosurgical Ward,1
Endoscopy Suite,Operating Room/Suite,1
Endoscopy Suite,Pulmonary Ward,18
Endoscopy Suite,Surgical Ward,20
Endoscopy Suite,Medical Cardiac Critical Care,2
Endoscopy Suite,ONC Hematopoietic Stem Cell Transplant Ward,4
Endoscopy Suite,ONC General Hematology/Oncology Ward,21
Endoscopy Suite,Exit,8
Behavioral Health/Psych Ward,Behavioral Health/Psych Ward,5
Behavioral Health/Psych Ward,Exit,36
Pediatric Medical Ward,Pediatric Medical Ward,14
Pediatric Medical Ward,Operating Room/Suite,53
Pediatric Medical Ward,Pediatric Medical/Surgical Critical Care,5
Pediatric Medical Ward,ONC Pediatric General Hematology/Oncology Ward,2
Pediatric Medical Ward,Exit,187
Medical Ward,Endoscopy Suite,52
Medical Ward,Pediatric Medical Ward,1
Medical Ward,Medical Ward,61
Medical Ward,Neurology Ward,1
Medical Ward,Neurosurgical Ward,1
Medical Ward,Operating Room/Suite,94
Medical Ward,Pulmonary Ward,3
Medical Ward,Surgical Ward,4
Medical Ward,Medical Cardiac Critical Care,21
Medical Ward,Medical Critical Care,11
Medical Ward,Neurologic Critical Care,8
Medical Ward,Surgical Cardiothoracic Critical Care,4
Medical Ward,Surgical Critical Care,9
Medical Ward,ONC General Hematology/Oncology Ward,9
Medical Ward,Exit,781
Medical/Surgical Ward,Endoscopy Suite,31
Medical/Surgical Ward,Medical Ward,9
Medical/Surgical Ward,Medical/Surgical Ward,27
Medical/Surgical Ward,Neurosurgical Ward,2
Medical/Surgical Ward,Operating Room/Suite,135
Medical/Surgical Ward,Pulmonary Ward,4
Medical/Surgical Ward,Surgical Ward,10
Medical/Surgical Ward,Medical Cardiac Critical Care,3
Medical/Surgical Ward,Neurologic Critical Care,1
Medical/Surgical Ward,Pediatric Medical/Surgical Critical Care,1
Medical/Surgical Ward,Surgical Cardiothoracic Critical Care,14
Medical/Surgical Ward,Surgical Critical Care,1
Medical/Surgical Ward,ONC General Hematology/Oncology Ward,9
Medical/Surgical Ward,Exit,406
Neurology Ward,Endoscopy Suite,2
Neurology Ward,Medical Ward,2
Neurology Ward,Neurology Ward,11
Neurology Ward,Operating Room/Suite,25
Neurology Ward,Surgical Ward,2
Neurology Ward,Neurologic Critical Care,2
Neurology Ward,Surgical Critical Care,1
Neurology Ward,ONC General Hematology/Oncology Ward,5
Neurology Ward,Exit,177
Neurosurgical Ward,Endoscopy Suite,1
Neurosurgical Ward,Medical/Surgical Ward,2
Neurosurgical Ward,Neurosurgical Ward,2
Neurosurgical Ward,Operating Room/Suite,35
Neurosurgical Ward,Medical Critical Care,2
Neurosurgical Ward,Neurologic Critical Care,9
Neurosurgical Ward,Surgical Cardiothoracic Critical Care,1
Neurosurgical Ward,ONC General Hematology/Oncology Ward,1
Neurosurgical Ward,Exit,168
Operating Room/Suite,24-Hour Observation Area,271
Operating Room/Suite,Adult Step Down Unit (post-critical care),22
Operating Room/Suite,Pediatric Medical Ward,107
Operating Room/Suite,Medical Ward,83
Operating Room/Suite,Medical/Surgical Ward,139
Operating Room/Suite,Neurology Ward,81
Operating Room/Suite,Neurosurgical Ward,63
Operating Room/Suite,Operating Room/Suite,170
Operating Room/Suite,Postpartum Ward,2
Operating Room/Suite,Pulmonary Ward,7
Operating Room/Suite,Surgical Ward,275
Operating Room/Suite,"Labor, Delivery, Recovery, Postpartum Suite (LDRP)",3
Operating Room/Suite,Medical Cardiac Critical Care,13
Operating Room/Suite,Medical Critical Care,2
Operating Room/Suite,Neurologic Critical Care,69
Operating Room/Suite,Pediatric Cardiothoracic Critical Care,27
Operating Room/Suite,Pediatric Medical/Surgical Critical Care,34
Operating Room/Suite,Pediatric Step Down Unit (post-critical care),1
Operating Room/Suite,Surgical Cardiothoracic Critical Care,201
Operating Room/Suite,Surgical Critical Care,83
Operating Room/Suite,ONC Hematopoietic Stem Cell Transplant Ward,2
Operating Room/Suite,ONC General Hematology/Oncology Ward,135
Operating Room/Suite,ONC Pediatric Hematopoietic Stem Cell Transplant Ward,7
Operating Room/Suite,ONC Pediatric General Hematology/Oncology Ward,21
Operating Room/Suite,Adult Mixed Acuity Unit,3
Operating Room/Suite,Neonatal Critical Care (Level IV),12
Operating Room/Suite,Exit,831
Postpartum Ward,Pediatric Medical Ward,1
Postpartum Ward,Medical Ward,1
Postpartum Ward,Medical/Surgical Ward,1
Postpartum Ward,Operating Room/Suite,1
Postpartum Ward,Postpartum Ward,36
Postpartum Ward,"Labor, Delivery, Recovery, Postpartum Suite (LDRP)",20
Postpartum Ward,Medical Cardiac Critical Care,1
Postpartum Ward,Surgical Critical Care,1
Postpartum Ward,ONC Pediatric General Hematology/Oncology Ward,1
Postpartum Ward,Neonatal Critical Care (Level IV),13
Postpartum Ward,Exit,477
Pulmonary Ward,Endoscopy Suite,17
Pulmonary Ward,Medical Ward,2
Pulmonary Ward,Operating Room/Suite,8
Pulmonary Ward,Pulmonary Ward,8
Pulmonary Ward,Medical Critical Care,4
Pulmonary Ward,Neurologic Critical Care,1
Pulmonary Ward,Surgical Cardiothoracic Critical Care,6
Pulmonary Ward,Surgical Critical Care,1
Pulmonary Ward,ONC General Hematology/Oncology Ward,3
Pulmonary Ward,Exit,91
Surgical Ward,Endoscopy Suite,20
Surgical Ward,Medical Ward,6
Surgical Ward,Medical/Surgical Ward,1
Surgical Ward,Operating Room/Suite,105
Surgical Ward,Pulmonary Ward,1
Surgical Ward,Surgical Ward,28
Surgical Ward,Medical Cardiac Critical Care,2
Surgical Ward,Medical Critical Care,1
Surgical Ward,Neurologic Critical Care,3
Surgical Ward,Surgical Cardiothoracic Critical Care,2
Surgical Ward,Surgical Critical Care,12
Surgical Ward,ONC General Hematology/Oncology Ward,10
Surgical Ward,Adult Mixed Acuity Unit,3
Surgical Ward,Exit,437
"Labor, Delivery, Recovery, Postpartum Suite (LDRP)",Operating Room/Suite,2
"Labor, Delivery, Recovery, Postpartum Suite (LDRP)",Postpartum Ward,372
"Labor, Delivery, Recovery, Postpartum Suite (LDRP)","Labor, Delivery, Recovery, Postpartum Suite (LDRP)",74
"Labor, Delivery, Recovery, Postpartum Suite (LDRP)",Surgical Critical Care,2
"Labor, Delivery, Recovery, Postpartum Suite (LDRP)",Neonatal Critical Care (Level IV),25
"Labor, Delivery, Recovery, Postpartum Suite (LDRP)",Exit,70
Medical Cardiac Critical Care,Adult Step Down Unit (post-critical care),1
Medical Cardiac Critical Care,Endoscopy Suite,2
Medical Cardiac Critical Care,Medical Ward,70
Medical Cardiac Critical Care,Medical/Surgical Ward,2
Medical Cardiac Critical Care,Operating Room/Suite,15
Medical Cardiac Critical Care,Postpartum Ward,1
Medical Cardiac Critical Care,Pulmonary Ward,2
Medical Cardiac Critical Care,Medical Cardiac Critical Care,20
Medical Cardiac Critical Care,Neurologic Critical Care,1
Medical Cardiac Critical Care,Surgical Critical Care,1
Medical Cardiac Critical Care,ONC Hematopoietic Stem Cell Transplant Ward,1
Medical Cardiac Critical Care,ONC General Hematology/Oncology Ward,5
Medical Cardiac Critical Care,Exit,20
Medical Critical Care,Endoscopy Suite,1
Medical Critical Care,Medical Ward,35
Medical Critical Care,Neurosurgical Ward,1
Medical Critical Care,Operating Room/Suite,3
Medical Critical Care,Pulmonary Ward,11
Medical Critical Care,Surgical Ward,2
Medical Critical Care,"Labor, Delivery, Recovery, Postpartum Suite (LDRP)",1
Medical Critical Care,Medical Cardiac Critical Care,2
Medical Critical Care,Medical Critical Care,3
Medical Critical Care,Neurologic Critical Care,1
Medical Critical Care,ONC Hematopoietic Stem Cell Transplant Ward,1
Medical Critical Care,ONC General Hematology/Oncology Ward,6
Medical Critical Care,Adult Mixed Acuity Unit,7
Medical Critical Care,Exit,23
Neurologic Critical Care,Medical Ward,19
Neurologic Critical Care,Medical/Surgical Ward,1
Neurologic Critical Care,Neurology Ward,13
Neurologic Critical Care,Neurosurgical Ward,57
Neurologic Critical Care,Operating Room/Suite,26
Neurologic Critical Care,Pulmonary Ward,2
Neurologic Critical Care,Surgical Ward,3
Neurologic Critical Care,Neurologic Critical Care,1
Neurologic Critical Care,Surgical Critical Care,1
Neurologic Critical Care,ONC General Hematology/Oncology Ward,4
Neurologic Critical Care,Exit,45
Pediatric Cardiothoracic Critical Care,Pediatric Medical Ward,3
Pediatric Cardiothoracic Critical Care,Medical/Surgical Ward,1
Pediatric Cardiothoracic Critical Care,Operating Room/Suite,11
Pediatric Cardiothoracic Critical Care,Pediatric Cardiothoracic Critical Care,21
Pediatric Cardiothoracic Critical Care,Pediatric Medical/Surgical Critical Care,3
Pediatric Cardiothoracic Critical Care,Pediatric Step Down Unit (post-critical care),40
Pediatric Cardiothoracic Critical Care,Exit,6
Pediatric Medical/Surgical Critical Care,Pediatric Medical Ward,31
Pediatric Medical/Surgical Critical Care,Operating Room/Suite,12
Pediatric Medical/Surgical Critical Care,Neurologic Critical Care,1
Pediatric Medical/Surgical Critical Care,Pediatric Medical/Surgical Critical Care,17
Pediatric Medical/Surgical Critical Care,Pediatric Step Down Unit (post-critical care),2
Pediatric Medical/Surgical Critical Care,ONC Hematopoietic Stem Cell Transplant Ward,1
Pediatric Medical/Surgical Critical Care,ONC Pediatric Hematopoietic Stem Cell Transplant Ward,3
Pediatric Medical/Surgical Critical Care,ONC Pediatric General Hematology/Oncology Ward,32
Pediatric Medical/Surgical Critical Care,Exit,18
Pediatric Step Down Unit (post-critical care),Pediatric Medical Ward,5
Pediatric Step Down Unit (post-critical care),Operating Room/Suite,2
Pediatric Step Down Unit (post-critical care),Pediatric Cardiothoracic Critical Care,9
Pediatric Step Down Unit (post-critical care),Pediatric Medical/Surgical Critical Care,1
Pediatric Step Down Unit (post-critical care),Pediatric Step Down Unit (post-critical care),7
Pediatric Step Down Unit (post-critical care),Exit,41
Step down Neonatal Nursery (Level II),Pediatric Medical Ward,1
Step down Neonatal Nursery (Level II),Operating Room/Suite,1
Step down Neonatal Nursery (Level II),Postpartum Ward,1
Step down Neonatal Nursery (Level II),Step down Neonatal Nursery (Level II),1
Step down Neonatal Nursery (Level II),Neonatal Critical Care (Level IV),20
Step down Neonatal Nursery (Level II),Exit,18
Surgical Cardiothoracic Critical Care,Adult Step Down Unit (post-critical care),51
Surgical Cardiothoracic Critical Care,Medical Ward,4
Surgical Cardiothoracic Critical Care,Medical/Surgical Ward,122
Surgical Cardiothoracic Critical Care,Neurosurgical Ward,3
Surgical Cardiothoracic Critical Care,Operating Room/Suite,55
Surgical Cardiothoracic Critical Care,Pulmonary Ward,7
Surgical Cardiothoracic Critical Care,Medical Cardiac Critical Care,1
Surgical Cardiothoracic Critical Care,Neurologic Critical Care,1
Surgical Cardiothoracic Critical Care,Surgical Cardiothoracic Critical Care,6
Surgical Cardiothoracic Critical Care,ONC General Hematology/Oncology Ward,1
Surgical Cardiothoracic Critical Care,Exit,11
Surgical Critical Care,Adult Step Down Unit (post-critical care),2
Surgical Critical Care,Pediatric Medical Ward,1
Surgical Critical Care,Medical Ward,26
Surgical Critical Care,Medical/Surgical Ward,11
Surgical Critical Care,Neurology Ward,4
Surgical Critical Care,Neurosurgical Ward,2
Surgical Critical Care,Operating Room/Suite,40
Surgical Critical Care,Pulmonary Ward,1
Surgical Critical Care,Surgical Ward,42
Surgical Critical Care,"Labor, Delivery, Recovery, Postpartum Suite (LDRP)",2
Surgical Critical Care,Medical Cardiac Critical Care,1
Surgical Critical Care,Pediatric Medical/Surgical Critical Care,1
Surgical Critical Care,Surgical Cardiothoracic Critical Care,1
Surgical Critical Care,Surgical Critical Care,10
Surgical Critical Care,ONC General Hematology/Oncology Ward,12
Surgical Critical Care,Adult Mixed Acuity Unit,1
Surgical Critical Care,Exit,29
ONC Hematopoietic Stem Cell Transplant Ward,Endoscopy Suite,4
ONC Hematopoietic Stem Cell Transplant Ward,Operating Room/Suite,2
ONC Hematopoietic Stem Cell Transplant Ward,Medical Critical Care,2
ONC Hematopoietic Stem Cell Transplant Ward,ONC Hematopoietic Stem Cell Transplant Ward,5
ONC Hematopoietic Stem Cell Transplant Ward,ONC General Hematology/Oncology Ward,2
ONC Hematopoietic Stem Cell Transplant Ward,Exit,42
ONC General Hematology/Oncology Ward,Endoscopy Suite,20
ONC General Hematology/Oncology Ward,Medical Ward,1
ONC General Hematology/Oncology Ward,Operating Room/Suite,52
ONC General Hematology/Oncology Ward,Pulmonary Ward,1
ONC General Hematology/Oncology Ward,Surgical Ward,1
ONC General Hematology/Oncology Ward,Medical Cardiac Critical Care,1
ONC General Hematology/Oncology Ward,Medical Critical Care,8
ONC General Hematology/Oncology Ward,Neurologic Critical Care,1
ONC General Hematology/Oncology Ward,Surgical Cardiothoracic Critical Care,3
ONC General Hematology/Oncology Ward,Surgical Critical Care,6
ONC General Hematology/Oncology Ward,ONC Hematopoietic Stem Cell Transplant Ward,2
ONC General Hematology/Oncology Ward,ONC General Hematology/Oncology Ward,31
ONC General Hematology/Oncology Ward,Exit,432
ONC Pediatric Hematopoietic Stem Cell Transplant Ward,Operating Room/Suite,6
ONC Pediatric Hematopoietic Stem Cell Transplant Ward,Pediatric Medical/Surgical Critical Care,2
ONC Pediatric Hematopoietic Stem Cell Transplant Ward,ONC Pediatric Hematopoietic Stem Cell Transplant Ward,1
ONC Pediatric Hematopoietic Stem Cell Transplant Ward,Exit,14
ONC Pediatric General Hematology/Oncology Ward,Medical Ward,1
ONC Pediatric General Hematology/Oncology Ward,Operating Room/Suite,18
ONC Pediatric General Hematology/Oncology Ward,Pediatric Medical/Surgical Critical Care,8
ONC Pediatric General Hematology/Oncology Ward,ONC Pediatric Hematopoietic Stem Cell Transplant Ward,1
ONC Pediatric General Hematology/Oncology Ward,ONC Pediatric General Hematology/Oncology Ward,9
ONC Pediatric General Hematology/Oncology Ward,Exit,169
Adult Mixed Acuity Unit,Medical Ward,4
Adult Mixed Acuity Unit,Neurology Ward,1
Adult Mixed Acuity Unit,Neurosurgical Ward,1
Adult Mixed Acuity Unit,Operating Room/Suite,3
Adult Mixed Acuity Unit,Medical Critical Care,7
Adult Mixed Acuity Unit,Surgical Critical Care,1
Adult Mixed Acuity Unit,ONC General Hematology/Oncology Ward,1
Adult Mixed Acuity Unit,Adult Mixed Acuity Unit,12
Adult Mixed Acuity Unit,Exit,62
Neonatal Critical Care (Level IV),Pediatric Medical Ward,2
Neonatal Critical Care (Level IV),Operating Room/Suite,11
Neonatal Critical Care (Level IV),Postpartum Ward,7
Neonatal Critical Care (Level IV),"Labor, Delivery, Recovery, Postpartum Suite (LDRP)",4
Neonatal Critical Care (Level IV),Pediatric Medical/Surgical Critical Care,2
Neonatal Critical Care (Level IV),Pediatric Step Down Unit (post-critical care),1
Neonatal Critical Care (Level IV),Step down Neonatal Nursery (Level II),40
Neonatal Critical Care (Level IV),ONC Pediatric General Hematology/Oncology Ward,1
Neonatal Critical Care (Level IV),Neonatal Critical Care (Level IV),85
Neonatal Critical Care (Level IV),Exit,45
