source,destination,count
Entry,24-Hour Observation Area,104
Entry,Adult Step Down Unit (post-critical care),31
Entry,Ambulatory Surgery Center,627
Entry,Emergency Department,5442
Entry,Endoscopy Suite,9
Entry,Behavioral Health/Psych Ward,36
Entry,Pediatric Medical Ward,23
Entry,Medical Ward,201
Entry,Medical/Surgical Ward,136
Entry,Neurology Ward,33
Entry,Neurosurgical Ward,41
Entry,Operating Room/Suite,1699
Entry,Postpartum Ward,151
Entry,Pulmonary Ward,31
Entry,Surgical Ward,51
Entry,"Labor, Delivery, Recovery, Postpartum Suite (LDRP)",441
Entry,Medical Cardiac Critical Care,29
Entry,Medical Critical Care,26
Entry,Neurologic Critical Care,11
Entry,Pediatric Cardiothoracic Critical Care,14
Entry,Pediatric Medical/Surgical Critical Care,21
Entry,Pediatric Step Down Unit (post-critical care),29
Entry,Surgical Cardiothoracic Critical Care,11
Entry,Surgical Critical Care,2
Entry,ONC Hematopoietic Stem Cell Transplant Ward,19
Entry,ONC General Hematology/Oncology Ward,151
Entry,ONC Pediatric Hematopoietic Stem Cell Transplant Ward,9
Entry,ONC Pediatric General Hematology/Oncology Ward,71
Entry,Adult Mixed Acuity Unit,11
Entry,Neonatal Critical Care (Level IV),51
24-Hour Observation Area,24-Hour Observation Area,11
24-Hour Observation Area,Medical Ward,2
24-Hour Observation Area,Medical/Surgical Ward,8
24-Hour Observation Area,Neurology Ward,1
24-Hour Observation Area,Operating Room/Suite,3
24-Hour Observation Area,Surgical Ward,13
24-Hour Observation Area,ONC General Hematology/Oncology Ward,10
24-Hour Observation Area,Exit,315
Adult Step Down Unit (post-critical care),Adult Step Down Unit (post-critical care),6
Adult Step Down Unit (post-critical care),Endoscopy Suite,9
Adult Step Down Unit (post-critical care),Medical Ward,2
Adult Step Down Unit (post-critical care),Medical/Surgical Ward,1
Adult Step Down Unit (post-critical care),Operating Room/Suite,23
Adult Step Down Unit (post-critical care),Pulmonary Ward,2
Adult Step Down Unit (post-critical care),Medical Cardiac Critical Care,2
Adult Step Down Unit (post-critical care),Surgical Cardiothoracic Critical Care,2
Adult Step Down Unit (post-critical care),Exit,67
Ambulatory Surgery Center,Operating Room/Suite,1
Ambulatory Surgery Center,Exit,626
Emergency Department,Adult Step Down Unit (post-critical care),9
Emergency Department,Emergency Department,11883
Emergency Department,Endoscopy Suite,7
Emergency Department,Pediatric Medical Ward,63
Emergency Department,Medical Ward,501
Emergency Department,Medical/Surgical Ward,167
Emergency Department,Neurology Ward,62
Emergency Department,Neurosurgical Ward,85
Emergency Department,Operating Room/Suite,109
Emergency Department,Postpartum Ward,1
Emergency Department,Pulmonary Ward,41
Emergency Department,Surgical Ward,210
Emergency Department,"Labor, Delivery, Recovery, Postpartum Suite (LDRP)",3
Emergency Department,Medical Cardiac Critical Care,54
Emergency Department,Medical Critical Care,44
Emergency Department,Neurologic Critical Care,47
Emergency Department,Pediatric Cardiothoracic Critical Care,3
Emergency Department,Pediatric Medical/Surgical Critical Care,33
Emergency Department,Pediatric Step Down Unit (post-critical care),11
Emergency Department,Surgical Cardiothoracic Critical Care,7
Emergency Department,Surgical Critical Care,51
Emergency Department,ONC Hematopoietic Stem Cell Transplant Ward,13
Emergency Department,ONC General Hematology/Oncology Ward,190
Emergency Department,ONC Pediatric Hematopoietic Stem Cell Transplant Ward,1
Emergency Department,ONC Pediatric General Hematology/Oncology Ward,69
Emergency Department,Adult Mixed Acuity Unit,71
Emergency Department,Exit,3670
Endoscopy Suite,Adult Step Down Unit (post-critical care),9
Endoscopy Suite,Emergency Department,7
Endoscopy Suite,Pediatric Medical Ward,1
Endoscopy Suite,Medical Ward,39
Endoscopy Suite,Medical/Surgical Ward,37
Endoscopy Suite,Neurology Ward,2
Endoscopy Suite,Neurosurgical Ward,4
Endoscopy Suite,Pulmonary Ward,14
Endoscopy Suite,Surgical Ward,31
Endoscopy Suite,ONC Hematopoietic Stem Cell Transplant Ward,6
Endoscopy Suite,ONC General Hematology/Oncology Ward,33
Endoscopy Suite,ONC Pediatric General Hematology/Oncology Ward,1
Endoscopy Suite,Exit,8
Behavioral Health/Psych Ward,Behavioral Health/Psych Ward,5
Behavioral Health/Psych Ward,Exit,37
Pediatric Medical Ward,Endoscopy Suite,1
Pediatric Medical Ward,Pediatric Medical Ward,15
Pediatric Medical Ward,Operating Room/Suite,39
Pediatric Medical Ward,"Labor, Delivery, Recovery, Postpartum Suite (LDRP)",1
Pediatric Medical Ward,Pediatric Medical/Surgical Critical Care,12
Pediatric Medical Ward,Pediatric Step Down Unit (post-critical care),1
Pediatric Medical Ward,Exit,188
Medical Ward,Endoscopy Suite,38
Medical Ward,Medical Ward,84
Medical Ward,Medical/Surgical Ward,4
Medical Ward,Neurology Ward,2
Medical Ward,Operating Room/Suite,103
Medical Ward,Postpartum Ward,1
Medical Ward,Pulmonary Ward,2
Medical Ward,Surgical Ward,3
Medical Ward,Medical Cardiac Critical Care,34
Medical Ward,Medical Critical Care,8
Medical Ward,Neurologic Critical Care,5
Medical Ward,Pediatric Medical/Surgical Critical Care,1
Medical Ward,Surgical Cardiothoracic Critical Care,4
Medical Ward,Surgical Critical Care,10
Medical Ward,ONC General Hematology/Oncology Ward,12
Medical Ward,Adult Mixed Acuity Unit,11
Medical Ward,Exit,780
Medical/Surgical Ward,Adult Step Down Unit (post-critical care),1
Medical/Surgical Ward,Endoscopy Suite,37
Medical/Surgical Ward,Medical Ward,11
Medical/Surgical Ward,Medical/Surgical Ward,43
Medical/Surgical Ward,Neurosurgical Ward,1
Medical/Surgical Ward,Operating Room/Suite,175
Medical/Surgical Ward,Pulmonary Ward,5
Medical/Surgical Ward,Surgical Ward,4
Medical/Surgical Ward,Medical Cardiac Critical Care,7
Medical/Surgical Ward,Medical Critical Care,3
Medical/Surgical Ward,Surgical Cardiothoracic Critical Care,14
Medical/Surgical Ward,Surgical Critical Care,6
Medical/Surgical Ward,ONC General Hematology/Oncology Ward,6
Medical/Surgical Ward,Adult Mixed Acuity Unit,3
Medical/Surgical Ward,Exit,436
Neurology Ward,Endoscopy Suite,2
Neurology Ward,Medical Ward,1
Neurology Ward,Neurology Ward,14
Neurology Ward,Operating Room/Suite,22
Neurology Ward,Pulmonary Ward,1
Neurology Ward,Surgical Ward,2
Neurology Ward,Neurologic Critical Care,5
Neurology Ward,Surgical Cardiothoracic Critical Care,1
Neurology Ward,Adult Mixed Acuity Unit,1
Neurology Ward,Exit,172
Neurosurgical Ward,Endoscopy Suite,4
Neurosurgical Ward,Medical Ward,1
Neurosurgical Ward,Neurosurgical Ward,4
Neurosurgical Ward,Operating Room/Suite,57
Neurosurgical Ward,Surgical Ward,1
Neurosurgical Ward,Medical Critical Care,1
Neurosurgical Ward,Neurologic Critical Care,7
Neurosurgical Ward,Surgical Critical Care,1
Neurosurgical Ward,ONC General Hematology/Oncology Ward,5
Neurosurgical Ward,Exit,203
Operating Room/Suite,24-Hour Observation Area,237
Operating Room/Suite,Adult Step Down Unit (post-critical care),19
Operating Room/Suite,Pediatric Medical Ward,110
Operating Room/Suite,Medical Ward,88
Operating Room/Suite,Medical/Surgical Ward,192
Operating Room/Suite,Neurology Ward,83
Operating Room/Suite,Neurosurgical Ward,68
Operating Room/Suite,Operating Room/Suite,215
Operating Room/Suite,Postpartum Ward,5
Operating Room/Suite,Pulmonary Ward,9
Operating Room/Suite,Surgical Ward,298
Operating Room/Suite,Medical Cardiac Critical Care,12
Operating Room/Suite,Medical Critical Care,9
Operating Room/Suite,Neurologic Critical Care,96
Operating Room/Suite,Pediatric Cardiothoracic Critical Care,22
Operating Room/Suite,Pediatric Medical/Surgical Critical Care,28
Operating Room/Suite,Pediatric Step Down Unit (post-critical care),2
Operating Room/Suite,Surgical Cardiothoracic Critical Care,241
Operating Room/Suite,Surgical Critical Care,75
Operating Room/Suite,ONC Hematopoietic Stem Cell Transplant Ward,3
Operating Room/Suite,ONC General Hematology/Oncology Ward,152
Operating Room/Suite,ONC Pediatric Hematopoietic Stem Cell Transplant Ward,10
Operating Room/Suite,ONC Pediatric General Hematology/Oncology Ward,26
Operating Room/Suite,Neonatal Critical Care (Level IV),9
Operating Room/Suite,Exit,846
Postpartum Ward,Operating Room/Suite,4
Postpartum Ward,Postpartum Ward,29
Postpartum Ward,"Labor, Delivery, Recovery, Postpartum Suite (LDRP)",17
Postpartum Ward,ONC Pediatric General Hematology/Oncology Ward,4
Postpartum Ward,Neonatal Critical Care (Level IV),10
Postpartum Ward,Exit,504
Pulmonary Ward,Endoscopy Suite,14
Pulmonary Ward,Medical Ward,3
Pulmonary Ward,Operating Room/Suite,8
Pulmonary Ward,Pulmonary Ward,6
Pulmonary Ward,Surgical Ward,2
Pulmonary Ward,Medical Cardiac Critical Care,3
Pulmonary Ward,Medical Critical Care,2
Pulmonary Ward,Pediatric Medical/Surgical Critical Care,2
Pulmonary Ward,Surgical Critical Care,2
Pulmonary Ward,Exit,87
Surgical Ward,Adult Step Down Unit (post-critical care),1
Surgical Ward,Endoscopy Suite,30
Surgical Ward,Medical Ward,1
Surgical Ward,Medical/Surgical Ward,2
Surgical Ward,Neurosurgical Ward,1
Surgical Ward,Operating Room/Suite,114
Surgical Ward,Surgical Ward,27
Surgical Ward,Medical Cardiac Critical Care,3
Surgical Ward,Medical Critical Care,1
Surgical Ward,Surgical Cardiothoracic Critical Care,4
Surgical Ward,Surgical Critical Care,9
Surgical Ward,ONC General Hematology/Oncology Ward,7
Surgical Ward,Adult Mixed Acuity Unit,2
Surgical Ward,Exit,488
"Labor, Delivery, Recovery, Postpartum Suite (LDRP)",Postpartum Ward,377
"Labor, Delivery, Recovery, Postpartum Suite (LDRP)","Labor, Delivery, Recovery, Postpartum Suite (LDRP)",69
"Labor, Delivery, Recovery, Postpartum Suite (LDRP)",Pediatric Cardiothoracic Critical Care,2
"Labor, Delivery, Recovery, Postpartum Suite (LDRP)",Surgical Cardiothoracic Critical Care,1
"Labor, Delivery, Recovery, Postpartum Suite (LDRP)",ONC General Hematology/Oncology Ward,1
"Labor, Delivery, Recovery, Postpartum Suite (LDRP)",ONC Pediatric General Hematology/Oncology Ward,2
"Labor, Delivery, Recovery, Postpartum Suite (LDRP)",Neonatal Critical Care (Level IV),33
"Labor, Delivery, Recovery, Postpartum Suite (LDRP)",Exit,55
Medical Cardiac Critical Care,Adult Step Down Unit (post-critical care),4
Medical Cardiac Critical Care,Medical Ward,84
Medical Cardiac Critical Care,Medical/Surgical Ward,3
Medical Cardiac Critical Care,Neurology Ward,1
Medical Cardiac Critical Care,Operating Room/Suite,10
Medical Cardiac Critical Care,Pulmonary Ward,3
Medical Cardiac Critical Care,Surgical Ward,3
Medical Cardiac Critical Care,"Labor, Delivery, Recovery, Postpartum Suite (LDRP)",1
Medical Cardiac Critical Care,Medical Cardiac Critical Care,1
Medical Cardiac Critical Care,Medical Critical Care,2
Medical Cardiac Critical Care,Surgical Cardiothoracic Critical Care,3
Medical Cardiac Critical Care,ONC Hematopoietic Stem Cell Transplant Ward,1
Medical Cardiac Critical Care,ONC General Hematology/Oncology Ward,5
Medical Cardiac Critical Care,Exit,32
Medical Critical Care,Adult Step Down Unit (post-critical care),1
Medical Critical Care,Medical Ward,24
Medical Critical Care,Medical/Surgical Ward,1
Medical Critical Care,Neurology Ward,1
Medical Critical Care,Neurosurgical Ward,1
Medical Critical Care,Operating Room/Suite,10
Medical Critical Care,Pulmonary Ward,7
Medical Critical Care,Surgical Ward,2
Medical Critical Care,"Labor, Delivery, Recovery, Postpartum Suite (LDRP)",1
Medical Critical Care,Medical Cardiac Critical Care,2
Medical Critical Care,Medical Critical Care,13
Medical Critical Care,Pediatric Medical/Surgical Critical Care,1
Medical Critical Care,Surgical Cardiothoracic Critical Care,1
Medical Critical Care,Surgical Critical Care,1
Medical Critical Care,ONC General Hematology/Oncology Ward,6
Medical Critical Care,Adult Mixed Acuity Unit,19
Medical Critical Care,Exit,25
Neurologic Critical Care,Medical Ward,9
Neurologic Critical Care,Medical/Surgical Ward,1
Neurologic Critical Care,Neurology Ward,20
Neurologic Critical Care,Neurosurgical Ward,67
Neurologic Critical Care,Operating Room/Suite,29
Neurologic Critical Care,Pulmonary Ward,1
Neurologic Critical Care,Surgical Ward,1
Neurologic Critical Care,Neurologic Critical Care,2
Neurologic Critical Care,Surgical Critical Care,1
Neurologic Critical Care,ONC Hematopoietic Stem Cell Transplant Ward,1
Neurologic Critical Care,ONC General Hematology/Oncology Ward,3
Neurologic Critical Care,Exit,50
Pediatric Cardiothoracic Critical Care,Operating Room/Suite,9
Pediatric Cardiothoracic Critical Care,Postpartum Ward,1
Pediatric Cardiothoracic Critical Care,Pediatric Cardiothoracic Critical Care,24
Pediatric Cardiothoracic Critical Care,Pediatric Medical/Surgical Critical Care,1
Pediatric Cardiothoracic Critical Care,Pediatric Step Down Unit (post-critical care),38
Pediatric Cardiothoracic Critical Care,ONC Pediatric General Hematology/Oncology Ward,1
Pediatric Cardiothoracic Critical Care,Exit,6
Pediatric Medical/Surgical Critical Care,Pediatric Medical Ward,36
Pediatric Medical/Surgical Critical Care,Neurology Ward,1
Pediatric Medical/Surgical Critical Care,Operating Room/Suite,9
Pediatric Medical/Surgical Critical Care,Pulmonary Ward,2
Pediatric Medical/Surgical Critical Care,Surgical Ward,2
Pediatric Medical/Surgical Critical Care,Medical Critical Care,1
Pediatric Medical/Surgical Critical Care,Pediatric Cardiothoracic Critical Care,1
Pediatric Medical/Surgical Critical Care,Pediatric Medical/Surgical Critical Care,24
Pediatric Medical/Surgical Critical Care,Pediatric Step Down Unit (post-critical care),2
Pediatric Medical/Surgical Critical Care,ONC Pediatric Hematopoietic Stem Cell Transplant Ward,1
Pediatric Medical/Surgical Critical Care,ONC Pediatric General Hematology/Oncology Ward,30
Pediatric Medical/Surgical Critical Care,Neonatal Critical Care (Level IV),1
Pediatric Medical/Surgical Critical Care,Exit,15
Pediatric Step Down Unit (post-critical care),Pediatric Medical Ward,2
Pediatric Step Down Unit (post-critical care),Operating Room/Suite,2
Pediatric Step Down Unit (post-critical care),Pediatric Cardiothoracic Critical Care,13
Pediatric Step Down Unit (post-critical care),Pediatric Medical/Surgical Critical Care,1
Pediatric Step Down Unit (post-critical care),Pediatric Step Down Unit (post-critical care),6
Pediatric Step Down Unit (post-critical care),ONC Pediatric General Hematology/Oncology Ward,1
Pediatric Step Down Unit (post-critical care),Exit,58
Step down Neonatal Nursery (Level II),Operating Room/Suite,1
Step down Neonatal Nursery (Level II),Step down Neonatal Nursery (Level II),4
Step down Neonatal Nursery (Level II),Neonatal Critical Care (Level IV),15
Step down Neonatal Nursery (Level II),Exit,20
Surgical Cardiothoracic Critical Care,Adult Step Down Unit (post-critical care),38
Surgical Cardiothoracic Critical Care,Medical Ward,6
Surgical Cardiothoracic Critical Care,Medical/Surgical Ward,141
Surgical Cardiothoracic Critical Care,Operating Room/Suite,78
Surgical Cardiothoracic Critical Care,Pulmonary Ward,2
Surgical Cardiothoracic Critical Care,Surgical Ward,13
Surgical Cardiothoracic Critical Care,"Labor, Delivery, Recovery, Postpartum Suite (LDRP)",1
Surgical Cardiothoracic Critical Care,Medical Cardiac Critical Care,2
Surgical Cardiothoracic Critical Care,Neurologic Critical Care,3
Surgical Cardiothoracic Critical Care,Surgical Cardiothoracic Critical Care,7
Surgical Cardiothoracic Critical Care,Exit,8
Surgical Critical Care,Adult Step Down Unit (post-critical care),1
Surgical Critical Care,Medical Ward,29
Surgical Critical Care,Medical/Surgical Ward,16
Surgical Critical Care,Neurology Ward,5
Surgical Critical Care,Neurosurgical Ward,3
Surgical Critical Care,Operating Room/Suite,36
Surgical Critical Care,Pulmonary Ward,3
Surgical Critical Care,Surgical Ward,33
Surgical Critical Care,Medical Cardiac Critical Care,1
Surgical Critical Care,Neurologic Critical Care,2
Surgical Critical Care,Pediatric Medical/Surgical Critical Care,1
Surgical Critical Care,Surgical Cardiothoracic Critical Care,1
Surgical Critical Care,Surgical Critical Care,15
Surgical Critical Care,ONC Hematopoietic Stem Cell Transplant Ward,2
Surgical Critical Care,ONC General Hematology/Oncology Ward,10
Surgical Critical Care,Adult Mixed Acuity Unit,6
Surgical Critical Care,Exit,19
ONC Hematopoietic Stem Cell Transplant Ward,Endoscopy Suite,6
ONC Hematopoietic Stem Cell Transplant Ward,Operating Room/Suite,2
ONC Hematopoietic Stem Cell Transplant Ward,Medical Cardiac Critical Care,1
ONC Hematopoietic Stem Cell Transplant Ward,Neurologic Critical Care,1
ONC Hematopoietic Stem Cell Transplant Ward,Surgical Critical Care,1
ONC Hematopoietic Stem Cell Transplant Ward,ONC Hematopoietic Stem Cell Transplant Ward,6
ONC Hematopoietic Stem Cell Transplant Ward,ONC General Hematology/Oncology Ward,5
ONC Hematopoietic Stem Cell Transplant Ward,Exit,31
ONC General Hematology/Oncology Ward,Endoscopy Suite,33
ONC General Hematology/Oncology Ward,Medical Ward,3
ONC General Hematology/Oncology Ward,Neurosurgical Ward,2
ONC General Hematology/Oncology Ward,Operating Room/Suite,51
ONC General Hematology/Oncology Ward,Medical Cardiac Critical Care,4
ONC General Hematology/Oncology Ward,Medical Critical Care,1
ONC General Hematology/Oncology Ward,Neurologic Critical Care,1
ONC General Hematology/Oncology Ward,Surgical Cardiothoracic Critical Care,2
ONC General Hematology/Oncology Ward,Surgical Critical Care,3
ONC General Hematology/Oncology Ward,ONC General Hematology/Oncology Ward,42
ONC General Hematology/Oncology Ward,Exit,501
ONC Pediatric Hematopoietic Stem Cell Transplant Ward,Operating Room/Suite,6
ONC Pediatric Hematopoietic Stem Cell Transplant Ward,Pediatric Medical/Surgical Critical Care,1
ONC Pediatric Hematopoietic Stem Cell Transplant Ward,ONC Pediatric Hematopoietic Stem Cell Transplant Ward,3
ONC Pediatric Hematopoietic Stem Cell Transplant Ward,Exit,13
ONC Pediatric General Hematology/Oncology Ward,Endoscopy Suite,1
ONC Pediatric General Hematology/Oncology Ward,Operating Room/Suite,20
ONC Pediatric General Hematology/Oncology Ward,Pediatric Medical/Surgical Critical Care,6
ONC Pediatric General Hematology/Oncology Ward,Pediatric Step Down Unit (post-critical care),1
ONC Pediatric General Hematology/Oncology Ward,ONC Pediatric General Hematology/Oncology Ward,10
ONC Pediatric General Hematology/Oncology Ward,Exit,177
Adult Mixed Acuity Unit,Medical Ward,11
Adult Mixed Acuity Unit,Neurology Ward,1
Adult Mixed Acuity Unit,Neurosurgical Ward,1
Adult Mixed Acuity Unit,Pulmonary Ward,2
Adult Mixed Acuity Unit,Surgical Ward,2
Adult Mixed Acuity Unit,Medical Critical Care,12
Adult Mixed Acuity Unit,Surgical Critical Care,3
Adult Mixed Acuity Unit,Adult Mixed Acuity Unit,2
Adult Mixed Acuity Unit,Exit,91
Neonatal Critical Care (Level IV),Pediatric Medical Ward,3
Neonatal Critical Care (Level IV),Operating Room/Suite,8
Neonatal Critical Care (Level IV),Postpartum Ward,17
Neonatal Critical Care (Level IV),"Labor, Delivery, Recovery, Postpartum Suite (LDRP)",4
Neonatal Critical Care (Level IV),Step down Neonatal Nursery (Level II),38
Neonatal Critical Care (Level IV),ONC Pediatric General Hematology/Oncology Ward,2
Neonatal Critical Care (Level IV),Neonatal Critical Care (Level IV),147
Neonatal Critical Care (Level IV),Exit,40
