source,destination,count
Entry,24-Hour Observation Area,100
Entry,Adult Step Down Unit (post-critical care),28
Entry,Ambulatory Surgery Center,603
Entry,Emergency Department,5458
Entry,Endoscopy Suite,6
Entry,Behavioral Health/Psych Ward,36
Entry,Pediatric Medical Ward,40
Entry,Medical Ward,237
Entry,Medical/Surgical Ward,112
Entry,Neurology Ward,32
Entry,Neurosurgical Ward,20
Entry,Operating Room/Suite,1738
Entry,Postpartum Ward,120
Entry,Pulmonary Ward,25
Entry,Surgical Ward,62
Entry,"Labor, Delivery, Recovery, Postpartum Suite (LDRP)",430
Entry,Medical Cardiac Critical Care,25
Entry,Medical Critical Care,16
Entry,Neurologic Critical Care,17
Entry,Pediatric Cardiothoracic Critical Care,14
Entry,Pediatric Medical/Surgical Critical Care,18
Entry,Pediatric Step Down Unit (post-critical care),10
Entry,Surgical Cardiothoracic Critical Care,12
Entry,Surgical Critical Care,4
Entry,ONC Hematopoietic Stem Cell Transplant Ward,24
Entry,ONC General Hematology/Oncology Ward,147
Entry,ONC Pediatric Hematopoietic Stem Cell Transplant Ward,16
Entry,ONC Pediatric General Hematology/Oncology Ward,78
Entry,Neonatal Critical Care (Level IV),48
24-Hour Observation Area,24-Hour Observation Area,8
24-Hour Observation Area,Medical Ward,8
24-Hour Observation Area,Medical/Surgical Ward,5
24-Hour Observation Area,Neurology Ward,3
24-Hour Observation Area,Operating Room/Suite,5
24-Hour Observation Area,Surgical Ward,36
24-Hour Observation Area,ONC General Hematology/Oncology Ward,7
24-Hour Observation Area,Exit,300
Adult Step Down Unit (post-critical care),Adult Step Down Unit (post-critical care),3
Adult Step Down Unit (post-critical care),Endoscopy Suite,9
Adult Step Down Unit (post-critical care),Medical/Surgical Ward,2
Adult Step Down Unit (post-critical care),Operating Room/Suite,37
Adult Step Down Unit (post-critical care),Pulmonary Ward,1
Adult Step Down Unit (post-critical care),Surgical Ward,2
Adult Step Down Unit (post-critical care),Surgical Cardiothoracic Critical Care,11
Adult Step Down Unit (post-critical care),Surgical Critical Care,4
Adult Step Down Unit (post-critical care),ONC General Hematology/Oncology Ward,1
Adult Step Down Unit (post-critical care),Exit,88
Ambulatory Surgery Center,Exit,603
Emergency Department,Adult Step Down Unit (post-critical care),35
Emergency Department,Emergency Department,11462
Emergency Department,Endoscopy Suite,9
Emergency Department,Pediatric Medical Ward,74
Emergency Department,Medical Ward,507
Emergency Department,Medical/Surgical Ward,127
Emergency Department,Neurology Ward,61
Emergency Department,Neurosurgical Ward,50
Emergency Department,Operating Room/Suite,110
Emergency Department,Pulmonary Ward,51
Emergency Department,Surgical Ward,160
Emergency Department,"Labor, Delivery, Recovery, Postpartum Suite (LDRP)",3
Emergency Department,Medical Cardiac Critical Care,37
Emergency Department,Medical Critical Care,38
Emergency Department,Neurologic Critical Care,59
Emergency Department,Pediatric Cardiothoracic Critical Care,5
Emergency Department,Pediatric Medical/Surgical Critical Care,23
Emergency Department,Pediatric Step Down Unit (post-critical care),5
Emergency Department,Surgical Cardiothoracic Critical Care,6
Emergency Department,Surgical Critical Care,47
Emergency Department,ONC Hematopoietic Stem Cell Transplant Ward,4
Emergency Department,ONC General Hematology/Oncology Ward,220
Emergency Department,ONC Pediatric General Hematology/Oncology Ward,70
Emergency Department,Exit,3731
Endoscopy Suite,Adult Step Down Unit (post-critical care),9
Endoscopy Suite,Emergency Department,7
Endoscopy Suite,Pediatric Medical Ward,1
Endoscopy Suite,Medical Ward,58
Endoscopy Suite,Medical/Surgical Ward,20
Endoscopy Suite,Neurology Ward,2
Endoscopy Suite,Neurosurgical Ward,1
Endoscopy Suite,Operating Room/Suite,3
Endoscopy Suite,Pulmonary Ward,19
Endoscopy Suite,Surgical Ward,19
Endoscopy Suite,ONC Hematopoietic Stem Cell Transplant Ward,7
Endoscopy Suite,ONC General Hematology/Oncology Ward,31
Endoscopy Suite,Exit,5
Behavioral Health/Psych Ward,Behavioral Health/Psych Ward,18
Behavioral Health/Psych Ward,Exit,36
Pediatric Medical Ward,Endoscopy Suite,1
Pediatric Medical Ward,Pediatric Medical Ward,15
Pediatric Medical Ward,Operating Room/Suite,47
Pediatric Medical Ward,"Labor, Delivery, Recovery, Postpartum Suite (LDRP)",1
Pediatric Medical Ward,Pediatric Cardiothoracic Critical Care,1
Pediatric Medical Ward,Pediatric Medical/Surgical Critical Care,5
Pediatric Medical Ward,Pediatric Step Down Unit (post-critical care),1
Pediatric Medical Ward,ONC Pediatric General Hematology/Oncology Ward,1
Pediatric Medical Ward,Exit,223
Medical Ward,Endoscopy Suite,60
Medical Ward,Medical Ward,63
Medical Ward,Medical/Surgical Ward,2
Medical Ward,Neurology Ward,3
Medical Ward,Operating Room/Suite,116
Medical Ward,Pulmonary Ward,10
Medical Ward,Surgical Ward,7
Medical Ward,"Labor, Delivery, Recovery, Postpartum Suite (LDRP)",1
Medical Ward,Medical Cardiac Critical Care,27
Medical Ward,Medical Critical Care,6
Medical Ward,Neurologic Critical Care,12
Medical Ward,Surgical Cardiothoracic Critical Care,2
Medical Ward,Surgical Critical Care,8
Medical Ward,ONC General Hematology/Oncology Ward,11
Medical Ward,Exit,800
Medical/Surgical Ward,Endoscopy Suite,19
Medical/Surgical Ward,Medical Ward,11
Medical/Surgical Ward,Medical/Surgical Ward,26
Medical/Surgical Ward,Neurology Ward,1
Medical/Surgical Ward,Operating Room/Suite,132
Medical/Surgical Ward,Pulmonary Ward,1
Medical/Surgical Ward,Surgical Ward,5
Medical/Surgical Ward,Medical Critical Care,4
Medical/Surgical Ward,Neurologic Critical Care,1
Medical/Surgical Ward,Surgical Cardiothoracic Critical Care,8
Medical/Surgical Ward,Surgical Critical Care,6
Medical/Surgical Ward,ONC General Hematology/Oncology Ward,2
Medical/Surgical Ward,Exit,352
Neurology Ward,Endoscopy Suite,2
Neurology Ward,Neurology Ward,4
Neurology Ward,Operating Room/Suite,34
Neurology Ward,Neurologic Critical Care,3
Neurology Ward,ONC General Hematology/Oncology Ward,3
Neurology Ward,Exit,179
Neurosurgical Ward,Endoscopy Suite,1
Neurosurgical Ward,Medical Ward,1
Neurosurgical Ward,Medical/Surgical Ward,1
Neurosurgical Ward,Neurology Ward,1
Neurosurgical Ward,Neurosurgical Ward,37
Neurosurgical Ward,Operating Room/Suite,23
Neurosurgical Ward,Surgical Ward,1
Neurosurgical Ward,Neurologic Critical Care,7
Neurosurgical Ward,ONC General Hematology/Oncology Ward,1
Neurosurgical Ward,Exit,155
Operating Room/Suite,24-Hour Observation Area,277
Operating Room/Suite,Adult Step Down Unit (post-critical care),29
Operating Room/Suite,Pediatric Medical Ward,117
Operating Room/Suite,Medical Ward,98
Operating Room/Suite,Medical/Surgical Ward,119
Operating Room/Suite,Neurology Ward,90
Operating Room/Suite,Neurosurgical Ward,53
Operating Room/Suite,Operating Room/Suite,195
Operating Room/Suite,Postpartum Ward,4
Operating Room/Suite,Pulmonary Ward,10
Operating Room/Suite,Surgical Ward,324
Operating Room/Suite,Medical Cardiac Critical Care,12
Operating Room/Suite,Medical Critical Care,5
Operating Room/Suite,Neurologic Critical Care,79
Operating Room/Suite,Pediatric Cardiothoracic Critical Care,30
Operating Room/Suite,Pediatric Medical/Surgical Critical Care,36
Operating Room/Suite,Surgical Cardiothoracic Critical Care,240
Operating Room/Suite,Surgical Critical Care,75
Operating Room/Suite,ONC Hematopoietic Stem Cell Transplant Ward,1
Operating Room/Suite,ONC General Hematology/Oncology Ward,177
Operating Room/Suite,ONC Pediatric Hematopoietic Stem Cell Transplant Ward,4
Operating Room/Suite,ONC Pediatric General Hematology/Oncology Ward,11
Operating Room/Suite,Neonatal Critical Care (Level IV),18
Operating Room/Suite,Exit,825
Postpartum Ward,Neurosurgical Ward,1
Postpartum Ward,Operating Room/Suite,2
Postpartum Ward,Postpartum Ward,37
Postpartum Ward,"Labor, Delivery, Recovery, Postpartum Suite (LDRP)",24
Postpartum Ward,Neurologic Critical Care,1
Postpartum Ward,Surgical Critical Care,1
Postpartum Ward,ONC Pediatric General Hematology/Oncology Ward,2
Postpartum Ward,Neonatal Critical Care (Level IV),14
Postpartum Ward,Exit,465
Pulmonary Ward,Endoscopy Suite,18
Pulmonary Ward,Medical Ward,4
Pulmonary Ward,Neurology Ward,1
Pulmonary Ward,Operating Room/Suite,10
Pulmonary Ward,Pulmonary Ward,9
Pulmonary Ward,Medical Critical Care,3
Pulmonary Ward,Neurologic Critical Care,1
Pulmonary Ward,ONC Hematopoietic Stem Cell Transplant Ward,1
Pulmonary Ward,Exit,90
Surgical Ward,Endoscopy Suite,19
Surgical Ward,Medical Ward,2
Surgical Ward,Medical/Surgical Ward,3
Surgical Ward,Operating Room/Suite,125
Surgical Ward,Surgical Ward,33
Surgical Ward,Medical Critical Care,4
Surgical Ward,Neurologic Critical Care,3
Surgical Ward,Surgical Critical Care,8
Surgical Ward,ONC General Hematology/Oncology Ward,5
Surgical Ward,ONC Pediatric General Hematology/Oncology Ward,1
Surgical Ward,Exit,501
"Labor, Delivery, Recovery, Postpartum Suite (LDRP)",Pediatric Medical Ward,3
"Labor, Delivery, Recovery, Postpartum Suite (LDRP)",Medical Ward,2
"Labor, Delivery, Recovery, Postpartum Suite (LDRP)",Medical/Surgical Ward,1
"Labor, Delivery, Recovery, Postpartum Suite (LDRP)",Postpartum Ward,371
"Labor, Delivery, Recovery, Postpartum Suite (LDRP)","Labor, Delivery, Recovery, Postpartum Suite (LDRP)",63
"Labor, Delivery, Recovery, Postpartum Suite (LDRP)",Medical Critical Care,1
"Labor, Delivery, Recovery, Postpartum Suite (LDRP)",Pediatric Cardiothoracic Critical Care,2
"Labor, Delivery, Recovery, Postpartum Suite (LDRP)",Surgical Critical Care,1
"Labor, Delivery, Recovery, Postpartum Suite (LDRP)",Neonatal Critical Care (Level IV),18
"Labor, Delivery, Recovery, Postpartum Suite (LDRP)",Exit,63
Medical Cardiac Critical Care,Adult Step Down Unit (post-critical care),4
Medical Cardiac Critical Care,Medical Ward,57
Medical Cardiac Critical Care,Medical/Surgical Ward,2
Medical Cardiac Critical Care,Operating Room/Suite,22
Medical Cardiac Critical Care,Pulmonary Ward,2
Medical Cardiac Critical Care,Medical Cardiac Critical Care,2
Medical Cardiac Critical Care,Surgical Cardiothoracic Critical Care,2
Medical Cardiac Critical Care,Surgical Critical Care,1
Medical Cardiac Critical Care,ONC Hematopoietic Stem Cell Transplant Ward,1
Medical Cardiac Critical Care,ONC General Hematology/Oncology Ward,2
Medical Cardiac Critical Care,Exit,23
Medical Critical Care,Medical Ward,41
Medical Critical Care,Medical/Surgical Ward,8
Medical Critical Care,Operating Room/Suite,6
Medical Critical Care,Pulmonary Ward,4
Medical Critical Care,Surgical Ward,1
Medical Critical Care,"Labor, Delivery, Recovery, Postpartum Suite (LDRP)",1
Medical Critical Care,Medical Critical Care,12
Medical Critical Care,Neurologic Critical Care,1
Medical Critical Care,Surgical Cardiothoracic Critical Care,1
Medical Critical Care,ONC Hematopoietic Stem Cell Transplant Ward,1
Medical Critical Care,ONC General Hematology/Oncology Ward,3
Medical Critical Care,Exit,20
Neurologic Critical Care,Medical Ward,20
Neurologic Critical Care,Medical/Surgical Ward,5
Neurologic Critical Care,Neurology Ward,23
Neurologic Critical Care,Neurosurgical Ward,60
Neurologic Critical Care,Operating Room/Suite,14
Neurologic Critical Care,Postpartum Ward,1
Neurologic Critical Care,Pulmonary Ward,2
Neurologic Critical Care,Surgical Ward,3
Neurologic Critical Care,Medical Cardiac Critical Care,2
Neurologic Critical Care,Medical Critical Care,1
Neurologic Critical Care,Neurologic Critical Care,5
Neurologic Critical Care,ONC Hematopoietic Stem Cell Transplant Ward,1
Neurologic Critical Care,ONC General Hematology/Oncology Ward,9
Neurologic Critical Care,Exit,47
Pediatric Cardiothoracic Critical Care,Pediatric Medical Ward,5
Pediatric Cardiothoracic Critical Care,Operating Room/Suite,8
Pediatric Cardiothoracic Critical Care,Pediatric Cardiothoracic Critical Care,28
Pediatric Cardiothoracic Critical Care,Pediatric Step Down Unit (post-critical care),30
Pediatric Cardiothoracic Critical Care,Neonatal Critical Care (Level IV),1
Pediatric Cardiothoracic Critical Care,Exit,9
Pediatric Medical/Surgical Critical Care,Pediatric Medical Ward,35
Pediatric Medical/Surgical Critical Care,Operating Room/Suite,13
Pediatric Medical/Surgical Critical Care,Surgical Ward,3
Pediatric Medical/Surgical Critical Care,Pediatric Medical/Surgical Critical Care,19
Pediatric Medical/Surgical Critical Care,Pediatric Step Down Unit (post-critical care),1
Pediatric Medical/Surgical Critical Care,ONC Pediatric Hematopoietic Stem Cell Transplant Ward,3
Pediatric Medical/Surgical Critical Care,ONC Pediatric General Hematology/Oncology Ward,22
Pediatric Medical/Surgical Critical Care,Neonatal Critical Care (Level IV),1
Pediatric Medical/Surgical Critical Care,Exit,12
Pediatric Step Down Unit (post-critical care),Pediatric Medical Ward,3
Pediatric Step Down Unit (post-critical care),Operating Room/Suite,2
Pediatric Step Down Unit (post-critical care),Pediatric Cardiothoracic Critical Care,6
Pediatric Step Down Unit (post-critical care),Pediatric Medical/Surgical Critical Care,1
Pediatric Step Down Unit (post-critical care),Pediatric Step Down Unit (post-critical care),7
Pediatric Step Down Unit (post-critical care),Exit,35
Step down Neonatal Nursery (Level II),Step down Neonatal Nursery (Level II),8
Step down Neonatal Nursery (Level II),ONC Pediatric General Hematology/Oncology Ward,1
Step down Neonatal Nursery (Level II),Neonatal Critical Care (Level IV),24
Step down Neonatal Nursery (Level II),Exit,12
Surgical Cardiothoracic Critical Care,Adult Step Down Unit (post-critical care),51
Surgical Cardiothoracic Critical Care,Medical Ward,1
Surgical Cardiothoracic Critical Care,Medical/Surgical Ward,130
Surgical Cardiothoracic Critical Care,Operating Room/Suite,53
Surgical Cardiothoracic Critical Care,Pulmonary Ward,3
Surgical Cardiothoracic Critical Care,Surgical Ward,15
Surgical Cardiothoracic Critical Care,"Labor, Delivery, Recovery, Postpartum Suite (LDRP)",1
Surgical Cardiothoracic Critical Care,Medical Cardiac Critical Care,7
Surgical Cardiothoracic Critical Care,Neurologic Critical Care,1
Surgical Cardiothoracic Critical Care,Surgical Cardiothoracic Critical Care,9
Surgical Cardiothoracic Critical Care,Surgical Critical Care,1
Surgical Cardiothoracic Critical Care,Exit,15
Surgical Critical Care,Pediatric Medical Ward,2
Surgical Critical Care,Medical Ward,26
Surgical Critical Care,Medical/Surgical Ward,12
Surgical Critical Care,Neurology Ward,1
Surgical Critical Care,Operating Room/Suite,34
Surgical Critical Care,Postpartum Ward,2
Surgical Critical Care,Pulmonary Ward,1
Surgical Critical Care,Surgical Ward,31
Surgical Critical Care,Medical Cardiac Critical Care,4
Surgical Critical Care,Medical Critical Care,1
Surgical Critical Care,Surgical Cardiothoracic Critical Care,1
Surgical Critical Care,Surgical Critical Care,8
Surgical Critical Care,ONC Hematopoietic Stem Cell Transplant Ward,1
Surgical Critical Care,ONC General Hematology/Oncology Ward,19
Surgical Critical Care,Exit,20
ONC Hematopoietic Stem Cell Transplant Ward,Endoscopy Suite,7
ONC Hematopoietic Stem Cell Transplant Ward,Operating Room/Suite,1
ONC Hematopoietic Stem Cell Transplant Ward,Medical Cardiac Critical Care,1
ONC Hematopoietic Stem Cell Transplant Ward,Medical Critical Care,1
ONC Hematopoietic Stem Cell Transplant Ward,Neurologic Critical Care,1
ONC Hematopoietic Stem Cell Transplant Ward,ONC Hematopoietic Stem Cell Transplant Ward,12
ONC Hematopoietic Stem Cell Transplant Ward,ONC General Hematology/Oncology Ward,1
ONC Hematopoietic Stem Cell Transplant Ward,Exit,33
ONC General Hematology/Oncology Ward,Endoscopy Suite,31
ONC General Hematology/Oncology Ward,Medical Ward,2
ONC General Hematology/Oncology Ward,Medical/Surgical Ward,1
ONC General Hematology/Oncology Ward,Neurosurgical Ward,3
ONC General Hematology/Oncology Ward,Operating Room/Suite,64
ONC General Hematology/Oncology Ward,Surgical Ward,3
ONC General Hematology/Oncology Ward,Medical Cardiac Critical Care,5
ONC General Hematology/Oncology Ward,Medical Critical Care,6
ONC General Hematology/Oncology Ward,Neurologic Critical Care,7
ONC General Hematology/Oncology Ward,Surgical Critical Care,3
ONC General Hematology/Oncology Ward,ONC General Hematology/Oncology Ward,32
ONC General Hematology/Oncology Ward,Exit,518
ONC Pediatric Hematopoietic Stem Cell Transplant Ward,Operating Room/Suite,3
ONC Pediatric Hematopoietic Stem Cell Transplant Ward,Pediatric Medical/Surgical Critical Care,3
ONC Pediatric Hematopoietic Stem Cell Transplant Ward,ONC General Hematology/Oncology Ward,1
ONC Pediatric Hematopoietic Stem Cell Transplant Ward,ONC Pediatric Hematopoietic Stem Cell Transplant Ward,3
ONC Pediatric Hematopoietic Stem Cell Transplant Ward,Exit,15
ONC Pediatric General Hematology/Oncology Ward,Pediatric Medical Ward,1
ONC Pediatric General Hematology/Oncology Ward,Operating Room/Suite,10
ONC Pediatric General Hematology/Oncology Ward,Pediatric Medical/Surgical Critical Care,7
ONC Pediatric General Hematology/Oncology Ward,ONC Pediatric Hematopoietic Stem Cell Transplant Ward,1
ONC Pediatric General Hematology/Oncology Ward,ONC Pediatric General Hematology/Oncology Ward,12
ONC Pediatric General Hematology/Oncology Ward,Exit,169
Neonatal Critical Care (Level IV),Pediatric Medical Ward,2
Neonatal Critical Care (Level IV),Operating Room/Suite,18
Neonatal Critical Care (Level IV),Postpartum Ward,12
Neonatal Critical Care (Level IV),"Labor, Delivery, Recovery, Postpartum Suite (LDRP)",2
Neonatal Critical Care (Level IV),Pediatric Cardiothoracic Critical Care,1
Neonatal Critical Care (Level IV),Pediatric Medical/Surgical Critical Care,1
Neonatal Critical Care (Level IV),Step down Neonatal Nursery (Level II),37
Neonatal Critical Care (Level IV),ONC Pediatric General Hematology/Oncology Ward,4
Neonatal Critical Care (Level IV),Neonatal Critical Care (Level IV),164
Neonatal Critical Care (Level IV),Exit,47
