source,destination,count
Entry,24-Hour Observation Area,107
Entry,Adult Step Down Unit (post-critical care),29
Entry,Ambulatory Surgery Center,599
Entry,Emergency Department,6432
Entry,Endoscopy Suite,10
Entry,Behavioral Health/Psych Ward,38
Entry,Pediatric Medical Ward,49
Entry,Medical Ward,244
Entry,Medical/Surgical Ward,116
Entry,Neurology Ward,47
Entry,Neurosurgical Ward,35
Entry,Operating Room/Suite,1696
Entry,Postpartum Ward,115
Entry,Pulmonary Ward,37
Entry,Surgical Ward,65
Entry,"Labor, Delivery, Recovery, Postpartum Suite (LDRP)",443
Entry,Medical Cardiac Critical Care,32
Entry,Medical Critical Care,27
Entry,Neonatal Critical Care (Level III),13
Entry,Neurologic Critical Care,26
Entry,Pediatric Cardiothoracic Critical Care,18
Entry,Pediatric Medical/Surgical Critical Care,25
Entry,Pediatric Step Down Unit (post-critical care),13
Entry,Surgical Cardiothoracic Critical Care,15
Entry,Surgical Critical Care,7
Entry,ONC Hematopoietic Stem Cell Transplant Ward,44
Entry,ONC General Hematology/Oncology Ward,129
Entry,ONC Pediatric Hematopoietic Stem Cell Transplant Ward,20
Entry,ONC Pediatric General Hematology/Oncology Ward,76
Entry,Neonatal Critical Care (Level IV),30
24-Hour Observation Area,24-Hour Observation Area,9
24-Hour Observation Area,Adult Step Down Unit (post-critical care),1
24-Hour Observation Area,Medical Ward,15
24-Hour Observation Area,Medical/Surgical Ward,18
24-Hour Observation Area,Neurology Ward,8
24-Hour Observation Area,Neurosurgical Ward,2
24-Hour Observation Area,Operating Room/Suite,10
24-Hour Observation Area,Surgical Ward,18
24-Hour Observation Area,ONC General Hematology/Oncology Ward,9
24-Hour Observation Area,Exit,295
Adult Step Down Unit (post-critical care),Adult Step Down Unit (post-critical care),4
Adult Step Down Unit (post-critical care),Endoscopy Suite,8
Adult Step Down Unit (post-critical care),Medical Ward,1
Adult Step Down Unit (post-critical care),Operating Room/Suite,29
Adult Step Down Unit (post-critical care),Medical Cardiac Critical Care,2
Adult Step Down Unit (post-critical care),Neurologic Critical Care,1
Adult Step Down Unit (post-critical care),Surgical Cardiothoracic Critical Care,5
Adult Step Down Unit (post-critical care),Surgical Critical Care,2
Adult Step Down Unit (post-critical care),ONC General Hematology/Oncology Ward,2
Adult Step Down Unit (post-critical care),Exit,74
Ambulatory Surgery Center,24-Hour Observation Area,1
Ambulatory Surgery Center,Operating Room/Suite,1
Ambulatory Surgery Center,Exit,597
Emergency Department,Adult Step Down Unit (post-critical care),11
Emergency Department,Emergency Department,14836
Emergency Department,Endoscopy Suite,8
Emergency Department,Pediatric Medical Ward,82
Emergency Department,Medical Ward,528
Emergency Department,Medical/Surgical Ward,141
Emergency Department,Neurology Ward,73
Emergency Department,Neurosurgical Ward,77
Emergency Department,Operating Room/Suite,93
Emergency Department,Pulmonary Ward,56
Emergency Department,Surgical Ward,169
Emergency Department,"Labor, Delivery, Recovery, Postpartum Suite (LDRP)",1
Emergency Department,Medical Cardiac Critical Care,46
Emergency Department,Medical Critical Care,57
Emergency Department,Neurologic Critical Care,48
Emergency Department,Pediatric Cardiothoracic Critical Care,3
Emergency Department,Pediatric Medical/Surgical Critical Care,28
Emergency Department,Pediatric Step Down Unit (post-critical care),18
Emergency Department,Surgical Cardiothoracic Critical Care,4
Emergency Department,Surgical Critical Care,33
Emergency Department,ONC Hematopoietic Stem Cell Transplant Ward,11
Emergency Department,ONC General Hematology/Oncology Ward,166
Emergency Department,ONC Pediatric Hematopoietic Stem Cell Transplant Ward,4
Emergency Department,ONC Pediatric General Hematology/Oncology Ward,104
Emergency Department,Exit,4736
Endoscopy Suite,Adult Step Down Unit (post-critical care),9
Endoscopy Suite,Emergency Department,8
Endoscopy Suite,Medical Ward,55
Endoscopy Suite,Medical/Surgical Ward,29
Endoscopy Suite,Neurology Ward,6
Endoscopy Suite,Neurosurgical Ward,6
Endoscopy Suite,Pulmonary Ward,15
Endoscopy Suite,Surgical Ward,18
Endoscopy Suite,Medical Critical Care,3
Endoscopy Suite,ONC Hematopoietic Stem Cell Transplant Ward,3
Endoscopy Suite,ONC General Hematology/Oncology Ward,15
Endoscopy Suite,ONC Pediatric Hematopoietic Stem Cell Transplant Ward,1
Endoscopy Suite,Exit,9
Behavioral Health/Psych Ward,Behavioral Health/Psych Ward,3
Behavioral Health/Psych Ward,Exit,41
Pediatric Medical Ward,Pediatric Medical Ward,9
Pediatric Medical Ward,Operating Room/Suite,34
Pediatric Medical Ward,Pediatric Medical/Surgical Critical Care,7
Pediatric Medical Ward,ONC Pediatric General Hematology/Oncology Ward,1
Pediatric Medical Ward,Neonatal Critical Care (Level IV),1
Pediatric Medical Ward,Exit,228
Medical Ward,Emergency Department,1
Medical Ward,Endoscopy Suite,55
Medical Ward,Medical Ward,51
Medical Ward,Medical/Surgical Ward,5
Medical Ward,Neurosurgical Ward,1
Medical Ward,Operating Room/Suite,109
Medical Ward,Pulmonary Ward,2
Medical Ward,Surgical Ward,2
Medical Ward,Medical Cardiac Critical Care,25
Medical Ward,Medical Critical Care,8
Medical Ward,Neurologic Critical Care,3
Medical Ward,Surgical Critical Care,7
Medical Ward,ONC Hematopoietic Stem Cell Transplant Ward,1
Medical Ward,ONC General Hematology/Oncology Ward,9
Medical Ward,Exit,890
Medical/Surgical Ward,Endoscopy Suite,29
Medical/Surgical Ward,Medical Ward,12
Medical/Surgical Ward,Medical/Surgical Ward,29
Medical/Surgical Ward,Operating Room/Suite,134
Medical/Surgical Ward,Pulmonary Ward,2
Medical/Surgical Ward,Surgical Ward,10
Medical/Surgical Ward,Medical Cardiac Critical Care,2
Medical/Surgical Ward,Medical Critical Care,3
Medical/Surgical Ward,Neurologic Critical Care,2
Medical/Surgical Ward,Surgical Cardiothoracic Critical Care,19
Medical/Surgical Ward,Surgical Critical Care,5
Medical/Surgical Ward,ONC General Hematology/Oncology Ward,11
Medical/Surgical Ward,Exit,389
Neurology Ward,Endoscopy Suite,6
Neurology Ward,Medical Ward,1
Neurology Ward,Neurology Ward,11
Neurology Ward,Operating Room/Suite,12
Neurology Ward,Pulmonary Ward,1
Neurology Ward,Neurologic Critical Care,5
Neurology Ward,Surgical Critical Care,3
Neurology Ward,ONC General Hematology/Oncology Ward,1
Neurology Ward,Exit,194
Neurosurgical Ward,Endoscopy Suite,6
Neurosurgical Ward,Medical Ward,3
Neurosurgical Ward,Medical/Surgical Ward,1
Neurosurgical Ward,Neurosurgical Ward,3
Neurosurgical Ward,Operating Room/Suite,38
Neurosurgical Ward,Surgical Ward,1
Neurosurgical Ward,Medical Cardiac Critical Care,1
Neurosurgical Ward,Medical Critical Care,1
Neurosurgical Ward,Neurologic Critical Care,2
Neurosurgical Ward,ONC General Hematology/Oncology Ward,2
Neurosurgical Ward,Exit,158
Operating Room/Suite,24-Hour Observation Area,261
Operating Room/Suite,Adult Step Down Unit (post-critical care),22
Operating Room/Suite,Emergency Department,1
Operating Room/Suite,Pediatric Medical Ward,98
Operating Room/Suite,Medical Ward,84
Operating Room/Suite,Medical/Surgical Ward,141
Operating Room/Suite,Neurology Ward,60
Operating Room/Suite,Neurosurgical Ward,39
Operating Room/Suite,Operating Room/Suite,201
Operating Room/Suite,Postpartum Ward,2
Operating Room/Suite,Pulmonary Ward,7
Operating Room/Suite,Surgical Ward,324
Operating Room/Suite,"Labor, Delivery, Recovery, Postpartum Suite (LDRP)",3
Operating Room/Suite,Medical Cardiac Critical Care,14
Operating Room/Suite,Medical Critical Care,10
Operating Room/Suite,Neurologic Critical Care,82
Operating Room/Suite,Pediatric Cardiothoracic Critical Care,26
Operating Room/Suite,Pediatric Medical/Surgical Critical Care,38
Operating Room/Suite,Pediatric Step Down Unit (post-critical care),1
Operating Room/Suite,Surgical Cardiothoracic Critical Care,202
Operating Room/Suite,Surgical Critical Care,117
Operating Room/Suite,ONC Hematopoietic Stem Cell Transplant Ward,1
Operating Room/Suite,ONC General Hematology/Oncology Ward,141
Operating Room/Suite,ONC Pediatric Hematopoietic Stem Cell Transplant Ward,17
Operating Room/Suite,ONC Pediatric General Hematology/Oncology Ward,19
Operating Room/Suite,Neonatal Critical Care (Level IV),20
Operating Room/Suite,Exit,829
Postpartum Ward,Pediatric Medical Ward,1
Postpartum Ward,Operating Room/Suite,3
Postpartum Ward,Postpartum Ward,30
Postpartum Ward,"Labor, Delivery, Recovery, Postpartum Suite (LDRP)",27
Postpartum Ward,Pediatric Cardiothoracic Critical Care,1
Postpartum Ward,Pediatric Medical/Surgical Critical Care,1
Postpartum Ward,ONC Pediatric General Hematology/Oncology Ward,2
Postpartum Ward,Neonatal Critical Care (Level IV),6
Postpartum Ward,Exit,488
Pulmonary Ward,Endoscopy Suite,15
Pulmonary Ward,Medical Ward,3
Pulmonary Ward,Operating Room/Suite,9
Pulmonary Ward,Pulmonary Ward,11
Pulmonary Ward,Surgical Ward,1
Pulmonary Ward,Medical Cardiac Critical Care,4
Pulmonary Ward,Medical Critical Care,4
Pulmonary Ward,Surgical Critical Care,2
Pulmonary Ward,ONC General Hematology/Oncology Ward,1
Pulmonary Ward,Exit,100
Surgical Ward,Endoscopy Suite,18
Surgical Ward,Medical Ward,5
Surgical Ward,Medical/Surgical Ward,2
Surgical Ward,Neurology Ward,1
Surgical Ward,Neurosurgical Ward,2
Surgical Ward,Operating Room/Suite,103
Surgical Ward,Pulmonary Ward,1
Surgical Ward,Surgical Ward,19
Surgical Ward,Medical Critical Care,1
Surgical Ward,Neurologic Critical Care,1
Surgical Ward,Surgical Critical Care,9
Surgical Ward,ONC General Hematology/Oncology Ward,6
Surgical Ward,ONC Pediatric General Hematology/Oncology Ward,1
Surgical Ward,Exit,521
"Labor, Delivery, Recovery, Postpartum Suite (LDRP)",Operating Room/Suite,3
"Labor, Delivery, Recovery, Postpartum Suite (LDRP)",Postpartum Ward,402
"Labor, Delivery, Recovery, Postpartum Suite (LDRP)","Labor, Delivery, Recovery, Postpartum Suite (LDRP)",58
"Labor, Delivery, Recovery, Postpartum Suite (LDRP)",Medical Cardiac Critical Care,2
"Labor, Delivery, Recovery, Postpartum Suite (LDRP)",Pediatric Cardiothoracic Critical Care,3
"Labor, Delivery, Recovery, Postpartum Suite (LDRP)",Surgical Critical Care,3
"Labor, Delivery, Recovery, Postpartum Suite (LDRP)",ONC General Hematology/Oncology Ward,1
"Labor, Delivery, Recovery, Postpartum Suite (LDRP)",Neonatal Critical Care (Level IV),17
"Labor, Delivery, Recovery, Postpartum Suite (LDRP)",Exit,48
Medical Cardiac Critical Care,Adult Step Down Unit (post-critical care),2
Medical Cardiac Critical Care,Medical Ward,71
Medical Cardiac Critical Care,Medical/Surgical Ward,4
Medical Cardiac Critical Care,Neurology Ward,1
Medical Cardiac Critical Care,Operating Room/Suite,22
Medical Cardiac Critical Care,Pulmonary Ward,1
Medical Cardiac Critical Care,"Labor, Delivery, Recovery, Postpartum Suite (LDRP)",1
Medical Cardiac Critical Care,Medical Cardiac Critical Care,1
Medical Cardiac Critical Care,Medical Critical Care,1
Medical Cardiac Critical Care,Neurologic Critical Care,1
Medical Cardiac Critical Care,Surgical Cardiothoracic Critical Care,3
Medical Cardiac Critical Care,ONC General Hematology/Oncology Ward,1
Medical Cardiac Critical Care,Exit,23
Medical Critical Care,Endoscopy Suite,2
Medical Critical Care,Medical Ward,46
Medical Critical Care,Neurosurgical Ward,1
Medical Critical Care,Operating Room/Suite,13
Medical Critical Care,Pulmonary Ward,15
Medical Critical Care,Surgical Ward,1
Medical Critical Care,Medical Critical Care,2
Medical Critical Care,Neurologic Critical Care,1
Medical Critical Care,Surgical Cardiothoracic Critical Care,2
Medical Critical Care,ONC Hematopoietic Stem Cell Transplant Ward,2
Medical Critical Care,ONC General Hematology/Oncology Ward,7
Medical Critical Care,Exit,34
Neonatal Critical Care (Level III),Pediatric Medical Ward,1
Neonatal Critical Care (Level III),Operating Room/Suite,5
Neonatal Critical Care (Level III),Step down Neonatal Nursery (Level II),4
Neonatal Critical Care (Level III),ONC Pediatric General Hematology/Oncology Ward,1
Neonatal Critical Care (Level III),Neonatal Critical Care (Level IV),24
Neonatal Critical Care (Level III),Exit,9
Neurologic Critical Care,Medical Ward,13
Neurologic Critical Care,Medical/Surgical Ward,3
Neurologic Critical Care,Neurology Ward,23
Neurologic Critical Care,Neurosurgical Ward,48
Neurologic Critical Care,Operating Room/Suite,12
Neurologic Critical Care,Surgical Ward,3
Neurologic Critical Care,Medical Cardiac Critical Care,2
Neurologic Critical Care,Neurologic Critical Care,1
Neurologic Critical Care,ONC General Hematology/Oncology Ward,3
Neurologic Critical Care,Exit,72
Pediatric Cardiothoracic Critical Care,Pediatric Medical Ward,4
Pediatric Cardiothoracic Critical Care,Operating Room/Suite,13
Pediatric Cardiothoracic Critical Care,Postpartum Ward,1
Pediatric Cardiothoracic Critical Care,Pediatric Cardiothoracic Critical Care,16
Pediatric Cardiothoracic Critical Care,Pediatric Medical/Surgical Critical Care,4
Pediatric Cardiothoracic Critical Care,Pediatric Step Down Unit (post-critical care),32
Pediatric Cardiothoracic Critical Care,ONC Pediatric General Hematology/Oncology Ward,1
Pediatric Cardiothoracic Critical Care,Exit,9
Pediatric Medical/Surgical Critical Care,Pediatric Medical Ward,31
Pediatric Medical/Surgical Critical Care,Operating Room/Suite,21
Pediatric Medical/Surgical Critical Care,Pediatric Cardiothoracic Critical Care,3
Pediatric Medical/Surgical Critical Care,Pediatric Medical/Surgical Critical Care,16
Pediatric Medical/Surgical Critical Care,Pediatric Step Down Unit (post-critical care),1
Pediatric Medical/Surgical Critical Care,ONC Pediatric Hematopoietic Stem Cell Transplant Ward,5
Pediatric Medical/Surgical Critical Care,ONC Pediatric General Hematology/Oncology Ward,36
Pediatric Medical/Surgical Critical Care,Exit,17
Pediatric Step Down Unit (post-critical care),Pediatric Medical Ward,1
Pediatric Step Down Unit (post-critical care),Operating Room/Suite,5
Pediatric Step Down Unit (post-critical care),Pediatric Cardiothoracic Critical Care,6
Pediatric Step Down Unit (post-critical care),Pediatric Medical/Surgical Critical Care,2
Pediatric Step Down Unit (post-critical care),Pediatric Step Down Unit (post-critical care),10
Pediatric Step Down Unit (post-critical care),ONC Pediatric General Hematology/Oncology Ward,1
Pediatric Step Down Unit (post-critical care),Neonatal Critical Care (Level IV),1
Pediatric Step Down Unit (post-critical care),Exit,48
Step down Neonatal Nursery (Level II),Step down Neonatal Nursery (Level II),2
Step down Neonatal Nursery (Level II),Neonatal Critical Care (Level IV),12
Step down Neonatal Nursery (Level II),Exit,8
Surgical Cardiothoracic Critical Care,Adult Step Down Unit (post-critical care),42
Surgical Cardiothoracic Critical Care,Medical Ward,1
Surgical Cardiothoracic Critical Care,Medical/Surgical Ward,142
Surgical Cardiothoracic Critical Care,Operating Room/Suite,56
Surgical Cardiothoracic Critical Care,Medical Cardiac Critical Care,1
Surgical Cardiothoracic Critical Care,Medical Critical Care,2
Surgical Cardiothoracic Critical Care,Neurologic Critical Care,1
Surgical Cardiothoracic Critical Care,Surgical Cardiothoracic Critical Care,6
Surgical Cardiothoracic Critical Care,Surgical Critical Care,2
Surgical Cardiothoracic Critical Care,Exit,7
Surgical Critical Care,Adult Step Down Unit (post-critical care),1
Surgical Critical Care,Medical Ward,22
Surgical Critical Care,Medical/Surgical Ward,17
Surgical Critical Care,Neurology Ward,4
Surgical Critical Care,Neurosurgical Ward,2
Surgical Critical Care,Operating Room/Suite,50
Surgical Critical Care,Postpartum Ward,1
Surgical Critical Care,Pulmonary Ward,3
Surgical Critical Care,Surgical Ward,48
Surgical Critical Care,"Labor, Delivery, Recovery, Postpartum Suite (LDRP)",3
Surgical Critical Care,Medical Critical Care,1
Surgical Critical Care,Neurologic Critical Care,1
Surgical Critical Care,Surgical Cardiothoracic Critical Care,4
Surgical Critical Care,Surgical Critical Care,2
Surgical Critical Care,ONC Hematopoietic Stem Cell Transplant Ward,1
Surgical Critical Care,ONC General Hematology/Oncology Ward,21
Surgical Critical Care,Exit,19
ONC Hematopoietic Stem Cell Transplant Ward,Endoscopy Suite,4
ONC Hematopoietic Stem Cell Transplant Ward,Medical Ward,2
ONC Hematopoietic Stem Cell Transplant Ward,Operating Room/Suite,3
ONC Hematopoietic Stem Cell Transplant Ward,Medical Cardiac Critical Care,1
ONC Hematopoietic Stem Cell Transplant Ward,Neurologic Critical Care,1
ONC Hematopoietic Stem Cell Transplant Ward,ONC Hematopoietic Stem Cell Transplant Ward,9
ONC Hematopoietic Stem Cell Transplant Ward,ONC General Hematology/Oncology Ward,9
ONC Hematopoietic Stem Cell Transplant Ward,Exit,41
ONC General Hematology/Oncology Ward,Endoscopy Suite,15
ONC General Hematology/Oncology Ward,Medical Ward,5
ONC General Hematology/Oncology Ward,Operating Room/Suite,45
ONC General Hematology/Oncology Ward,Surgical Ward,4
ONC General Hematology/Oncology Ward,Medical Cardiac Critical Care,2
ONC General Hematology/Oncology Ward,Medical Critical Care,2
ONC General Hematology/Oncology Ward,Neurologic Critical Care,3
ONC General Hematology/Oncology Ward,Surgical Cardiothoracic Critical Care,1
ONC General Hematology/Oncology Ward,Surgical Critical Care,5
ONC General Hematology/Oncology Ward,ONC Hematopoietic Stem Cell Transplant Ward,1
ONC General Hematology/Oncology Ward,ONC General Hematology/Oncology Ward,38
ONC General Hematology/Oncology Ward,Exit,454
ONC Pediatric Hematopoietic Stem Cell Transplant Ward,Endoscopy Suite,1
ONC Pediatric Hematopoietic Stem Cell Transplant Ward,Operating Room/Suite,7
ONC Pediatric Hematopoietic Stem Cell Transplant Ward,Pediatric Medical/Surgical Critical Care,3
ONC Pediatric Hematopoietic Stem Cell Transplant Ward,ONC Pediatric Hematopoietic Stem Cell Transplant Ward,4
ONC Pediatric Hematopoietic Stem Cell Transplant Ward,ONC Pediatric General Hematology/Oncology Ward,2
ONC Pediatric Hematopoietic Stem Cell Transplant Ward,Exit,39
ONC Pediatric General Hematology/Oncology Ward,Pediatric Medical Ward,3
ONC Pediatric General Hematology/Oncology Ward,Medical Ward,1
ONC Pediatric General Hematology/Oncology Ward,Operating Room/Suite,15
ONC Pediatric General Hematology/Oncology Ward,Pediatric Cardiothoracic Critical Care,2
ONC Pediatric General Hematology/Oncology Ward,Pediatric Medical/Surgical Critical Care,5
ONC Pediatric General Hematology/Oncology Ward,ONC Pediatric Hematopoietic Stem Cell Transplant Ward,8
ONC Pediatric General Hematology/Oncology Ward,ONC Pediatric General Hematology/Oncology Ward,17
ONC Pediatric General Hematology/Oncology Ward,Exit,213
Neonatal Critical Care (Level IV),Pediatric Medical Ward,1
Neonatal Critical Care (Level IV),Operating Room/Suite,14
Neonatal Critical Care (Level IV),Postpartum Ward,1
Neonatal Critical Care (Level IV),Pediatric Cardiothoracic Critical Care,1
Neonatal Critical Care (Level IV),Pediatric Medical/Surgical Critical Care,2
Neonatal Critical Care (Level IV),Step down Neonatal Nursery (Level II),18
Neonatal Critical Care (Level IV),ONC Pediatric General Hematology/Oncology Ward,3
Neonatal Critical Care (Level IV),Neonatal Critical Care (Level IV),120
Neonatal Critical Care (Level IV),Exit,38
