source,destination,count
Entry,24-Hour Observation Area,101
Entry,Adult Step Down Unit (post-critical care),33
Entry,Ambulatory Surgery Center,585
Entry,Emergency Department,6568
Entry,Endoscopy Suite,6
Entry,Behavioral Health/Psych Ward,31
Entry,Pediatric Medical Ward,73
Entry,Medical Ward,299
Entry,Medical/Surgical Ward,144
Entry,Neurology Ward,43
Entry,Neurosurgical Ward,51
Entry,Operating Room/Suite,1793
Entry,Postpartum Ward,156
Entry,Pulmonary Ward,47
Entry,Surgical Ward,74
Entry,"Labor, Delivery, Recovery, Postpartum Suite (LDRP)",494
Entry,Medical Cardiac Critical Care,21
Entry,Medical Critical Care,26
Entry,Neonatal Critical Care (Level III),59
Entry,Neurologic Critical Care,31
Entry,Pediatric Cardiothoracic Critical Care,17
Entry,Pediatric Medical/Surgical Critical Care,22
Entry,Pediatric Step Down Unit (post-critical care),4
Entry,Surgical Cardiothoracic Critical Care,10
Entry,Surgical Critical Care,4
Entry,ONC Hematopoietic Stem Cell Transplant Ward,30
Entry,ONC General Hematology/Oncology Ward,152
Entry,ONC Pediatric Hematopoietic Stem Cell Transplant Ward,19
Entry,ONC Pediatric General Hematology/Oncology Ward,81
24-Hour Observation Area,24-Hour Observation Area,2
24-Hour Observation Area,Medical Ward,5
24-Hour Observation Area,Medical/Surgical Ward,2
24-Hour Observation Area,Operating Room/Suite,3
24-Hour Observation Area,Surgical Ward,2
24-Hour Observation Area,Medical Cardiac Critical Care,1
24-Hour Observation Area,Exit,239
Adult Step Down Unit (post-critical care),Endoscopy Suite,5
Adult Step Down Unit (post-critical care),Medical Ward,4
Adult Step Down Unit (post-critical care),Operating Room/Suite,43
Adult Step Down Unit (post-critical care),Surgical Cardiothoracic Critical Care,9
Adult Step Down Unit (post-critical care),Exit,85
Ambulatory Surgery Center,Operating Room/Suite,2
Ambulatory Surgery Center,Surgical Ward,1
Ambulatory Surgery Center,Exit,582
Emergency Department,Adult Step Down Unit (post-critical care),15
Emergency Department,Emergency Department,14583
Emergency Department,Endoscopy Suite,4
Emergency Department,Pediatric Medical Ward,70
Emergency Department,Medical Ward,562
Emergency Department,Medical/Surgical Ward,150
Emergency Department,Neurology Ward,70
Emergency Department,Neurosurgical Ward,105
Emergency Department,Operating Room/Suite,116
Emergency Department,Pulmonary Ward,54
Emergency Department,Surgical Ward,221
Emergency Department,"Labor, Delivery, Recovery, Postpartum Suite (LDRP)",3
Emergency Department,Medical Cardiac Critical Care,71
Emergency Department,Medical Critical Care,47
Emergency Department,Neurologic Critical Care,38
Emergency Department,Pediatric Cardiothoracic Critical Care,3
Emergency Department,Pediatric Medical/Surgical Critical Care,29
Emergency Department,Pediatric Step Down Unit (post-critical care),4
Emergency Department,Surgical Cardiothoracic Critical Care,2
Emergency Department,Surgical Critical Care,36
Emergency Department,ONC Hematopoietic Stem Cell Transplant Ward,8
Emergency Department,ONC General Hematology/Oncology Ward,193
Emergency Department,ONC Pediatric General Hematology/Oncology Ward,60
Emergency Department,Exit,4705
Endoscopy Suite,Adult Step Down Unit (post-critical care),6
Endoscopy Suite,Emergency Department,4
Endoscopy Suite,Medical Ward,52
Endoscopy Suite,Medical/Surgical Ward,30
Endoscopy Suite,Neurology Ward,3
Endoscopy Suite,Neurosurgical Ward,2
Endoscopy Suite,Operating Room/Suite,1
Endoscopy Suite,Pulmonary Ward,25
Endoscopy Suite,Surgical Ward,26
Endoscopy Suite,Medical Cardiac Critical Care,1
Endoscopy Suite,Surgical Cardiothoracic Critical Care,3
Endoscopy Suite,ONC Hematopoietic Stem Cell Transplant Ward,4
Endoscopy Suite,ONC General Hematology/Oncology Ward,30
Endoscopy Suite,Exit,5
Behavioral Health/Psych Ward,Behavioral Health/Psych Ward,6
Behavioral Health/Psych Ward,Exit,34
Pediatric Medical Ward,Pediatric Medical Ward,12
Pediatric Medical Ward,Medical Ward,1
Pediatric Medical Ward,Operating Room/Suite,36
Pediatric Medical Ward,Pediatric Cardiothoracic Critical Care,5
Pediatric Medical Ward,Pediatric Medical/Surgical Critical Care,5
Pediatric Medical Ward,Pediatric Step Down Unit (post-critical care),2
Pediatric Medical Ward,ONC Pediatric General Hematology/Oncology Ward,3
Pediatric Medical Ward,Exit,269
Medical Ward,Emergency Department,3
Medical Ward,Endoscopy Suite,53
Medical Ward,Medical Ward,83
Medical Ward,Neurology Ward,2
Medical Ward,Operating Room/Suite,92
Medical Ward,Pulmonary Ward,6
Medical Ward,Surgical Ward,4
Medical Ward,Medical Cardiac Critical Care,38
Medical Ward,Medical Critical Care,12
Medical Ward,Neurologic Critical Care,2
Medical Ward,Surgical Cardiothoracic Critical Care,1
Medical Ward,Surgical Critical Care,13
Medical Ward,ONC General Hematology/Oncology Ward,15
Medical Ward,Exit,995
Medical/Surgical Ward,Emergency Department,1
Medical/Surgical Ward,Endoscopy Suite,31
Medical/Surgical Ward,Medical Ward,7
Medical/Surgical Ward,Medical/Surgical Ward,31
Medical/Surgical Ward,Neurology Ward,2
Medical/Surgical Ward,Operating Room/Suite,134
Medical/Surgical Ward,Postpartum Ward,3
Medical/Surgical Ward,Surgical Ward,15
Medical/Surgical Ward,"Labor, Delivery, Recovery, Postpartum Suite (LDRP)",2
Medical/Surgical Ward,Medical Cardiac Critical Care,3
Medical/Surgical Ward,Medical Critical Care,1
Medical/Surgical Ward,Surgical Cardiothoracic Critical Care,22
Medical/Surgical Ward,Surgical Critical Care,4
Medical/Surgical Ward,ONC General Hematology/Oncology Ward,10
Medical/Surgical Ward,Exit,461
Neurology Ward,Emergency Department,1
Neurology Ward,Endoscopy Suite,2
Neurology Ward,Medical Ward,4
Neurology Ward,Neurology Ward,21
Neurology Ward,Neurosurgical Ward,2
Neurology Ward,Operating Room/Suite,30
Neurology Ward,Medical Cardiac Critical Care,1
Neurology Ward,Surgical Critical Care,2
Neurology Ward,ONC Hematopoietic Stem Cell Transplant Ward,1
Neurology Ward,ONC General Hematology/Oncology Ward,1
Neurology Ward,Exit,201
Neurosurgical Ward,Emergency Department,2
Neurosurgical Ward,Endoscopy Suite,2
Neurosurgical Ward,Medical Ward,4
Neurosurgical Ward,Neurosurgical Ward,5
Neurosurgical Ward,Operating Room/Suite,54
Neurosurgical Ward,Pulmonary Ward,1
Neurosurgical Ward,Surgical Ward,1
Neurosurgical Ward,Neurologic Critical Care,6
Neurosurgical Ward,ONC General Hematology/Oncology Ward,2
Neurosurgical Ward,Exit,209
Operating Room/Suite,24-Hour Observation Area,155
Operating Room/Suite,Adult Step Down Unit (post-critical care),22
Operating Room/Suite,Emergency Department,1
Operating Room/Suite,Endoscopy Suite,2
Operating Room/Suite,Pediatric Medical Ward,115
Operating Room/Suite,Medical Ward,60
Operating Room/Suite,Medical/Surgical Ward,140
Operating Room/Suite,Neurology Ward,90
Operating Room/Suite,Neurosurgical Ward,51
Operating Room/Suite,Operating Room/Suite,124
Operating Room/Suite,Pulmonary Ward,6
Operating Room/Suite,Surgical Ward,443
Operating Room/Suite,Medical Cardiac Critical Care,5
Operating Room/Suite,Medical Critical Care,8
Operating Room/Suite,Neonatal Critical Care (Level III),18
Operating Room/Suite,Neurologic Critical Care,125
Operating Room/Suite,Pediatric Cardiothoracic Critical Care,25
Operating Room/Suite,Pediatric Medical/Surgical Critical Care,29
Operating Room/Suite,Pediatric Step Down Unit (post-critical care),9
Operating Room/Suite,Surgical Cardiothoracic Critical Care,258
Operating Room/Suite,Surgical Critical Care,109
Operating Room/Suite,ONC Hematopoietic Stem Cell Transplant Ward,1
Operating Room/Suite,ONC General Hematology/Oncology Ward,173
Operating Room/Suite,ONC Pediatric Hematopoietic Stem Cell Transplant Ward,12
Operating Room/Suite,ONC Pediatric General Hematology/Oncology Ward,17
Operating Room/Suite,Exit,874
Postpartum Ward,Medical/Surgical Ward,10
Postpartum Ward,Neurology Ward,1
Postpartum Ward,Postpartum Ward,41
Postpartum Ward,"Labor, Delivery, Recovery, Postpartum Suite (LDRP)",13
Postpartum Ward,Neonatal Critical Care (Level III),4
Postpartum Ward,Pediatric Cardiothoracic Critical Care,1
Postpartum Ward,ONC Pediatric General Hematology/Oncology Ward,2
Postpartum Ward,Exit,553
Pulmonary Ward,Endoscopy Suite,24
Pulmonary Ward,Medical Ward,8
Pulmonary Ward,Operating Room/Suite,8
Pulmonary Ward,Pulmonary Ward,8
Pulmonary Ward,Surgical Ward,1
Pulmonary Ward,Medical Cardiac Critical Care,1
Pulmonary Ward,Medical Critical Care,3
Pulmonary Ward,Neurologic Critical Care,1
Pulmonary Ward,Surgical Critical Care,1
Pulmonary Ward,ONC General Hematology/Oncology Ward,5
Pulmonary Ward,Exit,109
Surgical Ward,Emergency Department,4
Surgical Ward,Endoscopy Suite,26
Surgical Ward,Medical Ward,9
Surgical Ward,Medical/Surgical Ward,1
Surgical Ward,Neurology Ward,1
Surgical Ward,Neurosurgical Ward,1
Surgical Ward,Operating Room/Suite,152
Surgical Ward,Pulmonary Ward,1
Surgical Ward,Surgical Ward,42
Surgical Ward,Medical Cardiac Critical Care,1
Surgical Ward,Medical Critical Care,1
Surgical Ward,Neurologic Critical Care,1
Surgical Ward,Surgical Critical Care,14
Surgical Ward,ONC General Hematology/Oncology Ward,10
Surgical Ward,Exit,621
"Labor, Delivery, Recovery, Postpartum Suite (LDRP)",Medical/Surgical Ward,22
"Labor, Delivery, Recovery, Postpartum Suite (LDRP)",Postpartum Ward,417
"Labor, Delivery, Recovery, Postpartum Suite (LDRP)","Labor, Delivery, Recovery, Postpartum Suite (LDRP)",60
"Labor, Delivery, Recovery, Postpartum Suite (LDRP)",Medical Cardiac Critical Care,1
"Labor, Delivery, Recovery, Postpartum Suite (LDRP)",Neonatal Critical Care (Level III),11
"Labor, Delivery, Recovery, Postpartum Suite (LDRP)",Surgical Critical Care,1
"Labor, Delivery, Recovery, Postpartum Suite (LDRP)",Exit,63
Medical Cardiac Critical Care,Adult Step Down Unit (post-critical care),2
Medical Cardiac Critical Care,Emergency Department,1
Medical Cardiac Critical Care,Medical Ward,96
Medical Cardiac Critical Care,Medical/Surgical Ward,5
Medical Cardiac Critical Care,Operating Room/Suite,16
Medical Cardiac Critical Care,Pulmonary Ward,1
Medical Cardiac Critical Care,Medical Cardiac Critical Care,2
Medical Cardiac Critical Care,Medical Critical Care,4
Medical Cardiac Critical Care,Surgical Cardiothoracic Critical Care,1
Medical Cardiac Critical Care,Surgical Critical Care,1
Medical Cardiac Critical Care,ONC Hematopoietic Stem Cell Transplant Ward,1
Medical Cardiac Critical Care,ONC General Hematology/Oncology Ward,3
Medical Cardiac Critical Care,Exit,20
Medical Critical Care,Emergency Department,1
Medical Critical Care,Medical Ward,54
Medical Critical Care,Operating Room/Suite,6
Medical Critical Care,Pulmonary Ward,12
Medical Critical Care,Surgical Ward,1
Medical Critical Care,"Labor, Delivery, Recovery, Postpartum Suite (LDRP)",1
Medical Critical Care,Medical Critical Care,4
Medical Critical Care,Pediatric Medical/Surgical Critical Care,1
Medical Critical Care,ONC Hematopoietic Stem Cell Transplant Ward,3
Medical Critical Care,ONC General Hematology/Oncology Ward,11
Medical Critical Care,Exit,26
Neonatal Critical Care (Level III),Pediatric Medical Ward,1
Neonatal Critical Care (Level III),Operating Room/Suite,18
Neonatal Critical Care (Level III),Postpartum Ward,5
Neonatal Critical Care (Level III),Neonatal Critical Care (Level III),190
Neonatal Critical Care (Level III),Pediatric Cardiothoracic Critical Care,2
Neonatal Critical Care (Level III),Pediatric Medical/Surgical Critical Care,2
Neonatal Critical Care (Level III),Step down Neonatal Nursery (Level II),43
Neonatal Critical Care (Level III),ONC Pediatric Hematopoietic Stem Cell Transplant Ward,1
Neonatal Critical Care (Level III),Exit,47
Neurologic Critical Care,Medical Ward,13
Neurologic Critical Care,Medical/Surgical Ward,3
Neurologic Critical Care,Neurology Ward,21
Neurologic Critical Care,Neurosurgical Ward,66
Neurologic Critical Care,Operating Room/Suite,29
Neurologic Critical Care,Neurologic Critical Care,1
Neurologic Critical Care,ONC General Hematology/Oncology Ward,4
Neurologic Critical Care,Exit,77
Pediatric Cardiothoracic Critical Care,Pediatric Medical Ward,19
Pediatric Cardiothoracic Critical Care,Operating Room/Suite,8
Pediatric Cardiothoracic Critical Care,Pediatric Cardiothoracic Critical Care,26
Pediatric Cardiothoracic Critical Care,Pediatric Step Down Unit (post-critical care),23
Pediatric Cardiothoracic Critical Care,ONC Pediatric General Hematology/Oncology Ward,1
Pediatric Cardiothoracic Critical Care,Exit,12
Pediatric Medical/Surgical Critical Care,Pediatric Medical Ward,26
Pediatric Medical/Surgical Critical Care,Operating Room/Suite,7
Pediatric Medical/Surgical Critical Care,Medical Critical Care,1
Pediatric Medical/Surgical Critical Care,Pediatric Medical/Surgical Critical Care,24
Pediatric Medical/Surgical Critical Care,Pediatric Step Down Unit (post-critical care),13
Pediatric Medical/Surgical Critical Care,ONC Pediatric Hematopoietic Stem Cell Transplant Ward,3
Pediatric Medical/Surgical Critical Care,ONC Pediatric General Hematology/Oncology Ward,33
Pediatric Medical/Surgical Critical Care,Exit,23
Pediatric Step Down Unit (post-critical care),Pediatric Medical Ward,19
Pediatric Step Down Unit (post-critical care),Operating Room/Suite,9
Pediatric Step Down Unit (post-critical care),Pediatric Cardiothoracic Critical Care,6
Pediatric Step Down Unit (post-critical care),Pediatric Medical/Surgical Critical Care,3
Pediatric Step Down Unit (post-critical care),Pediatric Step Down Unit (post-critical care),10
Pediatric Step Down Unit (post-critical care),ONC Pediatric General Hematology/Oncology Ward,1
Pediatric Step Down Unit (post-critical care),Exit,18
Step down Neonatal Nursery (Level II),Pediatric Medical Ward,1
Step down Neonatal Nursery (Level II),Neonatal Critical Care (Level III),25
Step down Neonatal Nursery (Level II),Step down Neonatal Nursery (Level II),1
Step down Neonatal Nursery (Level II),Exit,18
Surgical Cardiothoracic Critical Care,Adult Step Down Unit (post-critical care),67
Surgical Cardiothoracic Critical Care,Endoscopy Suite,3
Surgical Cardiothoracic Critical Care,Medical/Surgical Ward,177
Surgical Cardiothoracic Critical Care,Operating Room/Suite,48
Surgical Cardiothoracic Critical Care,Pulmonary Ward,2
Surgical Cardiothoracic Critical Care,Neurologic Critical Care,1
Surgical Cardiothoracic Critical Care,Surgical Cardiothoracic Critical Care,13
Surgical Cardiothoracic Critical Care,ONC General Hematology/Oncology Ward,2
Surgical Cardiothoracic Critical Care,Exit,9
Surgical Critical Care,Adult Step Down Unit (post-critical care),1
Surgical Critical Care,Emergency Department,1
Surgical Critical Care,Medical Ward,26
Surgical Critical Care,Medical/Surgical Ward,15
Surgical Critical Care,Neurology Ward,8
Surgical Critical Care,Neurosurgical Ward,2
Surgical Critical Care,Operating Room/Suite,52
Surgical Critical Care,Postpartum Ward,1
Surgical Critical Care,Pulmonary Ward,3
Surgical Critical Care,Surgical Ward,43
Surgical Critical Care,"Labor, Delivery, Recovery, Postpartum Suite (LDRP)",1
Surgical Critical Care,Medical Cardiac Critical Care,2
Surgical Critical Care,Neurologic Critical Care,2
Surgical Critical Care,Surgical Critical Care,5
Surgical Critical Care,ONC General Hematology/Oncology Ward,14
Surgical Critical Care,Exit,23
ONC Hematopoietic Stem Cell Transplant Ward,Endoscopy Suite,4
ONC Hematopoietic Stem Cell Transplant Ward,Medical Ward,2
ONC Hematopoietic Stem Cell Transplant Ward,Operating Room/Suite,1
ONC Hematopoietic Stem Cell Transplant Ward,Medical Critical Care,2
ONC Hematopoietic Stem Cell Transplant Ward,ONC Hematopoietic Stem Cell Transplant Ward,7
ONC Hematopoietic Stem Cell Transplant Ward,ONC General Hematology/Oncology Ward,6
ONC Hematopoietic Stem Cell Transplant Ward,Exit,35
ONC General Hematology/Oncology Ward,Endoscopy Suite,30
ONC General Hematology/Oncology Ward,Medical Ward,4
ONC General Hematology/Oncology Ward,Operating Room/Suite,59
ONC General Hematology/Oncology Ward,Surgical Ward,1
ONC General Hematology/Oncology Ward,Medical Cardiac Critical Care,2
ONC General Hematology/Oncology Ward,Medical Critical Care,5
ONC General Hematology/Oncology Ward,Neurologic Critical Care,2
ONC General Hematology/Oncology Ward,Surgical Critical Care,7
ONC General Hematology/Oncology Ward,ONC General Hematology/Oncology Ward,28
ONC General Hematology/Oncology Ward,Exit,534
ONC Pediatric Hematopoietic Stem Cell Transplant Ward,Operating Room/Suite,8
ONC Pediatric Hematopoietic Stem Cell Transplant Ward,Pediatric Medical/Surgical Critical Care,3
ONC Pediatric Hematopoietic Stem Cell Transplant Ward,ONC Pediatric Hematopoietic Stem Cell Transplant Ward,1
ONC Pediatric Hematopoietic Stem Cell Transplant Ward,Exit,27
ONC Pediatric General Hematology/Oncology Ward,Pediatric Medical Ward,2
ONC Pediatric General Hematology/Oncology Ward,Medical Ward,2
ONC Pediatric General Hematology/Oncology Ward,Operating Room/Suite,18
ONC Pediatric General Hematology/Oncology Ward,Pediatric Medical/Surgical Critical Care,10
ONC Pediatric General Hematology/Oncology Ward,ONC Pediatric General Hematology/Oncology Ward,16
ONC Pediatric General Hematology/Oncology Ward,Exit,170
