source,destination,count
Entry,24-Hour Observation Area,103
Entry,Adult Step Down Unit (post-critical care),46
Entry,Ambulatory Surgery Center,539
Entry,Emergency Department,6787
Entry,Endoscopy Suite,12
Entry,Behavioral Health/Psych Ward,41
Entry,Pediatric Medical Ward,48
Entry,Medical Ward,304
Entry,Medical/Surgical Ward,145
Entry,Neurology Ward,48
Entry,Neurosurgical Ward,41
Entry,Operating Room/Suite,1730
Entry,Postpartum Ward,123
Entry,Pulmonary Ward,49
Entry,Surgical Ward,75
Entry,"Labor, Delivery, Recovery, Postpartum Suite (LDRP)",447
Entry,Medical Cardiac Critical Care,37
Entry,Medical Critical Care,42
Entry,Neonatal Critical Care (Level III),41
Entry,Neurologic Critical Care,33
Entry,Pediatric Cardiothoracic Critical Care,7
Entry,Pediatric Medical/Surgical Critical Care,33
Entry,Pediatric Step Down Unit (post-critical care),2
Entry,Surgical Cardiothoracic Critical Care,10
Entry,Surgical Critical Care,6
Entry,ONC Hematopoietic Stem Cell Transplant Ward,37
Entry,ONC General Hematology/Oncology Ward,177
Entry,ONC Pediatric Hematopoietic Stem Cell Transplant Ward,11
Entry,ONC Pediatric General Hematology/Oncology Ward,88
24-Hour Observation Area,24-Hour Observation Area,3
24-Hour Observation Area,Medical Ward,13
24-Hour Observation Area,Medical/Surgical Ward,3
24-Hour Observation Area,Operating Room/Suite,8
24-Hour Observation Area,Surgical Ward,4
24-Hour Observation Area,Medical Cardiac Critical Care,1
24-Hour Observation Area,ONC General Hematology/Oncology Ward,1
24-Hour Observation Area,Exit,208
Adult Step Down Unit (post-critical care),Adult Step Down Unit (post-critical care),3
Adult Step Down Unit (post-critical care),Endoscopy Suite,13
Adult Step Down Unit (post-critical care),Operating Room/Suite,36
Adult Step Down Unit (post-critical care),Pulmonary Ward,1
Adult Step Down Unit (post-critical care),Surgical Ward,1
Adult Step Down Unit (post-critical care),Medical Cardiac Critical Care,1
Adult Step Down Unit (post-critical care),Medical Critical Care,1
Adult Step Down Unit (post-critical care),Surgical Cardiothoracic Critical Care,6
Adult Step Down Unit (post-critical care),Surgical Critical Care,1
Adult Step Down Unit (post-critical care),Exit,94
Ambulatory Surgery Center,24-Hour Observation Area,5
Ambulatory Surgery Center,Operating Room/Suite,3
Ambulatory Surgery Center,Exit,532
Emergency Department,Adult Step Down Unit (post-critical care),16
Emergency Department,Emergency Department,13677
Emergency Department,Endoscopy Suite,6
Emergency Department,Pediatric Medical Ward,63
Emergency Department,Medical Ward,538
Emergency Department,Medical/Surgical Ward,175
Emergency Department,Neurology Ward,86
Emergency Department,Neurosurgical Ward,84
Emergency Department,Operating Room/Suite,97
Emergency Department,Postpartum Ward,2
Emergency Department,Pulmonary Ward,30
Emergency Department,Surgical Ward,213
Emergency Department,"Labor, Delivery, Recovery, Postpartum Suite (LDRP)",3
Emergency Department,Medical Cardiac Critical Care,32
Emergency Department,Medical Critical Care,52
Emergency Department,Neurologic Critical Care,40
Emergency Department,Pediatric Medical/Surgical Critical Care,31
Emergency Department,Pediatric Step Down Unit (post-critical care),15
Emergency Department,Surgical Cardiothoracic Critical Care,6
Emergency Department,Surgical Critical Care,35
Emergency Department,ONC Hematopoietic Stem Cell Transplant Ward,11
Emergency Department,ONC General Hematology/Oncology Ward,181
Emergency Department,ONC Pediatric General Hematology/Oncology Ward,78
Emergency Department,Exit,5009
Endoscopy Suite,Adult Step Down Unit (post-critical care),13
Endoscopy Suite,Emergency Department,6
Endoscopy Suite,Medical Ward,73
Endoscopy Suite,Medical/Surgical Ward,22
Endoscopy Suite,Neurology Ward,3
Endoscopy Suite,Neurosurgical Ward,4
Endoscopy Suite,Pulmonary Ward,22
Endoscopy Suite,Surgical Ward,16
Endoscopy Suite,Medical Critical Care,8
Endoscopy Suite,Neurologic Critical Care,1
Endoscopy Suite,Surgical Cardiothoracic Critical Care,1
Endoscopy Suite,Surgical Critical Care,4
Endoscopy Suite,ONC Hematopoietic Stem Cell Transplant Ward,6
Endoscopy Suite,ONC General Hematology/Oncology Ward,27
Endoscopy Suite,Exit,12
Behavioral Health/Psych Ward,Behavioral Health/Psych Ward,13
Behavioral Health/Psych Ward,Exit,40
Pediatric Medical Ward,Pediatric Medical Ward,8
Pediatric Medical Ward,Operating Room/Suite,41
Pediatric Medical Ward,Pediatric Cardiothoracic Critical Care,1
Pediatric Medical Ward,Pediatric Medical/Surgical Critical Care,6
Pediatric Medical Ward,Pediatric Step Down Unit (post-critical care),3
Pediatric Medical Ward,ONC Pediatric General Hematology/Oncology Ward,1
Pediatric Medical Ward,Exit,226
Medical Ward,24-Hour Observation Area,1
Medical Ward,Emergency Department,1
Medical Ward,Endoscopy Suite,73
Medical Ward,Medical Ward,94
Medical Ward,Medical/Surgical Ward,1
Medical Ward,Neurosurgical Ward,1
Medical Ward,Operating Room/Suite,90
Medical Ward,Pulmonary Ward,3
Medical Ward,Medical Cardiac Critical Care,37
Medical Ward,Medical Critical Care,12
Medical Ward,Neurologic Critical Care,2
Medical Ward,Surgical Critical Care,9
Medical Ward,ONC General Hematology/Oncology Ward,10
Medical Ward,Exit,979
Medical/Surgical Ward,Emergency Department,2
Medical/Surgical Ward,Endoscopy Suite,23
Medical/Surgical Ward,Medical Ward,16
Medical/Surgical Ward,Medical/Surgical Ward,38
Medical/Surgical Ward,Neurosurgical Ward,1
Medical/Surgical Ward,Operating Room/Suite,153
Medical/Surgical Ward,Pulmonary Ward,7
Medical/Surgical Ward,Surgical Ward,13
Medical/Surgical Ward,Medical Cardiac Critical Care,2
Medical/Surgical Ward,Medical Critical Care,8
Medical/Surgical Ward,Surgical Cardiothoracic Critical Care,20
Medical/Surgical Ward,Surgical Critical Care,10
Medical/Surgical Ward,ONC General Hematology/Oncology Ward,11
Medical/Surgical Ward,Exit,432
Neurology Ward,Emergency Department,1
Neurology Ward,Endoscopy Suite,3
Neurology Ward,Medical Ward,7
Neurology Ward,Medical/Surgical Ward,1
Neurology Ward,Neurology Ward,13
Neurology Ward,Operating Room/Suite,32
Neurology Ward,Surgical Ward,2
Neurology Ward,Medical Critical Care,1
Neurology Ward,Neurologic Critical Care,3
Neurology Ward,Surgical Critical Care,4
Neurology Ward,ONC General Hematology/Oncology Ward,4
Neurology Ward,Exit,209
Neurosurgical Ward,Ambulatory Surgery Center,1
Neurosurgical Ward,Endoscopy Suite,4
Neurosurgical Ward,Medical Ward,1
Neurosurgical Ward,Neurosurgical Ward,3
Neurosurgical Ward,Operating Room/Suite,56
Neurosurgical Ward,Surgical Ward,1
Neurosurgical Ward,Neurologic Critical Care,9
Neurosurgical Ward,ONC General Hematology/Oncology Ward,4
Neurosurgical Ward,Exit,200
Operating Room/Suite,24-Hour Observation Area,128
Operating Room/Suite,Adult Step Down Unit (post-critical care),33
Operating Room/Suite,Pediatric Medical Ward,103
Operating Room/Suite,Medical Ward,59
Operating Room/Suite,Medical/Surgical Ward,207
Operating Room/Suite,Neurology Ward,92
Operating Room/Suite,Neurosurgical Ward,62
Operating Room/Suite,Operating Room/Suite,135
Operating Room/Suite,Pulmonary Ward,9
Operating Room/Suite,Surgical Ward,438
Operating Room/Suite,"Labor, Delivery, Recovery, Postpartum Suite (LDRP)",3
Operating Room/Suite,Medical Cardiac Critical Care,9
Operating Room/Suite,Medical Critical Care,18
Operating Room/Suite,Neonatal Critical Care (Level III),12
Operating Room/Suite,Neurologic Critical Care,107
Operating Room/Suite,Pediatric Cardiothoracic Critical Care,35
Operating Room/Suite,Pediatric Medical/Surgical Critical Care,29
Operating Room/Suite,Pediatric Step Down Unit (post-critical care),7
Operating Room/Suite,Surgical Cardiothoracic Critical Care,212
Operating Room/Suite,Surgical Critical Care,112
Operating Room/Suite,ONC Hematopoietic Stem Cell Transplant Ward,2
Operating Room/Suite,ONC General Hematology/Oncology Ward,171
Operating Room/Suite,ONC Pediatric Hematopoietic Stem Cell Transplant Ward,11
Operating Room/Suite,ONC Pediatric General Hematology/Oncology Ward,21
Operating Room/Suite,Exit,828
Postpartum Ward,Pediatric Medical Ward,1
Postpartum Ward,Operating Room/Suite,1
Postpartum Ward,Postpartum Ward,37
Postpartum Ward,"Labor, Delivery, Recovery, Postpartum Suite (LDRP)",12
Postpartum Ward,Neonatal Critical Care (Level III),11
Postpartum Ward,ONC Pediatric Hematopoietic Stem Cell Transplant Ward,2
Postpartum Ward,Exit,494
Pulmonary Ward,Emergency Department,1
Pulmonary Ward,Endoscopy Suite,22
Pulmonary Ward,Medical Ward,3
Pulmonary Ward,Medical/Surgical Ward,1
Pulmonary Ward,Operating Room/Suite,12
Pulmonary Ward,Pulmonary Ward,18
Pulmonary Ward,Medical Cardiac Critical Care,2
Pulmonary Ward,Medical Critical Care,10
Pulmonary Ward,Neurologic Critical Care,1
Pulmonary Ward,Surgical Cardiothoracic Critical Care,1
Pulmonary Ward,Surgical Critical Care,1
Pulmonary Ward,Exit,93
Surgical Ward,Emergency Department,3
Surgical Ward,Endoscopy Suite,16
Surgical Ward,Medical Ward,7
Surgical Ward,Medical/Surgical Ward,3
Surgical Ward,Neurology Ward,1
Surgical Ward,Operating Room/Suite,164
Surgical Ward,Surgical Ward,30
Surgical Ward,"Labor, Delivery, Recovery, Postpartum Suite (LDRP)",1
Surgical Ward,Medical Critical Care,1
Surgical Ward,Surgical Critical Care,7
Surgical Ward,ONC General Hematology/Oncology Ward,10
Surgical Ward,Exit,603
"Labor, Delivery, Recovery, Postpartum Suite (LDRP)",Operating Room/Suite,2
"Labor, Delivery, Recovery, Postpartum Suite (LDRP)",Postpartum Ward,395
"Labor, Delivery, Recovery, Postpartum Suite (LDRP)","Labor, Delivery, Recovery, Postpartum Suite (LDRP)",57
"Labor, Delivery, Recovery, Postpartum Suite (LDRP)",Neonatal Critical Care (Level III),13
"Labor, Delivery, Recovery, Postpartum Suite (LDRP)",Exit,59
Medical Cardiac Critical Care,Medical Ward,76
Medical Cardiac Critical Care,Medical/Surgical Ward,5
Medical Cardiac Critical Care,Operating Room/Suite,18
Medical Cardiac Critical Care,Pulmonary Ward,1
Medical Cardiac Critical Care,Medical Cardiac Critical Care,3
Medical Cardiac Critical Care,Medical Critical Care,2
Medical Cardiac Critical Care,Surgical Cardiothoracic Critical Care,2
Medical Cardiac Critical Care,Surgical Critical Care,4
Medical Cardiac Critical Care,ONC General Hematology/Oncology Ward,1
Medical Cardiac Critical Care,Exit,23
Medical Critical Care,Adult Step Down Unit (post-critical care),1
Medical Critical Care,Endoscopy Suite,8
Medical Critical Care,Medical Ward,70
Medical Critical Care,Medical/Surgical Ward,4
Medical Critical Care,Operating Room/Suite,15
Medical Critical Care,Pulmonary Ward,21
Medical Critical Care,Surgical Ward,1
Medical Critical Care,Medical Cardiac Critical Care,1
Medical Critical Care,Medical Critical Care,9
Medical Critical Care,Neurologic Critical Care,1
Medical Critical Care,Surgical Cardiothoracic Critical Care,2
Medical Critical Care,Surgical Critical Care,3
Medical Critical Care,ONC Hematopoietic Stem Cell Transplant Ward,1
Medical Critical Care,ONC General Hematology/Oncology Ward,8
Medical Critical Care,Exit,31
Neonatal Critical Care (Level III),Operating Room/Suite,14
Neonatal Critical Care (Level III),Postpartum Ward,8
Neonatal Critical Care (Level III),"Labor, Delivery, Recovery, Postpartum Suite (LDRP)",1
Neonatal Critical Care (Level III),Neonatal Critical Care (Level III),184
Neonatal Critical Care (Level III),Pediatric Cardiothoracic Critical Care,5
Neonatal Critical Care (Level III),Pediatric Medical/Surgical Critical Care,1
Neonatal Critical Care (Level III),Step down Neonatal Nursery (Level II),31
Neonatal Critical Care (Level III),ONC Pediatric Hematopoietic Stem Cell Transplant Ward,1
Neonatal Critical Care (Level III),Exit,39
Neurologic Critical Care,Emergency Department,1
Neurologic Critical Care,Endoscopy Suite,1
Neurologic Critical Care,Medical Ward,10
Neurologic Critical Care,Neurology Ward,19
Neurologic Critical Care,Neurosurgical Ward,76
Neurologic Critical Care,Operating Room/Suite,24
Neurologic Critical Care,Pulmonary Ward,1
Neurologic Critical Care,Medical Critical Care,4
Neurologic Critical Care,Neurologic Critical Care,2
Neurologic Critical Care,Surgical Critical Care,1
Neurologic Critical Care,ONC General Hematology/Oncology Ward,3
Neurologic Critical Care,Exit,62
Pediatric Cardiothoracic Critical Care,Pediatric Medical Ward,10
Pediatric Cardiothoracic Critical Care,Medical Ward,1
Pediatric Cardiothoracic Critical Care,Operating Room/Suite,13
Pediatric Cardiothoracic Critical Care,Neonatal Critical Care (Level III),4
Pediatric Cardiothoracic Critical Care,Pediatric Cardiothoracic Critical Care,20
Pediatric Cardiothoracic Critical Care,Pediatric Medical/Surgical Critical Care,1
Pediatric Cardiothoracic Critical Care,Pediatric Step Down Unit (post-critical care),18
Pediatric Cardiothoracic Critical Care,Exit,5
Pediatric Medical/Surgical Critical Care,Pediatric Medical Ward,37
Pediatric Medical/Surgical Critical Care,Operating Room/Suite,7
Pediatric Medical/Surgical Critical Care,Neonatal Critical Care (Level III),2
Pediatric Medical/Surgical Critical Care,Pediatric Medical/Surgical Critical Care,22
Pediatric Medical/Surgical Critical Care,Pediatric Step Down Unit (post-critical care),14
Pediatric Medical/Surgical Critical Care,ONC Pediatric Hematopoietic Stem Cell Transplant Ward,1
Pediatric Medical/Surgical Critical Care,ONC Pediatric General Hematology/Oncology Ward,43
Pediatric Medical/Surgical Critical Care,Exit,15
Pediatric Step Down Unit (post-critical care),Pediatric Medical Ward,20
Pediatric Step Down Unit (post-critical care),Operating Room/Suite,10
Pediatric Step Down Unit (post-critical care),Pediatric Cardiothoracic Critical Care,3
Pediatric Step Down Unit (post-critical care),Pediatric Medical/Surgical Critical Care,4
Pediatric Step Down Unit (post-critical care),Pediatric Step Down Unit (post-critical care),6
Pediatric Step Down Unit (post-critical care),ONC Pediatric General Hematology/Oncology Ward,4
Pediatric Step Down Unit (post-critical care),Exit,20
Step down Neonatal Nursery (Level II),Operating Room/Suite,1
Step down Neonatal Nursery (Level II),Neonatal Critical Care (Level III),22
Step down Neonatal Nursery (Level II),Step down Neonatal Nursery (Level II),1
Step down Neonatal Nursery (Level II),Exit,9
Surgical Cardiothoracic Critical Care,Adult Step Down Unit (post-critical care),52
Surgical Cardiothoracic Critical Care,Emergency Department,1
Surgical Cardiothoracic Critical Care,Endoscopy Suite,1
Surgical Cardiothoracic Critical Care,Medical/Surgical Ward,132
Surgical Cardiothoracic Critical Care,Operating Room/Suite,51
Surgical Cardiothoracic Critical Care,Pulmonary Ward,2
Surgical Cardiothoracic Critical Care,Medical Cardiac Critical Care,7
Surgical Cardiothoracic Critical Care,Surgical Cardiothoracic Critical Care,7
Surgical Cardiothoracic Critical Care,Surgical Critical Care,2
Surgical Cardiothoracic Critical Care,Exit,13
Surgical Critical Care,Adult Step Down Unit (post-critical care),2
Surgical Critical Care,Endoscopy Suite,3
Surgical Critical Care,Medical Ward,17
Surgical Critical Care,Medical/Surgical Ward,12
Surgical Critical Care,Neurology Ward,12
Surgical Critical Care,Neurosurgical Ward,3
Surgical Critical Care,Operating Room/Suite,48
Surgical Critical Care,Pulmonary Ward,1
Surgical Critical Care,Surgical Ward,48
Surgical Critical Care,Medical Cardiac Critical Care,3
Surgical Critical Care,Medical Critical Care,1
Surgical Critical Care,Neurologic Critical Care,3
Surgical Critical Care,Surgical Cardiothoracic Critical Care,2
Surgical Critical Care,Surgical Critical Care,4
Surgical Critical Care,ONC General Hematology/Oncology Ward,18
Surgical Critical Care,Exit,33
ONC Hematopoietic Stem Cell Transplant Ward,Endoscopy Suite,6
ONC Hematopoietic Stem Cell Transplant Ward,Medical Ward,2
ONC Hematopoietic Stem Cell Transplant Ward,Neurology Ward,1
ONC Hematopoietic Stem Cell Transplant Ward,Operating Room/Suite,2
ONC Hematopoietic Stem Cell Transplant Ward,Medical Critical Care,1
ONC Hematopoietic Stem Cell Transplant Ward,ONC Hematopoietic Stem Cell Transplant Ward,9
ONC Hematopoietic Stem Cell Transplant Ward,ONC General Hematology/Oncology Ward,2
ONC Hematopoietic Stem Cell Transplant Ward,Exit,41
ONC General Hematology/Oncology Ward,Endoscopy Suite,27
ONC General Hematology/Oncology Ward,Medical Ward,10
ONC General Hematology/Oncology Ward,Operating Room/Suite,58
ONC General Hematology/Oncology Ward,Pulmonary Ward,1
ONC General Hematology/Oncology Ward,Medical Cardiac Critical Care,1
ONC General Hematology/Oncology Ward,Medical Critical Care,7
ONC General Hematology/Oncology Ward,Neurologic Critical Care,2
ONC General Hematology/Oncology Ward,Surgical Critical Care,6
ONC General Hematology/Oncology Ward,ONC Hematopoietic Stem Cell Transplant Ward,1
ONC General Hematology/Oncology Ward,ONC General Hematology/Oncology Ward,47
ONC General Hematology/Oncology Ward,Exit,516
ONC Pediatric Hematopoietic Stem Cell Transplant Ward,Operating Room/Suite,5
ONC Pediatric Hematopoietic Stem Cell Transplant Ward,Pediatric Medical/Surgical Critical Care,1
ONC Pediatric Hematopoietic Stem Cell Transplant Ward,ONC Pediatric General Hematology/Oncology Ward,1
ONC Pediatric Hematopoietic Stem Cell Transplant Ward,Exit,19
ONC Pediatric General Hematology/Oncology Ward,Emergency Department,1
ONC Pediatric General Hematology/Oncology Ward,Pediatric Medical Ward,1
ONC Pediatric General Hematology/Oncology Ward,Operating Room/Suite,15
ONC Pediatric General Hematology/Oncology Ward,Pediatric Cardiothoracic Critical Care,1
ONC Pediatric General Hematology/Oncology Ward,Pediatric Medical/Surgical Critical Care,11
ONC Pediatric General Hematology/Oncology Ward,ONC Pediatric General Hematology/Oncology Ward,24
ONC Pediatric General Hematology/Oncology Ward,Exit,217
