source,destination,count
Entry,24-Hour Observation Area,71
Entry,Adult Step Down Unit (post-critical care),36
Entry,Ambulatory Surgery Center,525
Entry,Emergency Department,6945
Entry,Endoscopy Suite,11
Entry,Behavioral Health/Psych Ward,43
Entry,Pediatric Medical Ward,43
Entry,Medical Ward,261
Entry,Medical/Surgical Ward,145
Entry,Neurology Ward,29
Entry,Neurosurgical Ward,43
Entry,Operating Room/Suite,1574
Entry,Postpartum Ward,116
Entry,Pulmonary Ward,31
Entry,Surgical Ward,68
Entry,"Labor, Delivery, Recovery, Postpartum Suite (LDRP)",488
Entry,Medical Cardiac Critical Care,43
Entry,Medical Critical Care,38
Entry,Neonatal Critical Care (Level III),38
Entry,Neurologic Critical Care,32
Entry,Pediatric Cardiothoracic Critical Care,8
Entry,Pediatric Medical/Surgical Critical Care,24
Entry,Pediatric Step Down Unit (post-critical care),10
Entry,Surgical Cardiothoracic Critical Care,19
Entry,Surgical Critical Care,5
Entry,ONC Hematopoietic Stem Cell Transplant Ward,44
Entry,ONC General Hematology/Oncology Ward,163
Entry,ONC Pediatric Hematopoietic Stem Cell Transplant Ward,9
Entry,ONC Pediatric General Hematology/Oncology Ward,84
24-Hour Observation Area,24-Hour Observation Area,4
24-Hour Observation Area,Medical Ward,5
24-Hour Observation Area,Medical/Surgical Ward,2
24-Hour Observation Area,Neurosurgical Ward,1
24-Hour Observation Area,Operating Room/Suite,6
24-Hour Observation Area,Surgical Ward,1
24-Hour Observation Area,Neurologic Critical Care,1
24-Hour Observation Area,ONC General Hematology/Oncology Ward,4
24-Hour Observation Area,Exit,181
Adult Step Down Unit (post-critical care),Adult Step Down Unit (post-critical care),3
Adult Step Down Unit (post-critical care),Endoscopy Suite,8
Adult Step Down Unit (post-critical care),Medical Ward,2
Adult Step Down Unit (post-critical care),Operating Room/Suite,37
Adult Step Down Unit (post-critical care),Medical Cardiac Critical Care,1
Adult Step Down Unit (post-critical care),Medical Critical Care,1
Adult Step Down Unit (post-critical care),Surgical Cardiothoracic Critical Care,10
Adult Step Down Unit (post-critical care),Surgical Critical Care,2
Adult Step Down Unit (post-critical care),ONC General Hematology/Oncology Ward,2
Adult Step Down Unit (post-critical care),Exit,93
Ambulatory Surgery Center,24-Hour Observation Area,4
Ambulatory Surgery Center,Pediatric Medical Ward,1
Ambulatory Surgery Center,Surgical Critical Care,1
Ambulatory Surgery Center,Exit,519
Emergency Department,Adult Step Down Unit (post-critical care),26
Emergency Department,Emergency Department,14659
Emergency Department,Endoscopy Suite,10
Emergency Department,Pediatric Medical Ward,70
Emergency Department,Medical Ward,499
Emergency Department,Medical/Surgical Ward,167
Emergency Department,Neurology Ward,76
Emergency Department,Neurosurgical Ward,102
Emergency Department,Operating Room/Suite,79
Emergency Department,Postpartum Ward,3
Emergency Department,Pulmonary Ward,49
Emergency Department,Surgical Ward,237
Emergency Department,"Labor, Delivery, Recovery, Postpartum Suite (LDRP)",2
Emergency Department,Medical Cardiac Critical Care,47
Emergency Department,Medical Critical Care,74
Emergency Department,Neonatal Critical Care (Level III),1
Emergency Department,Neurologic Critical Care,40
Emergency Department,Pediatric Cardiothoracic Critical Care,2
Emergency Department,Pediatric Medical/Surgical Critical Care,29
Emergency Department,Pediatric Step Down Unit (post-critical care),6
Emergency Department,Surgical Cardiothoracic Critical Care,4
Emergency Department,Surgical Critical Care,40
Emergency Department,ONC Hematopoietic Stem Cell Transplant Ward,15
Emergency Department,ONC General Hematology/Oncology Ward,190
Emergency Department,ONC Pediatric Hematopoietic Stem Cell Transplant Ward,1
Emergency Department,ONC Pediatric General Hematology/Oncology Ward,105
Emergency Department,Exit,5073
Endoscopy Suite,Adult Step Down Unit (post-critical care),8
Endoscopy Suite,Emergency Department,9
Endoscopy Suite,Medical Ward,46
Endoscopy Suite,Medical/Surgical Ward,20
Endoscopy Suite,Neurology Ward,8
Endoscopy Suite,Neurosurgical Ward,1
Endoscopy Suite,Operating Room/Suite,1
Endoscopy Suite,Pulmonary Ward,6
Endoscopy Suite,Surgical Ward,9
Endoscopy Suite,"Labor, Delivery, Recovery, Postpartum Suite (LDRP)",1
Endoscopy Suite,ONC Hematopoietic Stem Cell Transplant Ward,2
Endoscopy Suite,ONC General Hematology/Oncology Ward,29
Endoscopy Suite,Exit,10
Behavioral Health/Psych Ward,Behavioral Health/Psych Ward,12
Behavioral Health/Psych Ward,Exit,42
Pediatric Medical Ward,Pediatric Medical Ward,18
Pediatric Medical Ward,Operating Room/Suite,38
Pediatric Medical Ward,Pediatric Medical/Surgical Critical Care,5
Pediatric Medical Ward,Pediatric Step Down Unit (post-critical care),1
Pediatric Medical Ward,ONC Pediatric General Hematology/Oncology Ward,1
Pediatric Medical Ward,Exit,211
Medical Ward,Emergency Department,3
Medical Ward,Endoscopy Suite,44
Medical Ward,Medical Ward,57
Medical Ward,Medical/Surgical Ward,2
Medical Ward,Operating Room/Suite,82
Medical Ward,Pulmonary Ward,4
Medical Ward,Surgical Ward,4
Medical Ward,Medical Cardiac Critical Care,36
Medical Ward,Medical Critical Care,7
Medical Ward,Surgical Cardiothoracic Critical Care,1
Medical Ward,Surgical Critical Care,11
Medical Ward,ONC General Hematology/Oncology Ward,14
Medical Ward,ONC Pediatric General Hematology/Oncology Ward,1
Medical Ward,Exit,882
Medical/Surgical Ward,Endoscopy Suite,20
Medical/Surgical Ward,Medical Ward,14
Medical/Surgical Ward,Medical/Surgical Ward,38
Medical/Surgical Ward,Neurosurgical Ward,1
Medical/Surgical Ward,Operating Room/Suite,148
Medical/Surgical Ward,Pulmonary Ward,5
Medical/Surgical Ward,Surgical Ward,22
Medical/Surgical Ward,Medical Cardiac Critical Care,2
Medical/Surgical Ward,Medical Critical Care,2
Medical/Surgical Ward,Surgical Cardiothoracic Critical Care,14
Medical/Surgical Ward,Surgical Critical Care,5
Medical/Surgical Ward,ONC General Hematology/Oncology Ward,8
Medical/Surgical Ward,Exit,379
Neurology Ward,Emergency Department,1
Neurology Ward,Endoscopy Suite,8
Neurology Ward,Medical Ward,2
Neurology Ward,Neurology Ward,7
Neurology Ward,Operating Room/Suite,26
Neurology Ward,Medical Critical Care,1
Neurology Ward,Neurologic Critical Care,10
Neurology Ward,ONC General Hematology/Oncology Ward,1
Neurology Ward,Exit,167
Neurosurgical Ward,Emergency Department,1
Neurosurgical Ward,Endoscopy Suite,1
Neurosurgical Ward,Medical Ward,5
Neurosurgical Ward,Medical/Surgical Ward,1
Neurosurgical Ward,Neurosurgical Ward,8
Neurosurgical Ward,Operating Room/Suite,48
Neurosurgical Ward,Surgical Ward,1
Neurosurgical Ward,Neurologic Critical Care,13
Neurosurgical Ward,ONC General Hematology/Oncology Ward,3
Neurosurgical Ward,Exit,189
Operating Room/Suite,24-Hour Observation Area,129
Operating Room/Suite,Adult Step Down Unit (post-critical care),17
Operating Room/Suite,Endoscopy Suite,1
Operating Room/Suite,Pediatric Medical Ward,87
Operating Room/Suite,Medical Ward,58
Operating Room/Suite,Medical/Surgical Ward,158
Operating Room/Suite,Neurology Ward,74
Operating Room/Suite,Neurosurgical Ward,51
Operating Room/Suite,Operating Room/Suite,133
Operating Room/Suite,Postpartum Ward,4
Operating Room/Suite,Pulmonary Ward,4
Operating Room/Suite,Surgical Ward,403
Operating Room/Suite,"Labor, Delivery, Recovery, Postpartum Suite (LDRP)",3
Operating Room/Suite,Medical Cardiac Critical Care,5
Operating Room/Suite,Medical Critical Care,3
Operating Room/Suite,Neonatal Critical Care (Level III),15
Operating Room/Suite,Neurologic Critical Care,85
Operating Room/Suite,Pediatric Cardiothoracic Critical Care,24
Operating Room/Suite,Pediatric Medical/Surgical Critical Care,19
Operating Room/Suite,Pediatric Step Down Unit (post-critical care),11
Operating Room/Suite,Step down Neonatal Nursery (Level II),1
Operating Room/Suite,Surgical Cardiothoracic Critical Care,188
Operating Room/Suite,Surgical Critical Care,73
Operating Room/Suite,ONC Hematopoietic Stem Cell Transplant Ward,1
Operating Room/Suite,ONC General Hematology/Oncology Ward,153
Operating Room/Suite,ONC Pediatric Hematopoietic Stem Cell Transplant Ward,11
Operating Room/Suite,ONC Pediatric General Hematology/Oncology Ward,32
Operating Room/Suite,Exit,736
Postpartum Ward,Pediatric Medical Ward,1
Postpartum Ward,Operating Room/Suite,2
Postpartum Ward,Postpartum Ward,27
Postpartum Ward,"Labor, Delivery, Recovery, Postpartum Suite (LDRP)",22
Postpartum Ward,Neonatal Critical Care (Level III),9
Postpartum Ward,ONC Pediatric General Hematology/Oncology Ward,5
Postpartum Ward,Exit,519
Pulmonary Ward,Endoscopy Suite,6
Pulmonary Ward,Medical Ward,5
Pulmonary Ward,Operating Room/Suite,4
Pulmonary Ward,Pulmonary Ward,31
Pulmonary Ward,Medical Cardiac Critical Care,2
Pulmonary Ward,Medical Critical Care,5
Pulmonary Ward,Surgical Cardiothoracic Critical Care,1
Pulmonary Ward,Surgical Critical Care,2
Pulmonary Ward,Exit,92
Surgical Ward,Emergency Department,3
Surgical Ward,Endoscopy Suite,9
Surgical Ward,Medical Ward,6
Surgical Ward,Medical/Surgical Ward,1
Surgical Ward,Neurosurgical Ward,1
Surgical Ward,Operating Room/Suite,116
Surgical Ward,Pulmonary Ward,1
Surgical Ward,Surgical Ward,20
Surgical Ward,Medical Cardiac Critical Care,2
Surgical Ward,Medical Critical Care,1
Surgical Ward,Neurologic Critical Care,1
Surgical Ward,Surgical Critical Care,18
Surgical Ward,ONC General Hematology/Oncology Ward,10
Surgical Ward,ONC Pediatric General Hematology/Oncology Ward,1
Surgical Ward,Exit,622
"Labor, Delivery, Recovery, Postpartum Suite (LDRP)",Endoscopy Suite,1
"Labor, Delivery, Recovery, Postpartum Suite (LDRP)",Operating Room/Suite,4
"Labor, Delivery, Recovery, Postpartum Suite (LDRP)",Postpartum Ward,417
"Labor, Delivery, Recovery, Postpartum Suite (LDRP)","Labor, Delivery, Recovery, Postpartum Suite (LDRP)",78
"Labor, Delivery, Recovery, Postpartum Suite (LDRP)",Medical Cardiac Critical Care,2
"Labor, Delivery, Recovery, Postpartum Suite (LDRP)",Neonatal Critical Care (Level III),16
"Labor, Delivery, Recovery, Postpartum Suite (LDRP)",Exit,78
Medical Cardiac Critical Care,Adult Step Down Unit (post-critical care),2
Medical Cardiac Critical Care,Emergency Department,1
Medical Cardiac Critical Care,Medical Ward,89
Medical Cardiac Critical Care,Medical/Surgical Ward,3
Medical Cardiac Critical Care,Neurosurgical Ward,1
Medical Cardiac Critical Care,Operating Room/Suite,13
Medical Cardiac Critical Care,Postpartum Ward,1
Medical Cardiac Critical Care,Pulmonary Ward,2
Medical Cardiac Critical Care,"Labor, Delivery, Recovery, Postpartum Suite (LDRP)",1
Medical Cardiac Critical Care,Medical Cardiac Critical Care,2
Medical Cardiac Critical Care,Medical Critical Care,1
Medical Cardiac Critical Care,Neurologic Critical Care,1
Medical Cardiac Critical Care,Surgical Cardiothoracic Critical Care,6
Medical Cardiac Critical Care,ONC General Hematology/Oncology Ward,6
Medical Cardiac Critical Care,Exit,21
Medical Critical Care,Adult Step Down Unit (post-critical care),2
Medical Critical Care,Emergency Department,2
Medical Critical Care,Medical Ward,74
Medical Critical Care,Medical/Surgical Ward,3
Medical Critical Care,Neurology Ward,2
Medical Critical Care,Operating Room/Suite,2
Medical Critical Care,Pulmonary Ward,11
Medical Critical Care,Surgical Ward,4
Medical Critical Care,Medical Critical Care,2
Medical Critical Care,ONC General Hematology/Oncology Ward,10
Medical Critical Care,Exit,35
Neonatal Critical Care (Level III),Operating Room/Suite,15
Neonatal Critical Care (Level III),Postpartum Ward,8
Neonatal Critical Care (Level III),"Labor, Delivery, Recovery, Postpartum Suite (LDRP)",2
Neonatal Critical Care (Level III),Neonatal Critical Care (Level III),170
Neonatal Critical Care (Level III),Pediatric Cardiothoracic Critical Care,4
Neonatal Critical Care (Level III),Step down Neonatal Nursery (Level II),30
Neonatal Critical Care (Level III),ONC Pediatric General Hematology/Oncology Ward,1
Neonatal Critical Care (Level III),Exit,43
Neurologic Critical Care,Medical Ward,5
Neurologic Critical Care,Medical/Surgical Ward,1
Neurologic Critical Care,Neurology Ward,26
Neurologic Critical Care,Neurosurgical Ward,67
Neurologic Critical Care,Operating Room/Suite,15
Neurologic Critical Care,Surgical Ward,2
Neurologic Critical Care,Neurologic Critical Care,2
Neurologic Critical Care,Surgical Critical Care,1
Neurologic Critical Care,ONC Hematopoietic Stem Cell Transplant Ward,1
Neurologic Critical Care,ONC General Hematology/Oncology Ward,1
Neurologic Critical Care,Exit,61
Pediatric Cardiothoracic Critical Care,Pediatric Medical Ward,15
Pediatric Cardiothoracic Critical Care,Operating Room/Suite,10
Pediatric Cardiothoracic Critical Care,Neonatal Critical Care (Level III),1
Pediatric Cardiothoracic Critical Care,Pediatric Cardiothoracic Critical Care,23
Pediatric Cardiothoracic Critical Care,Pediatric Medical/Surgical Critical Care,1
Pediatric Cardiothoracic Critical Care,Pediatric Step Down Unit (post-critical care),15
Pediatric Cardiothoracic Critical Care,ONC Pediatric General Hematology/Oncology Ward,1
Pediatric Cardiothoracic Critical Care,Exit,9
Pediatric Medical/Surgical Critical Care,Pediatric Medical Ward,30
Pediatric Medical/Surgical Critical Care,Medical Ward,1
Pediatric Medical/Surgical Critical Care,Operating Room/Suite,5
Pediatric Medical/Surgical Critical Care,Pediatric Cardiothoracic Critical Care,4
Pediatric Medical/Surgical Critical Care,Pediatric Medical/Surgical Critical Care,5
Pediatric Medical/Surgical Critical Care,Pediatric Step Down Unit (post-critical care),16
Pediatric Medical/Surgical Critical Care,ONC Pediatric Hematopoietic Stem Cell Transplant Ward,1
Pediatric Medical/Surgical Critical Care,ONC Pediatric General Hematology/Oncology Ward,27
Pediatric Medical/Surgical Critical Care,Exit,10
Pediatric Step Down Unit (post-critical care),Pediatric Medical Ward,11
Pediatric Step Down Unit (post-critical care),Operating Room/Suite,8
Pediatric Step Down Unit (post-critical care),Pediatric Cardiothoracic Critical Care,7
Pediatric Step Down Unit (post-critical care),Pediatric Medical/Surgical Critical Care,6
Pediatric Step Down Unit (post-critical care),Pediatric Step Down Unit (post-critical care),15
Pediatric Step Down Unit (post-critical care),ONC Pediatric General Hematology/Oncology Ward,7
Pediatric Step Down Unit (post-critical care),Exit,19
Step down Neonatal Nursery (Level II),Operating Room/Suite,2
Step down Neonatal Nursery (Level II),Neonatal Critical Care (Level III),16
Step down Neonatal Nursery (Level II),Exit,16
Surgical Cardiothoracic Critical Care,Adult Step Down Unit (post-critical care),65
Surgical Cardiothoracic Critical Care,Medical Ward,2
Surgical Cardiothoracic Critical Care,Medical/Surgical Ward,140
Surgical Cardiothoracic Critical Care,Operating Room/Suite,12
Surgical Cardiothoracic Critical Care,Medical Cardiac Critical Care,4
Surgical Cardiothoracic Critical Care,Surgical Cardiothoracic Critical Care,6
Surgical Cardiothoracic Critical Care,Surgical Critical Care,2
Surgical Cardiothoracic Critical Care,Exit,14
Surgical Critical Care,Adult Step Down Unit (post-critical care),1
Surgical Critical Care,Medical Ward,14
Surgical Critical Care,Medical/Surgical Ward,13
Surgical Critical Care,Neurology Ward,5
Surgical Critical Care,Neurosurgical Ward,1
Surgical Critical Care,Operating Room/Suite,22
Surgical Critical Care,Surgical Ward,47
Surgical Critical Care,Medical Cardiac Critical Care,1
Surgical Critical Care,Medical Critical Care,5
Surgical Critical Care,Neurologic Critical Care,2
Surgical Critical Care,Surgical Critical Care,1
Surgical Critical Care,ONC Hematopoietic Stem Cell Transplant Ward,1
Surgical Critical Care,ONC General Hematology/Oncology Ward,17
Surgical Critical Care,Exit,32
ONC Hematopoietic Stem Cell Transplant Ward,Endoscopy Suite,2
ONC Hematopoietic Stem Cell Transplant Ward,Medical Ward,4
ONC Hematopoietic Stem Cell Transplant Ward,Operating Room/Suite,2
ONC Hematopoietic Stem Cell Transplant Ward,Surgical Critical Care,1
ONC Hematopoietic Stem Cell Transplant Ward,ONC Hematopoietic Stem Cell Transplant Ward,4
ONC Hematopoietic Stem Cell Transplant Ward,ONC General Hematology/Oncology Ward,7
ONC Hematopoietic Stem Cell Transplant Ward,Exit,45
ONC General Hematology/Oncology Ward,Adult Step Down Unit (post-critical care),1
ONC General Hematology/Oncology Ward,Endoscopy Suite,29
ONC General Hematology/Oncology Ward,Medical Ward,1
ONC General Hematology/Oncology Ward,Operating Room/Suite,49
ONC General Hematology/Oncology Ward,Surgical Ward,2
ONC General Hematology/Oncology Ward,Medical Cardiac Critical Care,5
ONC General Hematology/Oncology Ward,Medical Critical Care,10
ONC General Hematology/Oncology Ward,Neurologic Critical Care,2
ONC General Hematology/Oncology Ward,Surgical Critical Care,8
ONC General Hematology/Oncology Ward,ONC Hematopoietic Stem Cell Transplant Ward,2
ONC General Hematology/Oncology Ward,ONC General Hematology/Oncology Ward,31
ONC General Hematology/Oncology Ward,ONC Pediatric General Hematology/Oncology Ward,1
ONC General Hematology/Oncology Ward,Exit,504
ONC Pediatric Hematopoietic Stem Cell Transplant Ward,Operating Room/Suite,5
ONC Pediatric Hematopoietic Stem Cell Transplant Ward,ONC Pediatric Hematopoietic Stem Cell Transplant Ward,3
ONC Pediatric Hematopoietic Stem Cell Transplant Ward,Exit,14
ONC Pediatric General Hematology/Oncology Ward,Pediatric Medical Ward,1
ONC Pediatric General Hematology/Oncology Ward,Operating Room/Suite,25
ONC Pediatric General Hematology/Oncology Ward,Postpartum Ward,1
ONC Pediatric General Hematology/Oncology Ward,Pediatric Cardiothoracic Critical Care,1
ONC Pediatric General Hematology/Oncology Ward,Pediatric Medical/Surgical Critical Care,7
ONC Pediatric General Hematology/Oncology Ward,ONC General Hematology/Oncology Ward,1
ONC Pediatric General Hematology/Oncology Ward,ONC Pediatric Hematopoietic Stem Cell Transplant Ward,1
ONC Pediatric General Hematology/Oncology Ward,ONC Pediatric General Hematology/Oncology Ward,17
ONC Pediatric General Hematology/Oncology Ward,Exit,228
