source,destination,count
Entry,24-Hour Observation Area,109
Entry,Adult Step Down Unit (post-critical care),36
Entry,Ambulatory Surgery Center,573
Entry,Emergency Department,6487
Entry,Endoscopy Suite,11
Entry,Behavioral Health/Psych Ward,36
Entry,Pediatric Medical Ward,59
Entry,Medical Ward,278
Entry,Medical/Surgical Ward,124
Entry,Neurology Ward,46
Entry,Neurosurgical Ward,44
Entry,Operating Room/Suite,1747
Entry,Postpartum Ward,148
Entry,Pulmonary Ward,32
Entry,Surgical Ward,60
Entry,"Labor, Delivery, Recovery, Postpartum Suite (LDRP)",474
Entry,Medical Cardiac Critical Care,33
Entry,Medical Critical Care,25
Entry,Neonatal Critical Care (Level III),33
Entry,Neurologic Critical Care,27
Entry,Pediatric Cardiothoracic Critical Care,11
Entry,Pediatric Medical/Surgical Critical Care,24
Entry,Pediatric Step Down Unit (post-critical care),8
Entry,Surgical Cardiothoracic Critical Care,15
Entry,Surgical Critical Care,4
Entry,ONC Hematopoietic Stem Cell Transplant Ward,36
Entry,ONC General Hematology/Oncology Ward,168
Entry,ONC Pediatric Hematopoietic Stem Cell Transplant Ward,16
Entry,ONC Pediatric General Hematology/Oncology Ward,77
24-Hour Observation Area,24-Hour Observation Area,4
24-Hour Observation Area,Medical Ward,6
24-Hour Observation Area,Medical/Surgical Ward,1
24-Hour Observation Area,Neurology Ward,2
24-Hour Observation Area,Operating Room/Suite,6
24-Hour Observation Area,Surgical Ward,4
24-Hour Observation Area,ONC General Hematology/Oncology Ward,2
24-Hour Observation Area,Exit,219
Adult Step Down Unit (post-critical care),Adult Step Down Unit (post-critical care),4
Adult Step Down Unit (post-critical care),Endoscopy Suite,8
Adult Step Down Unit (post-critical care),Medical Ward,6
Adult Step Down Unit (post-critical care),Operating Room/Suite,33
Adult Step Down Unit (post-critical care),Surgical Ward,1
Adult Step Down Unit (post-critical care),Surgical Cardiothoracic Critical Care,12
Adult Step Down Unit (post-critical care),Exit,85
Ambulatory Surgery Center,24-Hour Observation Area,3
Ambulatory Surgery Center,Surgical Ward,1
Ambulatory Surgery Center,ONC General Hematology/Oncology Ward,1
Ambulatory Surgery Center,Exit,569
Emergency Department,Adult Step Down Unit (post-critical care),9
Emergency Department,Emergency Department,13998
Emergency Department,Endoscopy Suite,1
Emergency Department,Pediatric Medical Ward,101
Emergency Department,Medical Ward,498
Emergency Department,Medical/Surgical Ward,128
Emergency Department,Neurology Ward,74
Emergency Department,Neurosurgical Ward,104
Emergency Department,Operating Room/Suite,111
Emergency Department,Pulmonary Ward,42
Emergency Department,Surgical Ward,176
Emergency Department,"Labor, Delivery, Recovery, Postpartum Suite (LDRP)",10
Emergency Department,Medical Cardiac Critical Care,48
Emergency Department,Medical Critical Care,55
Emergency Department,Neonatal Critical Care (Level III),1
Emergency Department,Neurologic Critical Care,53
Emergency Department,Pediatric Cardiothoracic Critical Care,4
Emergency Department,Pediatric Medical/Surgical Critical Care,38
Emergency Department,Pediatric Step Down Unit (post-critical care),15
Emergency Department,Surgical Cardiothoracic Critical Care,5
Emergency Department,Surgical Critical Care,28
Emergency Department,ONC Hematopoietic Stem Cell Transplant Ward,4
Emergency Department,ONC General Hematology/Oncology Ward,188
Emergency Department,ONC Pediatric Hematopoietic Stem Cell Transplant Ward,1
Emergency Department,ONC Pediatric General Hematology/Oncology Ward,69
Emergency Department,Exit,4716
Endoscopy Suite,Adult Step Down Unit (post-critical care),8
Endoscopy Suite,Emergency Department,1
Endoscopy Suite,Medical Ward,49
Endoscopy Suite,Medical/Surgical Ward,19
Endoscopy Suite,Neurology Ward,2
Endoscopy Suite,Pulmonary Ward,14
Endoscopy Suite,Surgical Ward,28
Endoscopy Suite,Medical Critical Care,1
Endoscopy Suite,ONC Hematopoietic Stem Cell Transplant Ward,1
Endoscopy Suite,ONC General Hematology/Oncology Ward,24
Endoscopy Suite,Exit,10
Behavioral Health/Psych Ward,Behavioral Health/Psych Ward,8
Behavioral Health/Psych Ward,Exit,41
Pediatric Medical Ward,Emergency Department,1
Pediatric Medical Ward,Pediatric Medical Ward,16
Pediatric Medical Ward,Medical Ward,1
Pediatric Medical Ward,Operating Room/Suite,29
Pediatric Medical Ward,Pediatric Cardiothoracic Critical Care,4
Pediatric Medical Ward,Pediatric Medical/Surgical Critical Care,12
Pediatric Medical Ward,Pediatric Step Down Unit (post-critical care),1
Pediatric Medical Ward,Exit,264
Medical Ward,Emergency Department,3
Medical Ward,Endoscopy Suite,49
Medical Ward,Medical Ward,69
Medical Ward,Medical/Surgical Ward,1
Medical Ward,Operating Room/Suite,134
Medical Ward,Pulmonary Ward,7
Medical Ward,Surgical Ward,2
Medical Ward,Medical Cardiac Critical Care,23
Medical Ward,Medical Critical Care,12
Medical Ward,Neurologic Critical Care,5
Medical Ward,Surgical Cardiothoracic Critical Care,1
Medical Ward,Surgical Critical Care,6
Medical Ward,ONC Hematopoietic Stem Cell Transplant Ward,1
Medical Ward,ONC General Hematology/Oncology Ward,10
Medical Ward,Exit,879
Medical/Surgical Ward,Endoscopy Suite,19
Medical/Surgical Ward,Medical Ward,13
Medical/Surgical Ward,Medical/Surgical Ward,27
Medical/Surgical Ward,Neurosurgical Ward,1
Medical/Surgical Ward,Operating Room/Suite,155
Medical/Surgical Ward,Postpartum Ward,3
Medical/Surgical Ward,Pulmonary Ward,1
Medical/Surgical Ward,Surgical Ward,17
Medical/Surgical Ward,Medical Cardiac Critical Care,4
Medical/Surgical Ward,Neurologic Critical Care,1
Medical/Surgical Ward,Surgical Cardiothoracic Critical Care,14
Medical/Surgical Ward,Surgical Critical Care,2
Medical/Surgical Ward,ONC General Hematology/Oncology Ward,14
Medical/Surgical Ward,Exit,416
Neurology Ward,Emergency Department,2
Neurology Ward,Endoscopy Suite,2
Neurology Ward,Medical Ward,5
Neurology Ward,Neurology Ward,14
Neurology Ward,Operating Room/Suite,33
Neurology Ward,Medical Critical Care,1
Neurology Ward,Neurologic Critical Care,3
Neurology Ward,Surgical Critical Care,1
Neurology Ward,Exit,198
Neurosurgical Ward,Neurosurgical Ward,4
Neurosurgical Ward,Operating Room/Suite,55
Neurosurgical Ward,Neurologic Critical Care,9
Neurosurgical Ward,ONC General Hematology/Oncology Ward,2
Neurosurgical Ward,Exit,210
Operating Room/Suite,24-Hour Observation Area,126
Operating Room/Suite,Adult Step Down Unit (post-critical care),33
Operating Room/Suite,Ambulatory Surgery Center,1
Operating Room/Suite,Pediatric Medical Ward,92
Operating Room/Suite,Medical Ward,96
Operating Room/Suite,Medical/Surgical Ward,193
Operating Room/Suite,Neurology Ward,94
Operating Room/Suite,Neurosurgical Ward,59
Operating Room/Suite,Operating Room/Suite,152
Operating Room/Suite,Postpartum Ward,4
Operating Room/Suite,Pulmonary Ward,10
Operating Room/Suite,Surgical Ward,371
Operating Room/Suite,"Labor, Delivery, Recovery, Postpartum Suite (LDRP)",2
Operating Room/Suite,Medical Cardiac Critical Care,13
Operating Room/Suite,Medical Critical Care,12
Operating Room/Suite,Neonatal Critical Care (Level III),12
Operating Room/Suite,Neurologic Critical Care,84
Operating Room/Suite,Pediatric Cardiothoracic Critical Care,30
Operating Room/Suite,Pediatric Medical/Surgical Critical Care,29
Operating Room/Suite,Pediatric Step Down Unit (post-critical care),15
Operating Room/Suite,Surgical Cardiothoracic Critical Care,236
Operating Room/Suite,Surgical Critical Care,106
Operating Room/Suite,ONC Hematopoietic Stem Cell Transplant Ward,1
Operating Room/Suite,ONC General Hematology/Oncology Ward,174
Operating Room/Suite,ONC Pediatric Hematopoietic Stem Cell Transplant Ward,14
Operating Room/Suite,ONC Pediatric General Hematology/Oncology Ward,18
Operating Room/Suite,Exit,860
Postpartum Ward,Medical/Surgical Ward,6
Postpartum Ward,Operating Room/Suite,1
Postpartum Ward,Postpartum Ward,47
Postpartum Ward,"Labor, Delivery, Recovery, Postpartum Suite (LDRP)",25
Postpartum Ward,Neonatal Critical Care (Level III),7
Postpartum Ward,Pediatric Medical/Surgical Critical Care,1
Postpartum Ward,Exit,503
Pulmonary Ward,Endoscopy Suite,13
Pulmonary Ward,Medical Ward,8
Pulmonary Ward,Medical/Surgical Ward,1
Pulmonary Ward,Operating Room/Suite,13
Pulmonary Ward,Pulmonary Ward,9
Pulmonary Ward,Medical Critical Care,6
Pulmonary Ward,Neurologic Critical Care,1
Pulmonary Ward,ONC General Hematology/Oncology Ward,1
Pulmonary Ward,Exit,87
Surgical Ward,Emergency Department,3
Surgical Ward,Endoscopy Suite,28
Surgical Ward,Medical Ward,7
Surgical Ward,Medical/Surgical Ward,1
Surgical Ward,Operating Room/Suite,126
Surgical Ward,Pulmonary Ward,1
Surgical Ward,Surgical Ward,31
Surgical Ward,Medical Cardiac Critical Care,3
Surgical Ward,Medical Critical Care,5
Surgical Ward,Neurologic Critical Care,3
Surgical Ward,Surgical Critical Care,7
Surgical Ward,ONC General Hematology/Oncology Ward,7
Surgical Ward,Exit,534
"Labor, Delivery, Recovery, Postpartum Suite (LDRP)",Medical/Surgical Ward,14
"Labor, Delivery, Recovery, Postpartum Suite (LDRP)",Operating Room/Suite,2
"Labor, Delivery, Recovery, Postpartum Suite (LDRP)",Postpartum Ward,389
"Labor, Delivery, Recovery, Postpartum Suite (LDRP)",Surgical Ward,1
"Labor, Delivery, Recovery, Postpartum Suite (LDRP)","Labor, Delivery, Recovery, Postpartum Suite (LDRP)",97
"Labor, Delivery, Recovery, Postpartum Suite (LDRP)",Neonatal Critical Care (Level III),21
"Labor, Delivery, Recovery, Postpartum Suite (LDRP)",Pediatric Cardiothoracic Critical Care,2
"Labor, Delivery, Recovery, Postpartum Suite (LDRP)",Pediatric Medical/Surgical Critical Care,1
"Labor, Delivery, Recovery, Postpartum Suite (LDRP)",ONC Pediatric General Hematology/Oncology Ward,1
"Labor, Delivery, Recovery, Postpartum Suite (LDRP)",Exit,79
Medical Cardiac Critical Care,Adult Step Down Unit (post-critical care),1
Medical Cardiac Critical Care,Medical Ward,88
Medical Cardiac Critical Care,Medical/Surgical Ward,5
Medical Cardiac Critical Care,Operating Room/Suite,15
Medical Cardiac Critical Care,Surgical Cardiothoracic Critical Care,1
Medical Cardiac Critical Care,ONC General Hematology/Oncology Ward,1
Medical Cardiac Critical Care,Exit,21
Medical Critical Care,Endoscopy Suite,1
Medical Critical Care,Medical Ward,45
Medical Critical Care,Medical/Surgical Ward,1
Medical Critical Care,Neurology Ward,3
Medical Critical Care,Neurosurgical Ward,2
Medical Critical Care,Operating Room/Suite,6
Medical Critical Care,Postpartum Ward,1
Medical Critical Care,Pulmonary Ward,13
Medical Critical Care,Surgical Ward,6
Medical Critical Care,"Labor, Delivery, Recovery, Postpartum Suite (LDRP)",1
Medical Critical Care,Medical Critical Care,13
Medical Critical Care,ONC Hematopoietic Stem Cell Transplant Ward,1
Medical Critical Care,ONC General Hematology/Oncology Ward,16
Medical Critical Care,Exit,31
Neonatal Critical Care (Level III),Pediatric Medical Ward,1
Neonatal Critical Care (Level III),Operating Room/Suite,8
Neonatal Critical Care (Level III),Postpartum Ward,7
Neonatal Critical Care (Level III),Neonatal Critical Care (Level III),176
Neonatal Critical Care (Level III),Pediatric Medical/Surgical Critical Care,1
Neonatal Critical Care (Level III),Pediatric Step Down Unit (post-critical care),1
Neonatal Critical Care (Level III),Step down Neonatal Nursery (Level II),29
Neonatal Critical Care (Level III),ONC Pediatric Hematopoietic Stem Cell Transplant Ward,2
Neonatal Critical Care (Level III),Exit,45
Neurologic Critical Care,Adult Step Down Unit (post-critical care),1
Neurologic Critical Care,Medical Ward,19
Neurologic Critical Care,Neurology Ward,17
Neurologic Critical Care,Neurosurgical Ward,63
Neurologic Critical Care,Operating Room/Suite,14
Neurologic Critical Care,Pulmonary Ward,1
Neurologic Critical Care,Surgical Ward,2
Neurologic Critical Care,Medical Cardiac Critical Care,1
Neurologic Critical Care,Neurologic Critical Care,2
Neurologic Critical Care,Surgical Cardiothoracic Critical Care,1
Neurologic Critical Care,ONC Hematopoietic Stem Cell Transplant Ward,2
Neurologic Critical Care,ONC General Hematology/Oncology Ward,1
Neurologic Critical Care,Exit,65
Pediatric Cardiothoracic Critical Care,Pediatric Medical Ward,18
Pediatric Cardiothoracic Critical Care,Operating Room/Suite,10
Pediatric Cardiothoracic Critical Care,Postpartum Ward,1
Pediatric Cardiothoracic Critical Care,Pediatric Cardiothoracic Critical Care,18
Pediatric Cardiothoracic Critical Care,Pediatric Medical/Surgical Critical Care,1
Pediatric Cardiothoracic Critical Care,Pediatric Step Down Unit (post-critical care),22
Pediatric Cardiothoracic Critical Care,ONC Pediatric General Hematology/Oncology Ward,1
Pediatric Cardiothoracic Critical Care,Exit,9
Pediatric Medical/Surgical Critical Care,Pediatric Medical Ward,32
Pediatric Medical/Surgical Critical Care,Medical Ward,1
Pediatric Medical/Surgical Critical Care,Operating Room/Suite,12
Pediatric Medical/Surgical Critical Care,Neonatal Critical Care (Level III),2
Pediatric Medical/Surgical Critical Care,Pediatric Cardiothoracic Critical Care,1
Pediatric Medical/Surgical Critical Care,Pediatric Medical/Surgical Critical Care,14
Pediatric Medical/Surgical Critical Care,Pediatric Step Down Unit (post-critical care),11
Pediatric Medical/Surgical Critical Care,ONC Pediatric Hematopoietic Stem Cell Transplant Ward,4
Pediatric Medical/Surgical Critical Care,ONC Pediatric General Hematology/Oncology Ward,38
Pediatric Medical/Surgical Critical Care,Exit,22
Pediatric Step Down Unit (post-critical care),Pediatric Medical Ward,16
Pediatric Step Down Unit (post-critical care),Operating Room/Suite,8
Pediatric Step Down Unit (post-critical care),Pediatric Cardiothoracic Critical Care,8
Pediatric Step Down Unit (post-critical care),Pediatric Medical/Surgical Critical Care,2
Pediatric Step Down Unit (post-critical care),Pediatric Step Down Unit (post-critical care),18
Pediatric Step Down Unit (post-critical care),ONC Pediatric General Hematology/Oncology Ward,5
Pediatric Step Down Unit (post-critical care),Exit,35
Step down Neonatal Nursery (Level II),Operating Room/Suite,3
Step down Neonatal Nursery (Level II),Neonatal Critical Care (Level III),14
Step down Neonatal Nursery (Level II),Step down Neonatal Nursery (Level II),5
Step down Neonatal Nursery (Level II),Exit,12
Surgical Cardiothoracic Critical Care,Adult Step Down Unit (post-critical care),58
Surgical Cardiothoracic Critical Care,Medical Ward,2
Surgical Cardiothoracic Critical Care,Medical/Surgical Ward,151
Surgical Cardiothoracic Critical Care,Operating Room/Suite,54
Surgical Cardiothoracic Critical Care,Pulmonary Ward,1
Surgical Cardiothoracic Critical Care,Medical Cardiac Critical Care,3
Surgical Cardiothoracic Critical Care,Medical Critical Care,1
Surgical Cardiothoracic Critical Care,Neurologic Critical Care,2
Surgical Cardiothoracic Critical Care,Surgical Cardiothoracic Critical Care,14
Surgical Cardiothoracic Critical Care,Surgical Critical Care,1
Surgical Cardiothoracic Critical Care,Exit,14
Surgical Critical Care,Adult Step Down Unit (post-critical care),2
Surgical Critical Care,Emergency Department,1
Surgical Critical Care,Medical Ward,15
Surgical Critical Care,Medical/Surgical Ward,17
Surgical Critical Care,Neurology Ward,2
Surgical Critical Care,Operating Room/Suite,39
Surgical Critical Care,Postpartum Ward,1
Surgical Critical Care,Pulmonary Ward,1
Surgical Critical Care,Surgical Ward,44
Surgical Critical Care,Medical Critical Care,2
Surgical Critical Care,Surgical Cardiothoracic Critical Care,1
Surgical Critical Care,Surgical Critical Care,5
Surgical Critical Care,ONC Hematopoietic Stem Cell Transplant Ward,1
Surgical Critical Care,ONC General Hematology/Oncology Ward,14
Surgical Critical Care,Exit,19
ONC Hematopoietic Stem Cell Transplant Ward,Endoscopy Suite,1
ONC Hematopoietic Stem Cell Transplant Ward,Operating Room/Suite,1
ONC Hematopoietic Stem Cell Transplant Ward,Medical Critical Care,1
ONC Hematopoietic Stem Cell Transplant Ward,Neurologic Critical Care,2
ONC Hematopoietic Stem Cell Transplant Ward,ONC Hematopoietic Stem Cell Transplant Ward,2
ONC Hematopoietic Stem Cell Transplant Ward,ONC General Hematology/Oncology Ward,2
ONC Hematopoietic Stem Cell Transplant Ward,Exit,42
ONC General Hematology/Oncology Ward,Endoscopy Suite,23
ONC General Hematology/Oncology Ward,Medical Ward,6
ONC General Hematology/Oncology Ward,Medical/Surgical Ward,1
ONC General Hematology/Oncology Ward,Operating Room/Suite,54
ONC General Hematology/Oncology Ward,Surgical Ward,4
ONC General Hematology/Oncology Ward,Medical Cardiac Critical Care,4
ONC General Hematology/Oncology Ward,Medical Critical Care,8
ONC General Hematology/Oncology Ward,Neurologic Critical Care,2
ONC General Hematology/Oncology Ward,Surgical Critical Care,4
ONC General Hematology/Oncology Ward,ONC General Hematology/Oncology Ward,37
ONC General Hematology/Oncology Ward,Exit,528
ONC Pediatric Hematopoietic Stem Cell Transplant Ward,Operating Room/Suite,1
ONC Pediatric Hematopoietic Stem Cell Transplant Ward,Pediatric Medical/Surgical Critical Care,4
ONC Pediatric Hematopoietic Stem Cell Transplant Ward,ONC Pediatric Hematopoietic Stem Cell Transplant Ward,6
ONC Pediatric Hematopoietic Stem Cell Transplant Ward,ONC Pediatric General Hematology/Oncology Ward,1
ONC Pediatric Hematopoietic Stem Cell Transplant Ward,Exit,31
ONC Pediatric General Hematology/Oncology Ward,Emergency Department,1
ONC Pediatric General Hematology/Oncology Ward,Operating Room/Suite,14
ONC Pediatric General Hematology/Oncology Ward,Pediatric Cardiothoracic Critical Care,1
ONC Pediatric General Hematology/Oncology Ward,Pediatric Medical/Surgical Critical Care,10
ONC Pediatric General Hematology/Oncology Ward,ONC Pediatric Hematopoietic Stem Cell Transplant Ward,1
ONC Pediatric General Hematology/Oncology Ward,ONC Pediatric General Hematology/Oncology Ward,19
ONC Pediatric General Hematology/Oncology Ward,Exit,184
