source,destination,count
Entry,24-Hour Observation Area,98
Entry,Adult Step Down Unit (post-critical care),27
Entry,Ambulatory Surgery Center,445
Entry,Emergency Department,6421
Entry,Endoscopy Suite,10
Entry,Behavioral Health/Psych Ward,23
Entry,Pediatric Medical Ward,45
Entry,Medical Ward,282
Entry,Medical/Surgical Ward,127
Entry,Neurology Ward,33
Entry,Neurosurgical Ward,64
Entry,Operating Room/Suite,1391
Entry,Postpartum Ward,146
Entry,Pulmonary Ward,30
Entry,Surgical Ward,83
Entry,"Labor, Delivery, Recovery, Postpartum Suite (LDRP)",438
Entry,Medical Cardiac Critical Care,34
Entry,Medical Critical Care,26
Entry,Neonatal Critical Care (Level III),52
Entry,Neurologic Critical Care,31
Entry,Pediatric Cardiothoracic Critical Care,14
Entry,Pediatric Medical/Surgical Critical Care,21
Entry,Pediatric Step Down Unit (post-critical care),4
Entry,Step down Neonatal Nursery (Level II),1
Entry,Surgical Cardiothoracic Critical Care,13
Entry,Surgical Critical Care,13
Entry,ONC Hematopoietic Stem Cell Transplant Ward,25
Entry,ONC General Hematology/Oncology Ward,151
Entry,ONC Pediatric Hematopoietic Stem Cell Transplant Ward,13
Entry,ONC Pediatric General Hematology/Oncology Ward,90
24-Hour Observation Area,24-Hour Observation Area,11
24-Hour Observation Area,Endoscopy Suite,1
24-Hour Observation Area,Medical Ward,6
24-Hour Observation Area,Medical/Surgical Ward,3
24-Hour Observation Area,Neurology Ward,1
24-Hour Observation Area,Operating Room/Suite,8
24-Hour Observation Area,Pulmonary Ward,1
24-Hour Observation Area,Surgical Ward,2
24-Hour Observation Area,ONC General Hematology/Oncology Ward,2
24-Hour Observation Area,Exit,199
Adult Step Down Unit (post-critical care),Adult Step Down Unit (post-critical care),1
Adult Step Down Unit (post-critical care),Endoscopy Suite,11
Adult Step Down Unit (post-critical care),Medical Ward,2
Adult Step Down Unit (post-critical care),Operating Room/Suite,24
Adult Step Down Unit (post-critical care),Pulmonary Ward,1
Adult Step Down Unit (post-critical care),Surgical Ward,1
Adult Step Down Unit (post-critical care),Surgical Cardiothoracic Critical Care,1
Adult Step Down Unit (post-critical care),Exit,84
Ambulatory Surgery Center,Operating Room/Suite,1
Ambulatory Surgery Center,Surgical Ward,1
Ambulatory Surgery Center,Exit,443
Emergency Department,Adult Step Down Unit (post-critical care),18
Emergency Department,Emergency Department,13271
Emergency Department,Endoscopy Suite,3
Emergency Department,Pediatric Medical Ward,62
Emergency Department,Medical Ward,523
Emergency Department,Medical/Surgical Ward,127
Emergency Department,Neurology Ward,98
Emergency Department,Neurosurgical Ward,97
Emergency Department,Operating Room/Suite,102
Emergency Department,Postpartum Ward,1
Emergency Department,Pulmonary Ward,42
Emergency Department,Surgical Ward,213
Emergency Department,"Labor, Delivery, Recovery, Postpartum Suite (LDRP)",1
Emergency Department,Medical Cardiac Critical Care,42
Emergency Department,Medical Critical Care,50
Emergency Department,Neurologic Critical Care,41
Emergency Department,Pediatric Medical/Surgical Critical Care,26
Emergency Department,Pediatric Step Down Unit (post-critical care),6
Emergency Department,Surgical Cardiothoracic Critical Care,5
Emergency Department,Surgical Critical Care,31
Emergency Department,ONC Hematopoietic Stem Cell Transplant Ward,3
Emergency Department,ONC General Hematology/Oncology Ward,191
Emergency Department,ONC Pediatric General Hematology/Oncology Ward,83
Emergency Department,Exit,4694
Endoscopy Suite,Adult Step Down Unit (post-critical care),11
Endoscopy Suite,Emergency Department,2
Endoscopy Suite,Medical Ward,53
Endoscopy Suite,Medical/Surgical Ward,19
Endoscopy Suite,Neurology Ward,4
Endoscopy Suite,Neurosurgical Ward,4
Endoscopy Suite,Pulmonary Ward,13
Endoscopy Suite,Surgical Ward,29
Endoscopy Suite,Surgical Critical Care,1
Endoscopy Suite,ONC Hematopoietic Stem Cell Transplant Ward,5
Endoscopy Suite,ONC General Hematology/Oncology Ward,26
Endoscopy Suite,Exit,9
Behavioral Health/Psych Ward,Behavioral Health/Psych Ward,8
Behavioral Health/Psych Ward,Exit,20
Pediatric Medical Ward,Pediatric Medical Ward,15
Pediatric Medical Ward,Operating Room/Suite,26
Pediatric Medical Ward,Pediatric Cardiothoracic Critical Care,9
Pediatric Medical Ward,Pediatric Medical/Surgical Critical Care,11
Pediatric Medical Ward,Exit,242
Medical Ward,Endoscopy Suite,51
Medical Ward,Medical Ward,62
Medical Ward,Medical/Surgical Ward,1
Medical Ward,Neurology Ward,3
Medical Ward,Neurosurgical Ward,1
Medical Ward,Operating Room/Suite,94
Medical Ward,Pulmonary Ward,8
Medical Ward,Surgical Ward,3
Medical Ward,Medical Cardiac Critical Care,22
Medical Ward,Medical Critical Care,14
Medical Ward,Neurologic Critical Care,2
Medical Ward,Surgical Critical Care,3
Medical Ward,ONC General Hematology/Oncology Ward,20
Medical Ward,Exit,905
Medical/Surgical Ward,Endoscopy Suite,19
Medical/Surgical Ward,Medical Ward,13
Medical/Surgical Ward,Medical/Surgical Ward,27
Medical/Surgical Ward,Operating Room/Suite,139
Medical/Surgical Ward,Postpartum Ward,3
Medical/Surgical Ward,Pulmonary Ward,2
Medical/Surgical Ward,Surgical Ward,12
Medical/Surgical Ward,"Labor, Delivery, Recovery, Postpartum Suite (LDRP)",3
Medical/Surgical Ward,Medical Cardiac Critical Care,5
Medical/Surgical Ward,Medical Critical Care,3
Medical/Surgical Ward,Pediatric Medical/Surgical Critical Care,1
Medical/Surgical Ward,Surgical Cardiothoracic Critical Care,11
Medical/Surgical Ward,Surgical Critical Care,6
Medical/Surgical Ward,ONC General Hematology/Oncology Ward,6
Medical/Surgical Ward,Exit,426
Neurology Ward,Emergency Department,1
Neurology Ward,Endoscopy Suite,4
Neurology Ward,Pediatric Medical Ward,1
Neurology Ward,Medical Ward,3
Neurology Ward,Neurology Ward,5
Neurology Ward,Operating Room/Suite,21
Neurology Ward,Surgical Ward,1
Neurology Ward,Medical Critical Care,2
Neurology Ward,Neurologic Critical Care,2
Neurology Ward,Surgical Critical Care,2
Neurology Ward,ONC General Hematology/Oncology Ward,5
Neurology Ward,Exit,180
Neurosurgical Ward,Emergency Department,2
Neurosurgical Ward,Endoscopy Suite,3
Neurosurgical Ward,Medical Ward,1
Neurosurgical Ward,Neurosurgical Ward,3
Neurosurgical Ward,Operating Room/Suite,71
Neurosurgical Ward,Surgical Ward,1
Neurosurgical Ward,Medical Cardiac Critical Care,1
Neurosurgical Ward,Neurologic Critical Care,7
Neurosurgical Ward,Surgical Critical Care,1
Neurosurgical Ward,ONC General Hematology/Oncology Ward,3
Neurosurgical Ward,Exit,212
Operating Room/Suite,24-Hour Observation Area,118
Operating Room/Suite,Adult Step Down Unit (post-critical care),18
Operating Room/Suite,Pediatric Medical Ward,90
Operating Room/Suite,Medical Ward,74
Operating Room/Suite,Medical/Surgical Ward,152
Operating Room/Suite,Neurology Ward,61
Operating Room/Suite,Neurosurgical Ward,47
Operating Room/Suite,Operating Room/Suite,114
Operating Room/Suite,Postpartum Ward,1
Operating Room/Suite,Pulmonary Ward,15
Operating Room/Suite,Surgical Ward,358
Operating Room/Suite,Medical Cardiac Critical Care,12
Operating Room/Suite,Medical Critical Care,7
Operating Room/Suite,Neonatal Critical Care (Level III),9
Operating Room/Suite,Neurologic Critical Care,94
Operating Room/Suite,Pediatric Cardiothoracic Critical Care,28
Operating Room/Suite,Pediatric Medical/Surgical Critical Care,23
Operating Room/Suite,Pediatric Step Down Unit (post-critical care),11
Operating Room/Suite,Surgical Cardiothoracic Critical Care,207
Operating Room/Suite,Surgical Critical Care,101
Operating Room/Suite,ONC Hematopoietic Stem Cell Transplant Ward,3
Operating Room/Suite,ONC General Hematology/Oncology Ward,141
Operating Room/Suite,ONC Pediatric Hematopoietic Stem Cell Transplant Ward,5
Operating Room/Suite,ONC Pediatric General Hematology/Oncology Ward,17
Operating Room/Suite,Exit,669
Postpartum Ward,Pediatric Medical Ward,7
Postpartum Ward,Medical Ward,1
Postpartum Ward,Medical/Surgical Ward,9
Postpartum Ward,Postpartum Ward,37
Postpartum Ward,"Labor, Delivery, Recovery, Postpartum Suite (LDRP)",12
Postpartum Ward,Neonatal Critical Care (Level III),7
Postpartum Ward,ONC Pediatric General Hematology/Oncology Ward,3
Postpartum Ward,Exit,497
Pulmonary Ward,Endoscopy Suite,13
Pulmonary Ward,Medical Ward,6
Pulmonary Ward,Operating Room/Suite,17
Pulmonary Ward,Pulmonary Ward,6
Pulmonary Ward,Surgical Ward,2
Pulmonary Ward,Medical Cardiac Critical Care,4
Pulmonary Ward,Medical Critical Care,6
Pulmonary Ward,Surgical Cardiothoracic Critical Care,1
Pulmonary Ward,Surgical Critical Care,3
Pulmonary Ward,ONC General Hematology/Oncology Ward,1
Pulmonary Ward,Exit,78
Surgical Ward,Emergency Department,5
Surgical Ward,Endoscopy Suite,29
Surgical Ward,Medical Ward,3
Surgical Ward,Medical/Surgical Ward,2
Surgical Ward,Neurosurgical Ward,1
Surgical Ward,Operating Room/Suite,123
Surgical Ward,Pulmonary Ward,3
Surgical Ward,Surgical Ward,27
Surgical Ward,Medical Cardiac Critical Care,3
Surgical Ward,Medical Critical Care,2
Surgical Ward,Neurologic Critical Care,1
Surgical Ward,Surgical Cardiothoracic Critical Care,1
Surgical Ward,Surgical Critical Care,17
Surgical Ward,ONC General Hematology/Oncology Ward,9
Surgical Ward,Exit,562
"Labor, Delivery, Recovery, Postpartum Suite (LDRP)",Pediatric Medical Ward,1
"Labor, Delivery, Recovery, Postpartum Suite (LDRP)",Medical/Surgical Ward,27
"Labor, Delivery, Recovery, Postpartum Suite (LDRP)",Postpartum Ward,376
"Labor, Delivery, Recovery, Postpartum Suite (LDRP)",Surgical Ward,1
"Labor, Delivery, Recovery, Postpartum Suite (LDRP)","Labor, Delivery, Recovery, Postpartum Suite (LDRP)",66
"Labor, Delivery, Recovery, Postpartum Suite (LDRP)",Neonatal Critical Care (Level III),11
"Labor, Delivery, Recovery, Postpartum Suite (LDRP)",Pediatric Cardiothoracic Critical Care,1
"Labor, Delivery, Recovery, Postpartum Suite (LDRP)",ONC Pediatric General Hematology/Oncology Ward,1
"Labor, Delivery, Recovery, Postpartum Suite (LDRP)",Exit,38
Medical Cardiac Critical Care,Medical Ward,73
Medical Cardiac Critical Care,Medical/Surgical Ward,7
Medical Cardiac Critical Care,Operating Room/Suite,17
Medical Cardiac Critical Care,Pulmonary Ward,1
Medical Cardiac Critical Care,Medical Cardiac Critical Care,1
Medical Cardiac Critical Care,Medical Critical Care,3
Medical Cardiac Critical Care,Neurologic Critical Care,1
Medical Cardiac Critical Care,Surgical Cardiothoracic Critical Care,1
Medical Cardiac Critical Care,ONC Hematopoietic Stem Cell Transplant Ward,1
Medical Cardiac Critical Care,ONC General Hematology/Oncology Ward,4
Medical Cardiac Critical Care,Exit,22
Medical Critical Care,Adult Step Down Unit (post-critical care),1
Medical Critical Care,Medical Ward,58
Medical Critical Care,Neurology Ward,1
Medical Critical Care,Neurosurgical Ward,2
Medical Critical Care,Operating Room/Suite,5
Medical Critical Care,Pulmonary Ward,12
Medical Critical Care,Surgical Ward,2
Medical Critical Care,Medical Cardiac Critical Care,1
Medical Critical Care,Medical Critical Care,5
Medical Critical Care,Surgical Critical Care,1
Medical Critical Care,ONC Hematopoietic Stem Cell Transplant Ward,1
Medical Critical Care,ONC General Hematology/Oncology Ward,9
Medical Critical Care,Exit,26
Neonatal Critical Care (Level III),Operating Room/Suite,7
Neonatal Critical Care (Level III),Postpartum Ward,4
Neonatal Critical Care (Level III),"Labor, Delivery, Recovery, Postpartum Suite (LDRP)",1
Neonatal Critical Care (Level III),Neonatal Critical Care (Level III),154
Neonatal Critical Care (Level III),Pediatric Cardiothoracic Critical Care,3
Neonatal Critical Care (Level III),Pediatric Medical/Surgical Critical Care,3
Neonatal Critical Care (Level III),Step down Neonatal Nursery (Level II),41
Neonatal Critical Care (Level III),ONC Pediatric General Hematology/Oncology Ward,2
Neonatal Critical Care (Level III),Exit,40
Neurologic Critical Care,Emergency Department,1
Neurologic Critical Care,Medical Ward,9
Neurologic Critical Care,Neurology Ward,19
Neurologic Critical Care,Neurosurgical Ward,80
Neurologic Critical Care,Operating Room/Suite,18
Neurologic Critical Care,Pulmonary Ward,1
Neurologic Critical Care,Surgical Ward,1
Neurologic Critical Care,Surgical Critical Care,3
Neurologic Critical Care,ONC General Hematology/Oncology Ward,3
Neurologic Critical Care,Exit,54
Pediatric Cardiothoracic Critical Care,Pediatric Medical Ward,21
Pediatric Cardiothoracic Critical Care,Operating Room/Suite,14
Pediatric Cardiothoracic Critical Care,Postpartum Ward,1
Pediatric Cardiothoracic Critical Care,Neonatal Critical Care (Level III),2
Pediatric Cardiothoracic Critical Care,Pediatric Cardiothoracic Critical Care,25
Pediatric Cardiothoracic Critical Care,Pediatric Step Down Unit (post-critical care),17
Pediatric Cardiothoracic Critical Care,ONC Pediatric General Hematology/Oncology Ward,1
Pediatric Cardiothoracic Critical Care,Exit,5
Pediatric Medical/Surgical Critical Care,Pediatric Medical Ward,28
Pediatric Medical/Surgical Critical Care,Operating Room/Suite,7
Pediatric Medical/Surgical Critical Care,Surgical Ward,1
Pediatric Medical/Surgical Critical Care,Medical Critical Care,1
Pediatric Medical/Surgical Critical Care,Pediatric Medical/Surgical Critical Care,27
Pediatric Medical/Surgical Critical Care,Pediatric Step Down Unit (post-critical care),11
Pediatric Medical/Surgical Critical Care,Step down Neonatal Nursery (Level II),1
Pediatric Medical/Surgical Critical Care,ONC Pediatric Hematopoietic Stem Cell Transplant Ward,3
Pediatric Medical/Surgical Critical Care,ONC Pediatric General Hematology/Oncology Ward,39
Pediatric Medical/Surgical Critical Care,Exit,16
Pediatric Step Down Unit (post-critical care),Pediatric Medical Ward,23
Pediatric Step Down Unit (post-critical care),Operating Room/Suite,1
Pediatric Step Down Unit (post-critical care),Pediatric Cardiothoracic Critical Care,4
Pediatric Step Down Unit (post-critical care),Pediatric Medical/Surgical Critical Care,6
Pediatric Step Down Unit (post-critical care),Pediatric Step Down Unit (post-critical care),8
Pediatric Step Down Unit (post-critical care),ONC Pediatric General Hematology/Oncology Ward,5
Pediatric Step Down Unit (post-critical care),Exit,12
Step down Neonatal Nursery (Level II),Operating Room/Suite,2
Step down Neonatal Nursery (Level II),Neonatal Critical Care (Level III),23
Step down Neonatal Nursery (Level II),Exit,19
Surgical Cardiothoracic Critical Care,Adult Step Down Unit (post-critical care),45
Surgical Cardiothoracic Critical Care,Medical/Surgical Ward,137
Surgical Cardiothoracic Critical Care,Operating Room/Suite,46
Surgical Cardiothoracic Critical Care,Pulmonary Ward,1
Surgical Cardiothoracic Critical Care,Medical Cardiac Critical Care,1
Surgical Cardiothoracic Critical Care,Neurologic Critical Care,1
Surgical Cardiothoracic Critical Care,Surgical Cardiothoracic Critical Care,5
Surgical Cardiothoracic Critical Care,Surgical Critical Care,2
Surgical Cardiothoracic Critical Care,ONC Hematopoietic Stem Cell Transplant Ward,1
Surgical Cardiothoracic Critical Care,Exit,11
Surgical Critical Care,Adult Step Down Unit (post-critical care),1
Surgical Critical Care,Endoscopy Suite,1
Surgical Critical Care,Pediatric Medical Ward,1
Surgical Critical Care,Medical Ward,20
Surgical Critical Care,Medical/Surgical Ward,18
Surgical Critical Care,Neurology Ward,4
Surgical Critical Care,Neurosurgical Ward,2
Surgical Critical Care,Operating Room/Suite,56
Surgical Critical Care,Pulmonary Ward,1
Surgical Critical Care,Surgical Ward,44
Surgical Critical Care,Medical Critical Care,2
Surgical Critical Care,Neurologic Critical Care,3
Surgical Critical Care,Surgical Critical Care,6
Surgical Critical Care,ONC Hematopoietic Stem Cell Transplant Ward,1
Surgical Critical Care,ONC General Hematology/Oncology Ward,11
Surgical Critical Care,Exit,22
ONC Hematopoietic Stem Cell Transplant Ward,Endoscopy Suite,5
ONC Hematopoietic Stem Cell Transplant Ward,Medical Ward,1
ONC Hematopoietic Stem Cell Transplant Ward,Operating Room/Suite,5
ONC Hematopoietic Stem Cell Transplant Ward,Medical Cardiac Critical Care,1
ONC Hematopoietic Stem Cell Transplant Ward,Medical Critical Care,1
ONC Hematopoietic Stem Cell Transplant Ward,Surgical Critical Care,2
ONC Hematopoietic Stem Cell Transplant Ward,ONC Hematopoietic Stem Cell Transplant Ward,7
ONC Hematopoietic Stem Cell Transplant Ward,ONC General Hematology/Oncology Ward,1
ONC Hematopoietic Stem Cell Transplant Ward,Exit,24
ONC General Hematology/Oncology Ward,Endoscopy Suite,26
ONC General Hematology/Oncology Ward,Medical Ward,6
ONC General Hematology/Oncology Ward,Neurosurgical Ward,2
ONC General Hematology/Oncology Ward,Operating Room/Suite,42
ONC General Hematology/Oncology Ward,Pulmonary Ward,1
ONC General Hematology/Oncology Ward,Surgical Ward,3
ONC General Hematology/Oncology Ward,Medical Cardiac Critical Care,3
ONC General Hematology/Oncology Ward,Neurologic Critical Care,2
ONC General Hematology/Oncology Ward,Surgical Critical Care,2
ONC General Hematology/Oncology Ward,ONC General Hematology/Oncology Ward,39
ONC General Hematology/Oncology Ward,Exit,498
ONC Pediatric Hematopoietic Stem Cell Transplant Ward,Operating Room/Suite,3
ONC Pediatric Hematopoietic Stem Cell Transplant Ward,Pediatric Cardiothoracic Critical Care,1
ONC Pediatric Hematopoietic Stem Cell Transplant Ward,Pediatric Medical/Surgical Critical Care,1
ONC Pediatric Hematopoietic Stem Cell Transplant Ward,ONC Pediatric Hematopoietic Stem Cell Transplant Ward,1
ONC Pediatric Hematopoietic Stem Cell Transplant Ward,Exit,16
ONC Pediatric General Hematology/Oncology Ward,Pediatric Medical Ward,1
ONC Pediatric General Hematology/Oncology Ward,Operating Room/Suite,20
ONC Pediatric General Hematology/Oncology Ward,Pediatric Medical/Surgical Critical Care,14
ONC Pediatric General Hematology/Oncology Ward,Pediatric Step Down Unit (post-critical care),1
ONC Pediatric General Hematology/Oncology Ward,ONC Pediatric General Hematology/Oncology Ward,21
ONC Pediatric General Hematology/Oncology Ward,Exit,207
