source,destination,count
Entry,24-Hour Observation Area,73
Entry,Adult Step Down Unit (post-critical care),32
Entry,Ambulatory Surgery Center,516
Entry,Emergency Department,6384
Entry,Endoscopy Suite,13
Entry,Behavioral Health/Psych Ward,31
Entry,Pediatric Medical Ward,65
Entry,Medical Ward,246
Entry,Medical/Surgical Ward,122
Entry,Neurology Ward,44
Entry,Neurosurgical Ward,34
Entry,Operating Room/Suite,1610
Entry,Postpartum Ward,111
Entry,Pulmonary Ward,34
Entry,Surgical Ward,63
Entry,"Labor, Delivery, Recovery, Postpartum Suite (LDRP)",446
Entry,Medical Cardiac Critical Care,33
Entry,Medical Critical Care,35
Entry,Neonatal Critical Care (Level III),34
Entry,Neurologic Critical Care,34
Entry,Pediatric Cardiothoracic Critical Care,13
Entry,Pediatric Medical/Surgical Critical Care,23
Entry,Pediatric Step Down Unit (post-critical care),5
Entry,Surgical Cardiothoracic Critical Care,13
Entry,Surgical Critical Care,7
Entry,ONC Hematopoietic Stem Cell Transplant Ward,41
Entry,ONC General Hematology/Oncology Ward,178
Entry,ONC Pediatric Hematopoietic Stem Cell Transplant Ward,12
Entry,ONC Pediatric General Hematology/Oncology Ward,90
24-Hour Observation Area,24-Hour Observation Area,3
24-Hour Observation Area,Medical Ward,4
24-Hour Observation Area,Medical/Surgical Ward,2
24-Hour Observation Area,Operating Room/Suite,5
24-Hour Observation Area,Surgical Ward,7
24-Hour Observation Area,ONC General Hematology/Oncology Ward,4
24-Hour Observation Area,Exit,174
Adult Step Down Unit (post-critical care),Adult Step Down Unit (post-critical care),3
Adult Step Down Unit (post-critical care),Endoscopy Suite,6
Adult Step Down Unit (post-critical care),Medical Ward,1
Adult Step Down Unit (post-critical care),Operating Room/Suite,35
Adult Step Down Unit (post-critical care),Pulmonary Ward,3
Adult Step Down Unit (post-critical care),Medical Cardiac Critical Care,1
Adult Step Down Unit (post-critical care),Neurologic Critical Care,1
Adult Step Down Unit (post-critical care),Surgical Cardiothoracic Critical Care,6
Adult Step Down Unit (post-critical care),Surgical Critical Care,1
Adult Step Down Unit (post-critical care),ONC General Hematology/Oncology Ward,1
Adult Step Down Unit (post-critical care),Exit,95
Ambulatory Surgery Center,Medical Ward,1
Ambulatory Surgery Center,Operating Room/Suite,1
Ambulatory Surgery Center,ONC Pediatric General Hematology/Oncology Ward,1
Ambulatory Surgery Center,Exit,514
Emergency Department,24-Hour Observation Area,1
Emergency Department,Adult Step Down Unit (post-critical care),21
Emergency Department,Emergency Department,13844
Emergency Department,Endoscopy Suite,6
Emergency Department,Pediatric Medical Ward,78
Emergency Department,Medical Ward,459
Emergency Department,Medical/Surgical Ward,139
Emergency Department,Neurology Ward,84
Emergency Department,Neurosurgical Ward,97
Emergency Department,Operating Room/Suite,73
Emergency Department,Postpartum Ward,1
Emergency Department,Pulmonary Ward,39
Emergency Department,Surgical Ward,210
Emergency Department,"Labor, Delivery, Recovery, Postpartum Suite (LDRP)",3
Emergency Department,Medical Cardiac Critical Care,31
Emergency Department,Medical Critical Care,44
Emergency Department,Neonatal Critical Care (Level III),1
Emergency Department,Neurologic Critical Care,47
Emergency Department,Pediatric Cardiothoracic Critical Care,2
Emergency Department,Pediatric Medical/Surgical Critical Care,25
Emergency Department,Pediatric Step Down Unit (post-critical care),18
Emergency Department,Surgical Cardiothoracic Critical Care,1
Emergency Department,Surgical Critical Care,28
Emergency Department,ONC Hematopoietic Stem Cell Transplant Ward,12
Emergency Department,ONC General Hematology/Oncology Ward,165
Emergency Department,ONC Pediatric General Hematology/Oncology Ward,64
Emergency Department,Exit,4744
Endoscopy Suite,Adult Step Down Unit (post-critical care),6
Endoscopy Suite,Emergency Department,4
Endoscopy Suite,Medical Ward,36
Endoscopy Suite,Medical/Surgical Ward,25
Endoscopy Suite,Pulmonary Ward,21
Endoscopy Suite,Surgical Ward,17
Endoscopy Suite,Surgical Critical Care,1
Endoscopy Suite,ONC Hematopoietic Stem Cell Transplant Ward,5
Endoscopy Suite,ONC General Hematology/Oncology Ward,24
Endoscopy Suite,Exit,11
Behavioral Health/Psych Ward,Behavioral Health/Psych Ward,4
Behavioral Health/Psych Ward,Exit,35
Pediatric Medical Ward,Pediatric Medical Ward,15
Pediatric Medical Ward,Operating Room/Suite,48
Pediatric Medical Ward,Neonatal Critical Care (Level III),1
Pediatric Medical Ward,Pediatric Cardiothoracic Critical Care,3
Pediatric Medical Ward,Pediatric Medical/Surgical Critical Care,8
Pediatric Medical Ward,Pediatric Step Down Unit (post-critical care),1
Pediatric Medical Ward,Exit,241
Medical Ward,Emergency Department,3
Medical Ward,Endoscopy Suite,35
Medical Ward,Medical Ward,63
Medical Ward,Medical/Surgical Ward,1
Medical Ward,Neurology Ward,1
Medical Ward,Neurosurgical Ward,2
Medical Ward,Operating Room/Suite,78
Medical Ward,Pulmonary Ward,5
Medical Ward,Surgical Ward,1
Medical Ward,Medical Cardiac Critical Care,30
Medical Ward,Medical Critical Care,9
Medical Ward,Neurologic Critical Care,5
Medical Ward,Surgical Cardiothoracic Critical Care,1
Medical Ward,Surgical Critical Care,8
Medical Ward,ONC General Hematology/Oncology Ward,10
Medical Ward,Exit,780
Medical/Surgical Ward,Endoscopy Suite,25
Medical/Surgical Ward,Medical Ward,3
Medical/Surgical Ward,Medical/Surgical Ward,34
Medical/Surgical Ward,Neurology Ward,1
Medical/Surgical Ward,Operating Room/Suite,147
Medical/Surgical Ward,Pulmonary Ward,5
Medical/Surgical Ward,Surgical Ward,19
Medical/Surgical Ward,Medical Critical Care,1
Medical/Surgical Ward,Neurologic Critical Care,1
Medical/Surgical Ward,Surgical Cardiothoracic Critical Care,16
Medical/Surgical Ward,Surgical Critical Care,2
Medical/Surgical Ward,ONC General Hematology/Oncology Ward,11
Medical/Surgical Ward,Exit,387
Neurology Ward,Emergency Department,1
Neurology Ward,Medical Ward,1
Neurology Ward,Neurology Ward,9
Neurology Ward,Operating Room/Suite,33
Neurology Ward,Surgical Ward,1
Neurology Ward,Medical Critical Care,3
Neurology Ward,Neurologic Critical Care,2
Neurology Ward,ONC General Hematology/Oncology Ward,2
Neurology Ward,Exit,204
Neurosurgical Ward,Medical Ward,2
Neurosurgical Ward,Neurosurgical Ward,1
Neurosurgical Ward,Operating Room/Suite,33
Neurosurgical Ward,Surgical Ward,1
Neurosurgical Ward,Neurologic Critical Care,4
Neurosurgical Ward,Surgical Critical Care,1
Neurosurgical Ward,ONC General Hematology/Oncology Ward,1
Neurosurgical Ward,Exit,190
Operating Room/Suite,24-Hour Observation Area,123
Operating Room/Suite,Adult Step Down Unit (post-critical care),30
Operating Room/Suite,Pediatric Medical Ward,94
Operating Room/Suite,Medical Ward,56
Operating Room/Suite,Medical/Surgical Ward,164
Operating Room/Suite,Neurology Ward,96
Operating Room/Suite,Neurosurgical Ward,36
Operating Room/Suite,Operating Room/Suite,113
Operating Room/Suite,Postpartum Ward,1
Operating Room/Suite,Pulmonary Ward,11
Operating Room/Suite,Surgical Ward,359
Operating Room/Suite,"Labor, Delivery, Recovery, Postpartum Suite (LDRP)",3
Operating Room/Suite,Medical Cardiac Critical Care,7
Operating Room/Suite,Medical Critical Care,5
Operating Room/Suite,Neonatal Critical Care (Level III),9
Operating Room/Suite,Neurologic Critical Care,79
Operating Room/Suite,Pediatric Cardiothoracic Critical Care,20
Operating Room/Suite,Pediatric Medical/Surgical Critical Care,29
Operating Room/Suite,Pediatric Step Down Unit (post-critical care),10
Operating Room/Suite,Surgical Cardiothoracic Critical Care,194
Operating Room/Suite,Surgical Critical Care,77
Operating Room/Suite,ONC Hematopoietic Stem Cell Transplant Ward,4
Operating Room/Suite,ONC General Hematology/Oncology Ward,134
Operating Room/Suite,ONC Pediatric Hematopoietic Stem Cell Transplant Ward,7
Operating Room/Suite,ONC Pediatric General Hematology/Oncology Ward,23
Operating Room/Suite,Exit,797
Postpartum Ward,Pediatric Medical Ward,1
Postpartum Ward,Medical/Surgical Ward,1
Postpartum Ward,Operating Room/Suite,1
Postpartum Ward,Postpartum Ward,47
Postpartum Ward,"Labor, Delivery, Recovery, Postpartum Suite (LDRP)",7
Postpartum Ward,Neonatal Critical Care (Level III),7
Postpartum Ward,ONC General Hematology/Oncology Ward,1
Postpartum Ward,ONC Pediatric General Hematology/Oncology Ward,1
Postpartum Ward,Exit,459
Pulmonary Ward,Endoscopy Suite,21
Pulmonary Ward,Medical Ward,5
Pulmonary Ward,Operating Room/Suite,11
Pulmonary Ward,Pulmonary Ward,9
Pulmonary Ward,Medical Critical Care,9
Pulmonary Ward,Neurologic Critical Care,2
Pulmonary Ward,Surgical Critical Care,2
Pulmonary Ward,Exit,90
Surgical Ward,Emergency Department,2
Surgical Ward,Endoscopy Suite,16
Surgical Ward,Medical Ward,5
Surgical Ward,Medical/Surgical Ward,2
Surgical Ward,Neurosurgical Ward,1
Surgical Ward,Operating Room/Suite,101
Surgical Ward,Pulmonary Ward,2
Surgical Ward,Surgical Ward,24
Surgical Ward,Medical Cardiac Critical Care,1
Surgical Ward,Medical Critical Care,2
Surgical Ward,Surgical Critical Care,13
Surgical Ward,ONC General Hematology/Oncology Ward,9
Surgical Ward,Exit,569
"Labor, Delivery, Recovery, Postpartum Suite (LDRP)",Operating Room/Suite,3
"Labor, Delivery, Recovery, Postpartum Suite (LDRP)",Postpartum Ward,372
"Labor, Delivery, Recovery, Postpartum Suite (LDRP)","Labor, Delivery, Recovery, Postpartum Suite (LDRP)",69
"Labor, Delivery, Recovery, Postpartum Suite (LDRP)",Medical Critical Care,1
"Labor, Delivery, Recovery, Postpartum Suite (LDRP)",Neonatal Critical Care (Level III),18
"Labor, Delivery, Recovery, Postpartum Suite (LDRP)",Pediatric Cardiothoracic Critical Care,1
"Labor, Delivery, Recovery, Postpartum Suite (LDRP)",Exit,70
Medical Cardiac Critical Care,Adult Step Down Unit (post-critical care),2
Medical Cardiac Critical Care,Medical Ward,74
Medical Cardiac Critical Care,Medical/Surgical Ward,2
Medical Cardiac Critical Care,Operating Room/Suite,14
Medical Cardiac Critical Care,Pulmonary Ward,1
Medical Cardiac Critical Care,Medical Cardiac Critical Care,2
Medical Cardiac Critical Care,Medical Critical Care,2
Medical Cardiac Critical Care,Neurologic Critical Care,1
Medical Cardiac Critical Care,Surgical Cardiothoracic Critical Care,1
Medical Cardiac Critical Care,ONC General Hematology/Oncology Ward,4
Medical Cardiac Critical Care,Exit,18
Medical Critical Care,Adult Step Down Unit (post-critical care),1
Medical Critical Care,Medical Ward,46
Medical Critical Care,Medical/Surgical Ward,1
Medical Critical Care,Neurology Ward,1
Medical Critical Care,Neurosurgical Ward,1
Medical Critical Care,Operating Room/Suite,4
Medical Critical Care,Pulmonary Ward,22
Medical Critical Care,Surgical Ward,1
Medical Critical Care,"Labor, Delivery, Recovery, Postpartum Suite (LDRP)",1
Medical Critical Care,Medical Cardiac Critical Care,1
Medical Critical Care,Medical Critical Care,14
Medical Critical Care,Neurologic Critical Care,1
Medical Critical Care,Surgical Cardiothoracic Critical Care,1
Medical Critical Care,Surgical Critical Care,2
Medical Critical Care,ONC General Hematology/Oncology Ward,11
Medical Critical Care,Exit,33
Neonatal Critical Care (Level III),Operating Room/Suite,8
Neonatal Critical Care (Level III),Postpartum Ward,4
Neonatal Critical Care (Level III),"Labor, Delivery, Recovery, Postpartum Suite (LDRP)",2
Neonatal Critical Care (Level III),Neonatal Critical Care (Level III),190
Neonatal Critical Care (Level III),Pediatric Medical/Surgical Critical Care,1
Neonatal Critical Care (Level III),Step down Neonatal Nursery (Level II),42
Neonatal Critical Care (Level III),Exit,41
Neurologic Critical Care,Medical Ward,5
Neurologic Critical Care,Neurology Ward,19
Neurologic Critical Care,Neurosurgical Ward,60
Neurologic Critical Care,Operating Room/Suite,16
Neurologic Critical Care,Medical Cardiac Critical Care,1
Neurologic Critical Care,Medical Critical Care,4
Neurologic Critical Care,ONC General Hematology/Oncology Ward,4
Neurologic Critical Care,Exit,67
Pediatric Cardiothoracic Critical Care,Pediatric Medical Ward,19
Pediatric Cardiothoracic Critical Care,Operating Room/Suite,6
Pediatric Cardiothoracic Critical Care,Postpartum Ward,1
Pediatric Cardiothoracic Critical Care,Pediatric Cardiothoracic Critical Care,30
Pediatric Cardiothoracic Critical Care,Pediatric Medical/Surgical Critical Care,2
Pediatric Cardiothoracic Critical Care,Pediatric Step Down Unit (post-critical care),18
Pediatric Cardiothoracic Critical Care,Exit,3
Pediatric Medical/Surgical Critical Care,Pediatric Medical Ward,32
Pediatric Medical/Surgical Critical Care,Medical Ward,2
Pediatric Medical/Surgical Critical Care,Operating Room/Suite,7
Pediatric Medical/Surgical Critical Care,Pediatric Cardiothoracic Critical Care,1
Pediatric Medical/Surgical Critical Care,Pediatric Medical/Surgical Critical Care,23
Pediatric Medical/Surgical Critical Care,Pediatric Step Down Unit (post-critical care),11
Pediatric Medical/Surgical Critical Care,ONC Pediatric General Hematology/Oncology Ward,30
Pediatric Medical/Surgical Critical Care,Exit,18
Pediatric Step Down Unit (post-critical care),Pediatric Medical Ward,9
Pediatric Step Down Unit (post-critical care),Operating Room/Suite,6
Pediatric Step Down Unit (post-critical care),Pediatric Cardiothoracic Critical Care,8
Pediatric Step Down Unit (post-critical care),Pediatric Medical/Surgical Critical Care,4
Pediatric Step Down Unit (post-critical care),Pediatric Step Down Unit (post-critical care),17
Pediatric Step Down Unit (post-critical care),ONC Pediatric General Hematology/Oncology Ward,8
Pediatric Step Down Unit (post-critical care),Exit,27
Step down Neonatal Nursery (Level II),Neonatal Critical Care (Level III),22
Step down Neonatal Nursery (Level II),Step down Neonatal Nursery (Level II),7
Step down Neonatal Nursery (Level II),Exit,18
Surgical Cardiothoracic Critical Care,Adult Step Down Unit (post-critical care),58
Surgical Cardiothoracic Critical Care,Medical Ward,4
Surgical Cardiothoracic Critical Care,Medical/Surgical Ward,143
Surgical Cardiothoracic Critical Care,Operating Room/Suite,17
Surgical Cardiothoracic Critical Care,Surgical Ward,1
Surgical Cardiothoracic Critical Care,Medical Cardiac Critical Care,2
Surgical Cardiothoracic Critical Care,Surgical Cardiothoracic Critical Care,5
Surgical Cardiothoracic Critical Care,Exit,5
Surgical Critical Care,Adult Step Down Unit (post-critical care),1
Surgical Critical Care,Emergency Department,2
Surgical Critical Care,Medical Ward,14
Surgical Critical Care,Medical/Surgical Ward,15
Surgical Critical Care,Neurology Ward,3
Surgical Critical Care,Operating Room/Suite,35
Surgical Critical Care,Pulmonary Ward,1
Surgical Critical Care,Surgical Ward,44
Surgical Critical Care,Medical Critical Care,4
Surgical Critical Care,Neurologic Critical Care,1
Surgical Critical Care,Surgical Critical Care,5
Surgical Critical Care,ONC Hematopoietic Stem Cell Transplant Ward,1
Surgical Critical Care,ONC General Hematology/Oncology Ward,16
Surgical Critical Care,ONC Pediatric General Hematology/Oncology Ward,1
Surgical Critical Care,Exit,15
ONC Hematopoietic Stem Cell Transplant Ward,Endoscopy Suite,4
ONC Hematopoietic Stem Cell Transplant Ward,Neurology Ward,1
ONC Hematopoietic Stem Cell Transplant Ward,Operating Room/Suite,4
ONC Hematopoietic Stem Cell Transplant Ward,Surgical Critical Care,1
ONC Hematopoietic Stem Cell Transplant Ward,ONC Hematopoietic Stem Cell Transplant Ward,6
ONC Hematopoietic Stem Cell Transplant Ward,ONC General Hematology/Oncology Ward,3
ONC Hematopoietic Stem Cell Transplant Ward,Exit,51
ONC General Hematology/Oncology Ward,Endoscopy Suite,24
ONC General Hematology/Oncology Ward,Medical Ward,6
ONC General Hematology/Oncology Ward,Neurology Ward,1
ONC General Hematology/Oncology Ward,Operating Room/Suite,47
ONC General Hematology/Oncology Ward,Surgical Ward,2
ONC General Hematology/Oncology Ward,Medical Cardiac Critical Care,4
ONC General Hematology/Oncology Ward,Medical Critical Care,7
ONC General Hematology/Oncology Ward,Neurologic Critical Care,2
ONC General Hematology/Oncology Ward,Surgical Critical Care,6
ONC General Hematology/Oncology Ward,ONC Hematopoietic Stem Cell Transplant Ward,1
ONC General Hematology/Oncology Ward,ONC General Hematology/Oncology Ward,34
ONC General Hematology/Oncology Ward,Exit,472
ONC Pediatric Hematopoietic Stem Cell Transplant Ward,Operating Room/Suite,6
ONC Pediatric Hematopoietic Stem Cell Transplant Ward,ONC Pediatric Hematopoietic Stem Cell Transplant Ward,1
ONC Pediatric Hematopoietic Stem Cell Transplant Ward,Exit,17
ONC Pediatric General Hematology/Oncology Ward,Ambulatory Surgery Center,1
ONC Pediatric General Hematology/Oncology Ward,Pediatric Medical Ward,5
ONC Pediatric General Hematology/Oncology Ward,Operating Room/Suite,18
ONC Pediatric General Hematology/Oncology Ward,Pediatric Medical/Surgical Critical Care,8
ONC Pediatric General Hematology/Oncology Ward,Pediatric Step Down Unit (post-critical care),2
ONC Pediatric General Hematology/Oncology Ward,ONC Pediatric General Hematology/Oncology Ward,15
ONC Pediatric General Hematology/Oncology Ward,Exit,188
