source,destination,count
Entry,24-Hour Observation Area,108
Entry,Adult Step Down Unit (post-critical care),30
Entry,Ambulatory Surgery Center,547
Entry,Emergency Department,6418
Entry,Endoscopy Suite,9
Entry,Behavioral Health/Psych Ward,33
Entry,Pediatric Medical Ward,60
Entry,Medical Ward,283
Entry,Medical/Surgical Ward,128
Entry,Neurology Ward,49
Entry,Neurosurgical Ward,43
Entry,Operating Room/Suite,1779
Entry,Postpartum Ward,133
Entry,Pulmonary Ward,35
Entry,Surgical Ward,66
Entry,"Labor, Delivery, Recovery, Postpartum Suite (LDRP)",495
Entry,Medical Cardiac Critical Care,25
Entry,Medical Critical Care,27
Entry,Neonatal Critical Care (Level III),42
Entry,Neurologic Critical Care,31
Entry,Pediatric Cardiothoracic Critical Care,14
Entry,Pediatric Medical/Surgical Critical Care,17
Entry,Pediatric Step Down Unit (post-critical care),5
Entry,Surgical Cardiothoracic Critical Care,13
Entry,Surgical Critical Care,7
Entry,ONC Hematopoietic Stem Cell Transplant Ward,59
Entry,ONC General Hematology/Oncology Ward,182
Entry,ONC Pediatric Hematopoietic Stem Cell Transplant Ward,8
Entry,ONC Pediatric General Hematology/Oncology Ward,85
24-Hour Observation Area,24-Hour Observation Area,2
24-Hour Observation Area,Medical Ward,8
24-Hour Observation Area,Medical/Surgical Ward,3
24-Hour Observation Area,Neurology Ward,1
24-Hour Observation Area,Operating Room/Suite,14
24-Hour Observation Area,Surgical Ward,3
24-Hour Observation Area,Medical Cardiac Critical Care,1
24-Hour Observation Area,ONC General Hematology/Oncology Ward,3
24-Hour Observation Area,Exit,227
Adult Step Down Unit (post-critical care),Adult Step Down Unit (post-critical care),41
Adult Step Down Unit (post-critical care),Endoscopy Suite,16
Adult Step Down Unit (post-critical care),Medical Ward,5
Adult Step Down Unit (post-critical care),Operating Room/Suite,28
Adult Step Down Unit (post-critical care),Pediatric Medical/Surgical Critical Care,1
Adult Step Down Unit (post-critical care),Surgical Cardiothoracic Critical Care,6
Adult Step Down Unit (post-critical care),ONC General Hematology/Oncology Ward,1
Adult Step Down Unit (post-critical care),Exit,90
Ambulatory Surgery Center,24-Hour Observation Area,1
Ambulatory Surgery Center,Pediatric Medical Ward,1
Ambulatory Surgery Center,Operating Room/Suite,1
Ambulatory Surgery Center,Exit,545
Emergency Department,Adult Step Down Unit (post-critical care),19
Emergency Department,Emergency Department,14003
Emergency Department,Endoscopy Suite,5
Emergency Department,Pediatric Medical Ward,69
Emergency Department,Medical Ward,524
Emergency Department,Medical/Surgical Ward,148
Emergency Department,Neurology Ward,82
Emergency Department,Neurosurgical Ward,90
Emergency Department,Operating Room/Suite,101
Emergency Department,Pulmonary Ward,51
Emergency Department,Surgical Ward,219
Emergency Department,"Labor, Delivery, Recovery, Postpartum Suite (LDRP)",5
Emergency Department,Medical Cardiac Critical Care,35
Emergency Department,Medical Critical Care,58
Emergency Department,Neurologic Critical Care,42
Emergency Department,Pediatric Cardiothoracic Critical Care,3
Emergency Department,Pediatric Medical/Surgical Critical Care,26
Emergency Department,Pediatric Step Down Unit (post-critical care),14
Emergency Department,Surgical Cardiothoracic Critical Care,5
Emergency Department,Surgical Critical Care,40
Emergency Department,ONC Hematopoietic Stem Cell Transplant Ward,8
Emergency Department,ONC General Hematology/Oncology Ward,173
Emergency Department,ONC Pediatric General Hematology/Oncology Ward,78
Emergency Department,Exit,4631
Endoscopy Suite,Adult Step Down Unit (post-critical care),16
Endoscopy Suite,Emergency Department,4
Endoscopy Suite,Medical Ward,64
Endoscopy Suite,Medical/Surgical Ward,31
Endoscopy Suite,Neurology Ward,2
Endoscopy Suite,Neurosurgical Ward,2
Endoscopy Suite,Operating Room/Suite,1
Endoscopy Suite,Pulmonary Ward,15
Endoscopy Suite,Surgical Ward,15
Endoscopy Suite,Medical Cardiac Critical Care,4
Endoscopy Suite,Neurologic Critical Care,2
Endoscopy Suite,Surgical Critical Care,1
Endoscopy Suite,ONC Hematopoietic Stem Cell Transplant Ward,9
Endoscopy Suite,ONC General Hematology/Oncology Ward,32
Endoscopy Suite,ONC Pediatric General Hematology/Oncology Ward,1
Endoscopy Suite,Exit,9
Behavioral Health/Psych Ward,Behavioral Health/Psych Ward,16
Behavioral Health/Psych Ward,Exit,29
Pediatric Medical Ward,Emergency Department,1
Pediatric Medical Ward,Pediatric Medical Ward,62
Pediatric Medical Ward,Operating Room/Suite,40
Pediatric Medical Ward,Pediatric Cardiothoracic Critical Care,2
Pediatric Medical Ward,Pediatric Medical/Surgical Critical Care,5
Pediatric Medical Ward,ONC Pediatric General Hematology/Oncology Ward,2
Pediatric Medical Ward,Exit,244
Medical Ward,Adult Step Down Unit (post-critical care),2
Medical Ward,Ambulatory Surgery Center,1
Medical Ward,Emergency Department,1
Medical Ward,Endoscopy Suite,66
Medical Ward,Medical Ward,321
Medical Ward,Medical/Surgical Ward,3
Medical Ward,Neurology Ward,2
Medical Ward,Operating Room/Suite,110
Medical Ward,Pulmonary Ward,6
Medical Ward,Surgical Ward,1
Medical Ward,Medical Cardiac Critical Care,38
Medical Ward,Medical Critical Care,13
Medical Ward,Neurologic Critical Care,4
Medical Ward,Surgical Critical Care,8
Medical Ward,ONC General Hematology/Oncology Ward,13
Medical Ward,Exit,909
Medical/Surgical Ward,Emergency Department,1
Medical/Surgical Ward,Endoscopy Suite,31
Medical/Surgical Ward,Medical Ward,12
Medical/Surgical Ward,Medical/Surgical Ward,146
Medical/Surgical Ward,Neurosurgical Ward,1
Medical/Surgical Ward,Operating Room/Suite,139
Medical/Surgical Ward,Postpartum Ward,1
Medical/Surgical Ward,Pulmonary Ward,1
Medical/Surgical Ward,Surgical Ward,18
Medical/Surgical Ward,"Labor, Delivery, Recovery, Postpartum Suite (LDRP)",2
Medical/Surgical Ward,Medical Cardiac Critical Care,2
Medical/Surgical Ward,Medical Critical Care,3
Medical/Surgical Ward,Neurologic Critical Care,1
Medical/Surgical Ward,Surgical Cardiothoracic Critical Care,19
Medical/Surgical Ward,Surgical Critical Care,2
Medical/Surgical Ward,ONC General Hematology/Oncology Ward,8
Medical/Surgical Ward,Exit,438
Neurology Ward,Emergency Department,1
Neurology Ward,Endoscopy Suite,2
Neurology Ward,Medical Ward,3
Neurology Ward,Neurology Ward,56
Neurology Ward,Neurosurgical Ward,1
Neurology Ward,Operating Room/Suite,29
Neurology Ward,Surgical Ward,1
Neurology Ward,Medical Cardiac Critical Care,2
Neurology Ward,Medical Critical Care,1
Neurology Ward,Neurologic Critical Care,7
Neurology Ward,ONC Hematopoietic Stem Cell Transplant Ward,1
Neurology Ward,ONC General Hematology/Oncology Ward,3
Neurology Ward,Exit,195
Neurosurgical Ward,Endoscopy Suite,2
Neurosurgical Ward,Medical Ward,1
Neurosurgical Ward,Neurosurgical Ward,56
Neurosurgical Ward,Operating Room/Suite,58
Neurosurgical Ward,Surgical Ward,2
Neurosurgical Ward,Medical Critical Care,1
Neurosurgical Ward,Neurologic Critical Care,7
Neurosurgical Ward,Surgical Critical Care,3
Neurosurgical Ward,ONC General Hematology/Oncology Ward,3
Neurosurgical Ward,Exit,203
Operating Room/Suite,24-Hour Observation Area,154
Operating Room/Suite,Adult Step Down Unit (post-critical care),30
Operating Room/Suite,Pediatric Medical Ward,96
Operating Room/Suite,Medical Ward,86
Operating Room/Suite,Medical/Surgical Ward,197
Operating Room/Suite,Neurology Ward,89
Operating Room/Suite,Neurosurgical Ward,58
Operating Room/Suite,Operating Room/Suite,146
Operating Room/Suite,Pulmonary Ward,10
Operating Room/Suite,Surgical Ward,414
Operating Room/Suite,"Labor, Delivery, Recovery, Postpartum Suite (LDRP)",1
Operating Room/Suite,Medical Cardiac Critical Care,14
Operating Room/Suite,Medical Critical Care,8
Operating Room/Suite,Neonatal Critical Care (Level III),8
Operating Room/Suite,Neurologic Critical Care,94
Operating Room/Suite,Pediatric Cardiothoracic Critical Care,29
Operating Room/Suite,Pediatric Medical/Surgical Critical Care,38
Operating Room/Suite,Pediatric Step Down Unit (post-critical care),21
Operating Room/Suite,Surgical Cardiothoracic Critical Care,207
Operating Room/Suite,Surgical Critical Care,123
Operating Room/Suite,ONC Hematopoietic Stem Cell Transplant Ward,3
Operating Room/Suite,ONC General Hematology/Oncology Ward,164
Operating Room/Suite,ONC Pediatric Hematopoietic Stem Cell Transplant Ward,3
Operating Room/Suite,ONC Pediatric General Hematology/Oncology Ward,15
Operating Room/Suite,Exit,831
Postpartum Ward,Pediatric Medical Ward,2
Postpartum Ward,Medical/Surgical Ward,5
Postpartum Ward,Postpartum Ward,111
Postpartum Ward,"Labor, Delivery, Recovery, Postpartum Suite (LDRP)",21
Postpartum Ward,Neonatal Critical Care (Level III),8
Postpartum Ward,ONC Pediatric Hematopoietic Stem Cell Transplant Ward,1
Postpartum Ward,ONC Pediatric General Hematology/Oncology Ward,8
Postpartum Ward,Exit,537
Pulmonary Ward,Endoscopy Suite,15
Pulmonary Ward,Medical Ward,8
Pulmonary Ward,Operating Room/Suite,9
Pulmonary Ward,Pulmonary Ward,44
Pulmonary Ward,Surgical Ward,1
Pulmonary Ward,Medical Cardiac Critical Care,3
Pulmonary Ward,Medical Critical Care,1
Pulmonary Ward,Surgical Critical Care,1
Pulmonary Ward,ONC General Hematology/Oncology Ward,1
Pulmonary Ward,Exit,98
Surgical Ward,Emergency Department,4
Surgical Ward,Endoscopy Suite,15
Surgical Ward,Medical Ward,12
Surgical Ward,Medical/Surgical Ward,3
Surgical Ward,Neurosurgical Ward,1
Surgical Ward,Operating Room/Suite,126
Surgical Ward,Surgical Ward,167
Surgical Ward,Medical Cardiac Critical Care,3
Surgical Ward,Medical Critical Care,3
Surgical Ward,Neurologic Critical Care,1
Surgical Ward,Surgical Critical Care,10
Surgical Ward,ONC General Hematology/Oncology Ward,10
Surgical Ward,Exit,596
"Labor, Delivery, Recovery, Postpartum Suite (LDRP)",Medical/Surgical Ward,17
"Labor, Delivery, Recovery, Postpartum Suite (LDRP)",Neurosurgical Ward,1
"Labor, Delivery, Recovery, Postpartum Suite (LDRP)",Operating Room/Suite,1
"Labor, Delivery, Recovery, Postpartum Suite (LDRP)",Postpartum Ward,434
"Labor, Delivery, Recovery, Postpartum Suite (LDRP)","Labor, Delivery, Recovery, Postpartum Suite (LDRP)",97
"Labor, Delivery, Recovery, Postpartum Suite (LDRP)",Medical Cardiac Critical Care,1
"Labor, Delivery, Recovery, Postpartum Suite (LDRP)",Neonatal Critical Care (Level III),16
"Labor, Delivery, Recovery, Postpartum Suite (LDRP)",Neurologic Critical Care,1
"Labor, Delivery, Recovery, Postpartum Suite (LDRP)",Pediatric Cardiothoracic Critical Care,1
"Labor, Delivery, Recovery, Postpartum Suite (LDRP)",Surgical Critical Care,2
"Labor, Delivery, Recovery, Postpartum Suite (LDRP)",ONC Pediatric General Hematology/Oncology Ward,1
"Labor, Delivery, Recovery, Postpartum Suite (LDRP)",Exit,46
Medical Cardiac Critical Care,Adult Step Down Unit (post-critical care),2
Medical Cardiac Critical Care,Endoscopy Suite,2
Medical Cardiac Critical Care,Medical Ward,74
Medical Cardiac Critical Care,Medical/Surgical Ward,10
Medical Cardiac Critical Care,Neurology Ward,1
Medical Cardiac Critical Care,Operating Room/Suite,10
Medical Cardiac Critical Care,Pulmonary Ward,2
Medical Cardiac Critical Care,Medical Cardiac Critical Care,27
Medical Cardiac Critical Care,Medical Critical Care,4
Medical Cardiac Critical Care,Neurologic Critical Care,1
Medical Cardiac Critical Care,Surgical Cardiothoracic Critical Care,1
Medical Cardiac Critical Care,ONC General Hematology/Oncology Ward,4
Medical Cardiac Critical Care,Exit,20
Medical Critical Care,Medical Ward,67
Medical Critical Care,Medical/Surgical Ward,4
Medical Critical Care,Neurology Ward,2
Medical Critical Care,Neurosurgical Ward,1
Medical Critical Care,Operating Room/Suite,8
Medical Critical Care,Pulmonary Ward,12
Medical Critical Care,Medical Critical Care,31
Medical Critical Care,Neurologic Critical Care,2
Medical Critical Care,Surgical Cardiothoracic Critical Care,2
Medical Critical Care,Surgical Critical Care,1
Medical Critical Care,ONC Hematopoietic Stem Cell Transplant Ward,1
Medical Critical Care,ONC General Hematology/Oncology Ward,5
Medical Critical Care,Exit,26
Neonatal Critical Care (Level III),Operating Room/Suite,7
Neonatal Critical Care (Level III),Postpartum Ward,7
Neonatal Critical Care (Level III),Neonatal Critical Care (Level III),211
Neonatal Critical Care (Level III),Pediatric Cardiothoracic Critical Care,2
Neonatal Critical Care (Level III),Step down Neonatal Nursery (Level II),28
Neonatal Critical Care (Level III),ONC Pediatric General Hematology/Oncology Ward,1
Neonatal Critical Care (Level III),Exit,45
Neurologic Critical Care,Emergency Department,1
Neurologic Critical Care,Endoscopy Suite,1
Neurologic Critical Care,Medical Ward,13
Neurologic Critical Care,Medical/Surgical Ward,2
Neurologic Critical Care,Neurology Ward,16
Neurologic Critical Care,Neurosurgical Ward,80
Neurologic Critical Care,Operating Room/Suite,14
Neurologic Critical Care,Surgical Ward,2
Neurologic Critical Care,Medical Cardiac Critical Care,1
Neurologic Critical Care,Medical Critical Care,2
Neurologic Critical Care,Neurologic Critical Care,33
Neurologic Critical Care,ONC General Hematology/Oncology Ward,4
Neurologic Critical Care,ONC Pediatric General Hematology/Oncology Ward,1
Neurologic Critical Care,Exit,57
Pediatric Cardiothoracic Critical Care,Pediatric Medical Ward,13
Pediatric Cardiothoracic Critical Care,Operating Room/Suite,11
Pediatric Cardiothoracic Critical Care,Neonatal Critical Care (Level III),2
Pediatric Cardiothoracic Critical Care,Pediatric Cardiothoracic Critical Care,42
Pediatric Cardiothoracic Critical Care,Pediatric Medical/Surgical Critical Care,1
Pediatric Cardiothoracic Critical Care,Pediatric Step Down Unit (post-critical care),14
Pediatric Cardiothoracic Critical Care,ONC Pediatric General Hematology/Oncology Ward,2
Pediatric Cardiothoracic Critical Care,Exit,9
Pediatric Medical/Surgical Critical Care,Pediatric Medical Ward,24
Pediatric Medical/Surgical Critical Care,Medical Ward,1
Pediatric Medical/Surgical Critical Care,Neurology Ward,1
Pediatric Medical/Surgical Critical Care,Neurosurgical Ward,2
Pediatric Medical/Surgical Critical Care,Operating Room/Suite,11
Pediatric Medical/Surgical Critical Care,Neonatal Critical Care (Level III),1
Pediatric Medical/Surgical Critical Care,Pediatric Cardiothoracic Critical Care,1
Pediatric Medical/Surgical Critical Care,Pediatric Medical/Surgical Critical Care,37
Pediatric Medical/Surgical Critical Care,Pediatric Step Down Unit (post-critical care),18
Pediatric Medical/Surgical Critical Care,ONC Pediatric Hematopoietic Stem Cell Transplant Ward,3
Pediatric Medical/Surgical Critical Care,ONC Pediatric General Hematology/Oncology Ward,23
Pediatric Medical/Surgical Critical Care,Exit,14
Pediatric Step Down Unit (post-critical care),Pediatric Medical Ward,28
Pediatric Step Down Unit (post-critical care),Operating Room/Suite,2
Pediatric Step Down Unit (post-critical care),Pediatric Cardiothoracic Critical Care,5
Pediatric Step Down Unit (post-critical care),Pediatric Medical/Surgical Critical Care,4
Pediatric Step Down Unit (post-critical care),Pediatric Step Down Unit (post-critical care),27
Pediatric Step Down Unit (post-critical care),ONC Pediatric General Hematology/Oncology Ward,7
Pediatric Step Down Unit (post-critical care),Exit,25
Step down Neonatal Nursery (Level II),Pediatric Medical Ward,1
Step down Neonatal Nursery (Level II),Operating Room/Suite,1
Step down Neonatal Nursery (Level II),Neonatal Critical Care (Level III),19
Step down Neonatal Nursery (Level II),Step down Neonatal Nursery (Level II),23
Step down Neonatal Nursery (Level II),Exit,7
Surgical Cardiothoracic Critical Care,Adult Step Down Unit (post-critical care),45
Surgical Cardiothoracic Critical Care,Medical/Surgical Ward,127
Surgical Cardiothoracic Critical Care,Operating Room/Suite,60
Surgical Cardiothoracic Critical Care,Pulmonary Ward,1
Surgical Cardiothoracic Critical Care,Surgical Ward,1
Surgical Cardiothoracic Critical Care,Medical Cardiac Critical Care,2
Surgical Cardiothoracic Critical Care,Medical Critical Care,3
Surgical Cardiothoracic Critical Care,Surgical Cardiothoracic Critical Care,39
Surgical Cardiothoracic Critical Care,Surgical Critical Care,2
Surgical Cardiothoracic Critical Care,Exit,10
Surgical Critical Care,Adult Step Down Unit (post-critical care),3
Surgical Critical Care,Endoscopy Suite,1
Surgical Critical Care,Medical Ward,22
Surgical Critical Care,Medical/Surgical Ward,12
Surgical Critical Care,Neurology Ward,3
Surgical Critical Care,Neurosurgical Ward,2
Surgical Critical Care,Operating Room/Suite,63
Surgical Critical Care,Postpartum Ward,2
Surgical Critical Care,Pulmonary Ward,1
Surgical Critical Care,Surgical Ward,51
Surgical Critical Care,Medical Cardiac Critical Care,1
Surgical Critical Care,Medical Critical Care,2
Surgical Critical Care,Neurologic Critical Care,2
Surgical Critical Care,Surgical Cardiothoracic Critical Care,1
Surgical Critical Care,Surgical Critical Care,37
Surgical Critical Care,ONC General Hematology/Oncology Ward,18
Surgical Critical Care,Exit,20
ONC Hematopoietic Stem Cell Transplant Ward,Endoscopy Suite,9
ONC Hematopoietic Stem Cell Transplant Ward,Operating Room/Suite,4
ONC Hematopoietic Stem Cell Transplant Ward,Medical Cardiac Critical Care,1
ONC Hematopoietic Stem Cell Transplant Ward,Medical Critical Care,1
ONC Hematopoietic Stem Cell Transplant Ward,ONC Hematopoietic Stem Cell Transplant Ward,24
ONC Hematopoietic Stem Cell Transplant Ward,ONC General Hematology/Oncology Ward,3
ONC Hematopoietic Stem Cell Transplant Ward,Exit,64
ONC General Hematology/Oncology Ward,Emergency Department,1
ONC General Hematology/Oncology Ward,Endoscopy Suite,33
ONC General Hematology/Oncology Ward,Medical Ward,7
ONC General Hematology/Oncology Ward,Operating Room/Suite,55
ONC General Hematology/Oncology Ward,Surgical Ward,3
ONC General Hematology/Oncology Ward,Medical Cardiac Critical Care,5
ONC General Hematology/Oncology Ward,Medical Critical Care,6
ONC General Hematology/Oncology Ward,Neurologic Critical Care,3
ONC General Hematology/Oncology Ward,Surgical Critical Care,5
ONC General Hematology/Oncology Ward,ONC General Hematology/Oncology Ward,174
ONC General Hematology/Oncology Ward,Exit,494
ONC Pediatric Hematopoietic Stem Cell Transplant Ward,Operating Room/Suite,1
ONC Pediatric Hematopoietic Stem Cell Transplant Ward,Pediatric Medical/Surgical Critical Care,3
ONC Pediatric Hematopoietic Stem Cell Transplant Ward,ONC Pediatric Hematopoietic Stem Cell Transplant Ward,8
ONC Pediatric Hematopoietic Stem Cell Transplant Ward,Exit,9
ONC Pediatric General Hematology/Oncology Ward,Endoscopy Suite,1
ONC Pediatric General Hematology/Oncology Ward,Pediatric Medical Ward,1
ONC Pediatric General Hematology/Oncology Ward,Operating Room/Suite,16
ONC Pediatric General Hematology/Oncology Ward,Pediatric Medical/Surgical Critical Care,6
ONC Pediatric General Hematology/Oncology Ward,ONC Pediatric General Hematology/Oncology Ward,63
ONC Pediatric General Hematology/Oncology Ward,Exit,198
