source,destination,count
Entry,24-Hour Observation Area,83
Entry,Adult Step Down Unit (post-critical care),21
Entry,Ambulatory Surgery Center,548
Entry,Emergency Department,6578
Entry,Endoscopy Suite,12
Entry,Behavioral Health/Psych Ward,28
Entry,Pediatric Medical Ward,37
Entry,Medical Ward,270
Entry,Medical/Surgical Ward,134
Entry,Neurology Ward,42
Entry,Neurosurgical Ward,31
Entry,Operating Room/Suite,1545
Entry,Postpartum Ward,136
Entry,Pulmonary Ward,38
Entry,Surgical Ward,68
Entry,"Labor, Delivery, Recovery, Postpartum Suite (LDRP)",491
Entry,Medical Cardiac Critical Care,46
Entry,Medical Critical Care,27
Entry,Neonatal Critical Care (Level III),40
Entry,Neurologic Critical Care,24
Entry,Pediatric Cardiothoracic Critical Care,13
Entry,Pediatric Medical/Surgical Critical Care,28
Entry,Pediatric Step Down Unit (post-critical care),21
Entry,Surgical Cardiothoracic Critical Care,12
Entry,Surgical Critical Care,8
Entry,ONC Hematopoietic Stem Cell Transplant Ward,37
Entry,ONC General Hematology/Oncology Ward,159
Entry,ONC Pediatric Hematopoietic Stem Cell Transplant Ward,18
Entry,ONC Pediatric General Hematology/Oncology Ward,94
24-Hour Observation Area,24-Hour Observation Area,3
24-Hour Observation Area,Medical Ward,6
24-Hour Observation Area,Medical/Surgical Ward,1
24-Hour Observation Area,Neurosurgical Ward,1
24-Hour Observation Area,Operating Room/Suite,12
24-Hour Observation Area,Surgical Ward,5
24-Hour Observation Area,ONC General Hematology/Oncology Ward,1
24-Hour Observation Area,Exit,184
Adult Step Down Unit (post-critical care),Adult Step Down Unit (post-critical care),5
Adult Step Down Unit (post-critical care),Endoscopy Suite,7
Adult Step Down Unit (post-critical care),Medical Ward,2
Adult Step Down Unit (post-critical care),Medical/Surgical Ward,1
Adult Step Down Unit (post-critical care),Operating Room/Suite,27
Adult Step Down Unit (post-critical care),Surgical Ward,1
Adult Step Down Unit (post-critical care),Medical Cardiac Critical Care,1
Adult Step Down Unit (post-critical care),Medical Critical Care,1
Adult Step Down Unit (post-critical care),Neurologic Critical Care,1
Adult Step Down Unit (post-critical care),Surgical Cardiothoracic Critical Care,6
Adult Step Down Unit (post-critical care),ONC General Hematology/Oncology Ward,1
Adult Step Down Unit (post-critical care),Exit,80
Ambulatory Surgery Center,Adult Step Down Unit (post-critical care),1
Ambulatory Surgery Center,Medical/Surgical Ward,1
Ambulatory Surgery Center,Operating Room/Suite,2
Ambulatory Surgery Center,Exit,544
Emergency Department,Adult Step Down Unit (post-critical care),20
Emergency Department,Emergency Department,14032
Emergency Department,Endoscopy Suite,12
Emergency Department,Pediatric Medical Ward,87
Emergency Department,Medical Ward,516
Emergency Department,Medical/Surgical Ward,149
Emergency Department,Neurology Ward,84
Emergency Department,Neurosurgical Ward,91
Emergency Department,Operating Room/Suite,97
Emergency Department,Pulmonary Ward,74
Emergency Department,Surgical Ward,188
Emergency Department,"Labor, Delivery, Recovery, Postpartum Suite (LDRP)",2
Emergency Department,Medical Cardiac Critical Care,41
Emergency Department,Medical Critical Care,46
Emergency Department,Neurologic Critical Care,54
Emergency Department,Pediatric Cardiothoracic Critical Care,3
Emergency Department,Pediatric Medical/Surgical Critical Care,34
Emergency Department,Pediatric Step Down Unit (post-critical care),10
Emergency Department,Surgical Cardiothoracic Critical Care,3
Emergency Department,Surgical Critical Care,25
Emergency Department,ONC Hematopoietic Stem Cell Transplant Ward,14
Emergency Department,ONC General Hematology/Oncology Ward,178
Emergency Department,ONC Pediatric Hematopoietic Stem Cell Transplant Ward,2
Emergency Department,ONC Pediatric General Hematology/Oncology Ward,80
Emergency Department,Exit,4855
Endoscopy Suite,Adult Step Down Unit (post-critical care),7
Endoscopy Suite,Emergency Department,11
Endoscopy Suite,Medical Ward,47
Endoscopy Suite,Medical/Surgical Ward,25
Endoscopy Suite,Neurology Ward,1
Endoscopy Suite,Pulmonary Ward,12
Endoscopy Suite,Surgical Ward,18
Endoscopy Suite,Surgical Cardiothoracic Critical Care,1
Endoscopy Suite,Surgical Critical Care,2
Endoscopy Suite,ONC Hematopoietic Stem Cell Transplant Ward,8
Endoscopy Suite,ONC General Hematology/Oncology Ward,22
Endoscopy Suite,Exit,12
Behavioral Health/Psych Ward,Behavioral Health/Psych Ward,7
Behavioral Health/Psych Ward,Exit,29
Pediatric Medical Ward,Pediatric Medical Ward,11
Pediatric Medical Ward,Operating Room/Suite,38
Pediatric Medical Ward,Pediatric Medical/Surgical Critical Care,14
Pediatric Medical Ward,ONC Pediatric General Hematology/Oncology Ward,2
Pediatric Medical Ward,Exit,220
Medical Ward,Adult Step Down Unit (post-critical care),2
Medical Ward,Emergency Department,4
Medical Ward,Endoscopy Suite,47
Medical Ward,Medical Ward,75
Medical Ward,Medical/Surgical Ward,4
Medical Ward,Neurosurgical Ward,1
Medical Ward,Operating Room/Suite,91
Medical Ward,Pulmonary Ward,2
Medical Ward,Surgical Ward,2
Medical Ward,Medical Cardiac Critical Care,36
Medical Ward,Medical Critical Care,12
Medical Ward,Neurologic Critical Care,3
Medical Ward,Surgical Critical Care,3
Medical Ward,ONC General Hematology/Oncology Ward,12
Medical Ward,Exit,884
Medical/Surgical Ward,Emergency Department,2
Medical/Surgical Ward,Endoscopy Suite,25
Medical/Surgical Ward,Medical Ward,9
Medical/Surgical Ward,Medical/Surgical Ward,42
Medical/Surgical Ward,Operating Room/Suite,130
Medical/Surgical Ward,Postpartum Ward,4
Medical/Surgical Ward,Pulmonary Ward,2
Medical/Surgical Ward,Surgical Ward,8
Medical/Surgical Ward,"Labor, Delivery, Recovery, Postpartum Suite (LDRP)",2
Medical/Surgical Ward,Medical Cardiac Critical Care,1
Medical/Surgical Ward,Neurologic Critical Care,1
Medical/Surgical Ward,Surgical Cardiothoracic Critical Care,11
Medical/Surgical Ward,Surgical Critical Care,4
Medical/Surgical Ward,ONC Hematopoietic Stem Cell Transplant Ward,1
Medical/Surgical Ward,ONC General Hematology/Oncology Ward,13
Medical/Surgical Ward,Exit,406
Neurology Ward,Emergency Department,2
Neurology Ward,Endoscopy Suite,1
Neurology Ward,Medical Ward,1
Neurology Ward,Neurology Ward,12
Neurology Ward,Operating Room/Suite,35
Neurology Ward,Medical Cardiac Critical Care,1
Neurology Ward,Medical Critical Care,2
Neurology Ward,Neurologic Critical Care,6
Neurology Ward,Surgical Critical Care,1
Neurology Ward,ONC General Hematology/Oncology Ward,2
Neurology Ward,Exit,188
Neurosurgical Ward,Emergency Department,2
Neurosurgical Ward,Medical Ward,2
Neurosurgical Ward,Neurology Ward,1
Neurosurgical Ward,Neurosurgical Ward,2
Neurosurgical Ward,Operating Room/Suite,34
Neurosurgical Ward,Pulmonary Ward,1
Neurosurgical Ward,Surgical Ward,1
Neurosurgical Ward,Neurologic Critical Care,11
Neurosurgical Ward,ONC Pediatric General Hematology/Oncology Ward,1
Neurosurgical Ward,Exit,181
Operating Room/Suite,24-Hour Observation Area,122
Operating Room/Suite,Adult Step Down Unit (post-critical care),20
Operating Room/Suite,Emergency Department,2
Operating Room/Suite,Pediatric Medical Ward,88
Operating Room/Suite,Medical Ward,67
Operating Room/Suite,Medical/Surgical Ward,150
Operating Room/Suite,Neurology Ward,80
Operating Room/Suite,Neurosurgical Ward,42
Operating Room/Suite,Operating Room/Suite,143
Operating Room/Suite,Postpartum Ward,1
Operating Room/Suite,Pulmonary Ward,4
Operating Room/Suite,Surgical Ward,368
Operating Room/Suite,"Labor, Delivery, Recovery, Postpartum Suite (LDRP)",1
Operating Room/Suite,Medical Cardiac Critical Care,8
Operating Room/Suite,Medical Critical Care,10
Operating Room/Suite,Neonatal Critical Care (Level III),15
Operating Room/Suite,Neurologic Critical Care,106
Operating Room/Suite,Pediatric Cardiothoracic Critical Care,29
Operating Room/Suite,Pediatric Medical/Surgical Critical Care,28
Operating Room/Suite,Pediatric Step Down Unit (post-critical care),3
Operating Room/Suite,Step down Neonatal Nursery (Level II),1
Operating Room/Suite,Surgical Cardiothoracic Critical Care,203
Operating Room/Suite,Surgical Critical Care,131
Operating Room/Suite,ONC Hematopoietic Stem Cell Transplant Ward,1
Operating Room/Suite,ONC General Hematology/Oncology Ward,160
Operating Room/Suite,ONC Pediatric Hematopoietic Stem Cell Transplant Ward,2
Operating Room/Suite,ONC Pediatric General Hematology/Oncology Ward,13
Operating Room/Suite,Exit,779
Postpartum Ward,Medical/Surgical Ward,4
Postpartum Ward,Postpartum Ward,42
Postpartum Ward,"Labor, Delivery, Recovery, Postpartum Suite (LDRP)",18
Postpartum Ward,Neonatal Critical Care (Level III),4
Postpartum Ward,Exit,547
Pulmonary Ward,Endoscopy Suite,12
Pulmonary Ward,Operating Room/Suite,6
Pulmonary Ward,Pulmonary Ward,9
Pulmonary Ward,Medical Cardiac Critical Care,1
Pulmonary Ward,Medical Critical Care,8
Pulmonary Ward,Neurologic Critical Care,4
Pulmonary Ward,Surgical Cardiothoracic Critical Care,2
Pulmonary Ward,ONC General Hematology/Oncology Ward,2
Pulmonary Ward,Exit,112
Surgical Ward,Emergency Department,5
Surgical Ward,Endoscopy Suite,18
Surgical Ward,Medical Ward,6
Surgical Ward,Operating Room/Suite,114
Surgical Ward,Pulmonary Ward,1
Surgical Ward,Surgical Ward,31
Surgical Ward,Medical Cardiac Critical Care,4
Surgical Ward,Medical Critical Care,3
Surgical Ward,Surgical Critical Care,7
Surgical Ward,ONC General Hematology/Oncology Ward,10
Surgical Ward,ONC Pediatric General Hematology/Oncology Ward,1
Surgical Ward,Exit,553
"Labor, Delivery, Recovery, Postpartum Suite (LDRP)",Medical/Surgical Ward,7
"Labor, Delivery, Recovery, Postpartum Suite (LDRP)",Operating Room/Suite,3
"Labor, Delivery, Recovery, Postpartum Suite (LDRP)",Postpartum Ward,425
"Labor, Delivery, Recovery, Postpartum Suite (LDRP)","Labor, Delivery, Recovery, Postpartum Suite (LDRP)",64
"Labor, Delivery, Recovery, Postpartum Suite (LDRP)",Medical Cardiac Critical Care,1
"Labor, Delivery, Recovery, Postpartum Suite (LDRP)",Neonatal Critical Care (Level III),21
"Labor, Delivery, Recovery, Postpartum Suite (LDRP)",Pediatric Cardiothoracic Critical Care,3
"Labor, Delivery, Recovery, Postpartum Suite (LDRP)",Surgical Critical Care,2
"Labor, Delivery, Recovery, Postpartum Suite (LDRP)",Exit,57
Medical Cardiac Critical Care,Adult Step Down Unit (post-critical care),1
Medical Cardiac Critical Care,Medical Ward,99
Medical Cardiac Critical Care,Medical/Surgical Ward,3
Medical Cardiac Critical Care,Neurology Ward,1
Medical Cardiac Critical Care,Neurosurgical Ward,1
Medical Cardiac Critical Care,Operating Room/Suite,18
Medical Cardiac Critical Care,Pulmonary Ward,1
Medical Cardiac Critical Care,Surgical Ward,1
Medical Cardiac Critical Care,Medical Cardiac Critical Care,2
Medical Cardiac Critical Care,Medical Critical Care,2
Medical Cardiac Critical Care,Surgical Cardiothoracic Critical Care,2
Medical Cardiac Critical Care,ONC General Hematology/Oncology Ward,6
Medical Cardiac Critical Care,Exit,18
Medical Critical Care,Pediatric Medical Ward,1
Medical Critical Care,Medical Ward,56
Medical Critical Care,Medical/Surgical Ward,1
Medical Critical Care,Neurology Ward,1
Medical Critical Care,Neurosurgical Ward,1
Medical Critical Care,Operating Room/Suite,8
Medical Critical Care,Pulmonary Ward,16
Medical Critical Care,Surgical Ward,4
Medical Critical Care,Medical Cardiac Critical Care,1
Medical Critical Care,Neurologic Critical Care,1
Medical Critical Care,Surgical Critical Care,1
Medical Critical Care,ONC Hematopoietic Stem Cell Transplant Ward,2
Medical Critical Care,ONC General Hematology/Oncology Ward,13
Medical Critical Care,ONC Pediatric General Hematology/Oncology Ward,1
Medical Critical Care,Exit,24
Neonatal Critical Care (Level III),Pediatric Medical Ward,2
Neonatal Critical Care (Level III),Operating Room/Suite,15
Neonatal Critical Care (Level III),Postpartum Ward,3
Neonatal Critical Care (Level III),"Labor, Delivery, Recovery, Postpartum Suite (LDRP)",2
Neonatal Critical Care (Level III),Neonatal Critical Care (Level III),168
Neonatal Critical Care (Level III),Pediatric Medical/Surgical Critical Care,2
Neonatal Critical Care (Level III),Step down Neonatal Nursery (Level II),34
Neonatal Critical Care (Level III),Exit,42
Neurologic Critical Care,Adult Step Down Unit (post-critical care),2
Neurologic Critical Care,Medical Ward,17
Neurologic Critical Care,Neurology Ward,27
Neurologic Critical Care,Neurosurgical Ward,65
Neurologic Critical Care,Operating Room/Suite,32
Neurologic Critical Care,Pulmonary Ward,2
Neurologic Critical Care,Surgical Ward,3
Neurologic Critical Care,Medical Cardiac Critical Care,1
Neurologic Critical Care,Medical Critical Care,4
Neurologic Critical Care,ONC Hematopoietic Stem Cell Transplant Ward,1
Neurologic Critical Care,ONC General Hematology/Oncology Ward,1
Neurologic Critical Care,Exit,64
Pediatric Cardiothoracic Critical Care,Pediatric Medical Ward,3
Pediatric Cardiothoracic Critical Care,Operating Room/Suite,16
Pediatric Cardiothoracic Critical Care,Postpartum Ward,2
Pediatric Cardiothoracic Critical Care,Pediatric Cardiothoracic Critical Care,39
Pediatric Cardiothoracic Critical Care,Pediatric Medical/Surgical Critical Care,1
Pediatric Cardiothoracic Critical Care,Pediatric Step Down Unit (post-critical care),32
Pediatric Cardiothoracic Critical Care,Surgical Cardiothoracic Critical Care,1
Pediatric Cardiothoracic Critical Care,Exit,9
Pediatric Medical/Surgical Critical Care,Pediatric Medical Ward,34
Pediatric Medical/Surgical Critical Care,Neurosurgical Ward,2
Pediatric Medical/Surgical Critical Care,Operating Room/Suite,8
Pediatric Medical/Surgical Critical Care,Medical Critical Care,1
Pediatric Medical/Surgical Critical Care,Neonatal Critical Care (Level III),1
Pediatric Medical/Surgical Critical Care,Neurologic Critical Care,1
Pediatric Medical/Surgical Critical Care,Pediatric Cardiothoracic Critical Care,4
Pediatric Medical/Surgical Critical Care,Pediatric Medical/Surgical Critical Care,23
Pediatric Medical/Surgical Critical Care,Pediatric Step Down Unit (post-critical care),5
Pediatric Medical/Surgical Critical Care,ONC Pediatric Hematopoietic Stem Cell Transplant Ward,7
Pediatric Medical/Surgical Critical Care,ONC Pediatric General Hematology/Oncology Ward,38
Pediatric Medical/Surgical Critical Care,Exit,20
Pediatric Step Down Unit (post-critical care),Pediatric Medical Ward,5
Pediatric Step Down Unit (post-critical care),Operating Room/Suite,6
Pediatric Step Down Unit (post-critical care),Neonatal Critical Care (Level III),1
Pediatric Step Down Unit (post-critical care),Pediatric Cardiothoracic Critical Care,7
Pediatric Step Down Unit (post-critical care),Pediatric Medical/Surgical Critical Care,2
Pediatric Step Down Unit (post-critical care),Pediatric Step Down Unit (post-critical care),15
Pediatric Step Down Unit (post-critical care),Exit,56
Step down Neonatal Nursery (Level II),Operating Room/Suite,1
Step down Neonatal Nursery (Level II),Neonatal Critical Care (Level III),18
Step down Neonatal Nursery (Level II),Step down Neonatal Nursery (Level II),5
Step down Neonatal Nursery (Level II),Exit,14
Surgical Cardiothoracic Critical Care,Adult Step Down Unit (post-critical care),49
Surgical Cardiothoracic Critical Care,Endoscopy Suite,1
Surgical Cardiothoracic Critical Care,Medical Ward,1
Surgical Cardiothoracic Critical Care,Medical/Surgical Ward,122
Surgical Cardiothoracic Critical Care,Operating Room/Suite,50
Surgical Cardiothoracic Critical Care,Pulmonary Ward,2
Surgical Cardiothoracic Critical Care,Surgical Ward,1
Surgical Cardiothoracic Critical Care,Medical Cardiac Critical Care,6
Surgical Cardiothoracic Critical Care,Medical Critical Care,1
Surgical Cardiothoracic Critical Care,Neurologic Critical Care,1
Surgical Cardiothoracic Critical Care,Surgical Cardiothoracic Critical Care,5
Surgical Cardiothoracic Critical Care,Exit,9
Surgical Critical Care,Endoscopy Suite,2
Surgical Critical Care,Medical Ward,14
Surgical Critical Care,Medical/Surgical Ward,9
Surgical Critical Care,Neurology Ward,3
Surgical Critical Care,Operating Room/Suite,65
Surgical Critical Care,Postpartum Ward,3
Surgical Critical Care,Pulmonary Ward,1
Surgical Critical Care,Surgical Ward,53
Surgical Critical Care,Medical Critical Care,3
Surgical Critical Care,Neurologic Critical Care,2
Surgical Critical Care,Surgical Critical Care,3
Surgical Critical Care,ONC General Hematology/Oncology Ward,22
Surgical Critical Care,Exit,22
ONC Hematopoietic Stem Cell Transplant Ward,Endoscopy Suite,8
ONC Hematopoietic Stem Cell Transplant Ward,Medical Ward,1
ONC Hematopoietic Stem Cell Transplant Ward,Medical Critical Care,2
ONC Hematopoietic Stem Cell Transplant Ward,Neurologic Critical Care,2
ONC Hematopoietic Stem Cell Transplant Ward,Surgical Critical Care,1
ONC Hematopoietic Stem Cell Transplant Ward,ONC Hematopoietic Stem Cell Transplant Ward,5
ONC Hematopoietic Stem Cell Transplant Ward,ONC General Hematology/Oncology Ward,6
ONC Hematopoietic Stem Cell Transplant Ward,Exit,43
ONC General Hematology/Oncology Ward,Endoscopy Suite,22
ONC General Hematology/Oncology Ward,Medical Ward,1
ONC General Hematology/Oncology Ward,Neurology Ward,1
ONC General Hematology/Oncology Ward,Operating Room/Suite,59
ONC General Hematology/Oncology Ward,Surgical Ward,5
ONC General Hematology/Oncology Ward,Medical Cardiac Critical Care,4
ONC General Hematology/Oncology Ward,Medical Critical Care,9
ONC General Hematology/Oncology Ward,Neurologic Critical Care,1
ONC General Hematology/Oncology Ward,Surgical Cardiothoracic Critical Care,1
ONC General Hematology/Oncology Ward,Surgical Critical Care,10
ONC General Hematology/Oncology Ward,ONC General Hematology/Oncology Ward,37
ONC General Hematology/Oncology Ward,Exit,497
ONC Pediatric Hematopoietic Stem Cell Transplant Ward,Operating Room/Suite,2
ONC Pediatric Hematopoietic Stem Cell Transplant Ward,Pediatric Medical/Surgical Critical Care,5
ONC Pediatric Hematopoietic Stem Cell Transplant Ward,ONC Pediatric Hematopoietic Stem Cell Transplant Ward,3
ONC Pediatric Hematopoietic Stem Cell Transplant Ward,ONC Pediatric General Hematology/Oncology Ward,3
ONC Pediatric Hematopoietic Stem Cell Transplant Ward,Exit,16
ONC Pediatric General Hematology/Oncology Ward,Pediatric Medical Ward,1
ONC Pediatric General Hematology/Oncology Ward,Neurosurgical Ward,1
ONC Pediatric General Hematology/Oncology Ward,Operating Room/Suite,13
ONC Pediatric General Hematology/Oncology Ward,Pediatric Cardiothoracic Critical Care,1
ONC Pediatric General Hematology/Oncology Ward,Pediatric Medical/Surgical Critical Care,9
ONC Pediatric General Hematology/Oncology Ward,Pediatric Step Down Unit (post-critical care),1
ONC Pediatric General Hematology/Oncology Ward,ONC Pediatric General Hematology/Oncology Ward,21
ONC Pediatric General Hematology/Oncology Ward,Exit,207
