source,destination,count
Entry,24-Hour Observation Area,97
Entry,Adult Step Down Unit (post-critical care),15
Entry,Ambulatory Surgery Center,602
Entry,Emergency Department,6809
Entry,Endoscopy Suite,23
Entry,Behavioral Health/Psych Ward,47
Entry,Pediatric Medical Ward,71
Entry,Medical Ward,276
Entry,Medical/Surgical Ward,132
Entry,Neurology Ward,54
Entry,Neurosurgical Ward,43
Entry,Operating Room/Suite,1764
Entry,Postpartum Ward,116
Entry,Pulmonary Ward,35
Entry,Surgical Ward,63
Entry,"Labor, Delivery, Recovery, Postpartum Suite (LDRP)",468
Entry,Medical Cardiac Critical Care,47
Entry,Medical Critical Care,19
Entry,Neonatal Critical Care (Level III),41
Entry,Neurologic Critical Care,23
Entry,Pediatric Cardiothoracic Critical Care,16
Entry,Pediatric Medical/Surgical Critical Care,23
Entry,Pediatric Step Down Unit (post-critical care),8
Entry,Surgical Cardiothoracic Critical Care,17
Entry,Surgical Critical Care,5
Entry,ONC Hematopoietic Stem Cell Transplant Ward,37
Entry,ONC General Hematology/Oncology Ward,192
Entry,ONC Pediatric Hematopoietic Stem Cell Transplant Ward,14
Entry,ONC Pediatric General Hematology/Oncology Ward,93
24-Hour Observation Area,24-Hour Observation Area,4
24-Hour Observation Area,Medical Ward,3
24-Hour Observation Area,Medical/Surgical Ward,2
24-Hour Observation Area,Operating Room/Suite,26
24-Hour Observation Area,Surgical Ward,5
24-Hour Observation Area,Surgical Cardiothoracic Critical Care,1
24-Hour Observation Area,ONC General Hematology/Oncology Ward,5
24-Hour Observation Area,Exit,182
Adult Step Down Unit (post-critical care),Adult Step Down Unit (post-critical care),6
Adult Step Down Unit (post-critical care),Endoscopy Suite,4
Adult Step Down Unit (post-critical care),Medical Ward,3
Adult Step Down Unit (post-critical care),Medical/Surgical Ward,1
Adult Step Down Unit (post-critical care),Operating Room/Suite,13
Adult Step Down Unit (post-critical care),Surgical Ward,1
Adult Step Down Unit (post-critical care),Medical Critical Care,1
Adult Step Down Unit (post-critical care),Surgical Cardiothoracic Critical Care,8
Adult Step Down Unit (post-critical care),ONC General Hematology/Oncology Ward,1
Adult Step Down Unit (post-critical care),Exit,94
Ambulatory Surgery Center,Medical/Surgical Ward,2
Ambulatory Surgery Center,Operating Room/Suite,1
Ambulatory Surgery Center,Surgical Ward,1
Ambulatory Surgery Center,Exit,599
Emergency Department,Adult Step Down Unit (post-critical care),18
Emergency Department,Emergency Department,14678
Emergency Department,Endoscopy Suite,6
Emergency Department,Pediatric Medical Ward,77
Emergency Department,Medical Ward,538
Emergency Department,Medical/Surgical Ward,82
Emergency Department,Neurology Ward,74
Emergency Department,Neurosurgical Ward,92
Emergency Department,Operating Room/Suite,94
Emergency Department,Pulmonary Ward,78
Emergency Department,Surgical Ward,190
Emergency Department,"Labor, Delivery, Recovery, Postpartum Suite (LDRP)",3
Emergency Department,Medical Cardiac Critical Care,46
Emergency Department,Medical Critical Care,53
Emergency Department,Neurologic Critical Care,26
Emergency Department,Pediatric Cardiothoracic Critical Care,2
Emergency Department,Pediatric Medical/Surgical Critical Care,26
Emergency Department,Pediatric Step Down Unit (post-critical care),14
Emergency Department,Surgical Cardiothoracic Critical Care,3
Emergency Department,Surgical Critical Care,18
Emergency Department,ONC Hematopoietic Stem Cell Transplant Ward,2
Emergency Department,ONC General Hematology/Oncology Ward,203
Emergency Department,ONC Pediatric General Hematology/Oncology Ward,100
Emergency Department,Exit,5067
Endoscopy Suite,Adult Step Down Unit (post-critical care),4
Endoscopy Suite,Emergency Department,6
Endoscopy Suite,Medical Ward,36
Endoscopy Suite,Medical/Surgical Ward,14
Endoscopy Suite,Neurology Ward,3
Endoscopy Suite,Neurosurgical Ward,3
Endoscopy Suite,Pulmonary Ward,11
Endoscopy Suite,Surgical Ward,7
Endoscopy Suite,ONC Hematopoietic Stem Cell Transplant Ward,1
Endoscopy Suite,ONC General Hematology/Oncology Ward,17
Endoscopy Suite,Exit,21
Behavioral Health/Psych Ward,Behavioral Health/Psych Ward,3
Behavioral Health/Psych Ward,Exit,47
Pediatric Medical Ward,Pediatric Medical Ward,5
Pediatric Medical Ward,Operating Room/Suite,48
Pediatric Medical Ward,Pediatric Cardiothoracic Critical Care,3
Pediatric Medical Ward,Pediatric Medical/Surgical Critical Care,6
Pediatric Medical Ward,Pediatric Step Down Unit (post-critical care),3
Pediatric Medical Ward,ONC Pediatric General Hematology/Oncology Ward,1
Pediatric Medical Ward,Exit,267
Medical Ward,Endoscopy Suite,36
Medical Ward,Medical Ward,70
Medical Ward,Neurosurgical Ward,1
Medical Ward,Operating Room/Suite,118
Medical Ward,Pulmonary Ward,1
Medical Ward,Surgical Ward,2
Medical Ward,Medical Cardiac Critical Care,23
Medical Ward,Medical Critical Care,22
Medical Ward,Neurologic Critical Care,3
Medical Ward,Surgical Critical Care,2
Medical Ward,ONC Hematopoietic Stem Cell Transplant Ward,2
Medical Ward,ONC General Hematology/Oncology Ward,11
Medical Ward,Exit,906
Medical/Surgical Ward,Endoscopy Suite,14
Medical/Surgical Ward,Medical Ward,6
Medical/Surgical Ward,Medical/Surgical Ward,20
Medical/Surgical Ward,Operating Room/Suite,119
Medical/Surgical Ward,Pulmonary Ward,7
Medical/Surgical Ward,Surgical Ward,19
Medical/Surgical Ward,"Labor, Delivery, Recovery, Postpartum Suite (LDRP)",1
Medical/Surgical Ward,Medical Cardiac Critical Care,5
Medical/Surgical Ward,Medical Critical Care,3
Medical/Surgical Ward,Surgical Cardiothoracic Critical Care,22
Medical/Surgical Ward,Surgical Critical Care,2
Medical/Surgical Ward,ONC General Hematology/Oncology Ward,3
Medical/Surgical Ward,Exit,299
Neurology Ward,Endoscopy Suite,3
Neurology Ward,Medical Ward,4
Neurology Ward,Medical/Surgical Ward,1
Neurology Ward,Neurology Ward,25
Neurology Ward,Operating Room/Suite,27
Neurology Ward,Surgical Ward,2
Neurology Ward,Medical Cardiac Critical Care,1
Neurology Ward,Medical Critical Care,3
Neurology Ward,Neurologic Critical Care,6
Neurology Ward,ONC General Hematology/Oncology Ward,1
Neurology Ward,Exit,205
Neurosurgical Ward,Endoscopy Suite,3
Neurosurgical Ward,Neurosurgical Ward,2
Neurosurgical Ward,Operating Room/Suite,51
Neurosurgical Ward,Pulmonary Ward,1
Neurosurgical Ward,Surgical Ward,2
Neurosurgical Ward,"Labor, Delivery, Recovery, Postpartum Suite (LDRP)",1
Neurosurgical Ward,Medical Cardiac Critical Care,1
Neurosurgical Ward,Medical Critical Care,4
Neurosurgical Ward,Neurologic Critical Care,5
Neurosurgical Ward,ONC General Hematology/Oncology Ward,2
Neurosurgical Ward,Exit,204
Operating Room/Suite,24-Hour Observation Area,131
Operating Room/Suite,Adult Step Down Unit (post-critical care),29
Operating Room/Suite,Ambulatory Surgery Center,1
Operating Room/Suite,Pediatric Medical Ward,99
Operating Room/Suite,Medical Ward,96
Operating Room/Suite,Medical/Surgical Ward,105
Operating Room/Suite,Neurology Ward,93
Operating Room/Suite,Neurosurgical Ward,65
Operating Room/Suite,Operating Room/Suite,123
Operating Room/Suite,Postpartum Ward,1
Operating Room/Suite,Pulmonary Ward,4
Operating Room/Suite,Surgical Ward,408
Operating Room/Suite,"Labor, Delivery, Recovery, Postpartum Suite (LDRP)",1
Operating Room/Suite,Medical Cardiac Critical Care,3
Operating Room/Suite,Medical Critical Care,10
Operating Room/Suite,Neonatal Critical Care (Level III),12
Operating Room/Suite,Neurologic Critical Care,88
Operating Room/Suite,Pediatric Cardiothoracic Critical Care,30
Operating Room/Suite,Pediatric Medical/Surgical Critical Care,45
Operating Room/Suite,Pediatric Step Down Unit (post-critical care),17
Operating Room/Suite,Surgical Cardiothoracic Critical Care,219
Operating Room/Suite,Surgical Critical Care,93
Operating Room/Suite,ONC Hematopoietic Stem Cell Transplant Ward,1
Operating Room/Suite,ONC General Hematology/Oncology Ward,177
Operating Room/Suite,ONC Pediatric Hematopoietic Stem Cell Transplant Ward,14
Operating Room/Suite,ONC Pediatric General Hematology/Oncology Ward,36
Operating Room/Suite,Exit,830
Postpartum Ward,Postpartum Ward,54
Postpartum Ward,"Labor, Delivery, Recovery, Postpartum Suite (LDRP)",19
Postpartum Ward,Neonatal Critical Care (Level III),7
Postpartum Ward,ONC Pediatric General Hematology/Oncology Ward,1
Postpartum Ward,Exit,496
Pulmonary Ward,Endoscopy Suite,10
Pulmonary Ward,Medical Ward,9
Pulmonary Ward,Medical/Surgical Ward,1
Pulmonary Ward,Operating Room/Suite,4
Pulmonary Ward,Pulmonary Ward,14
Pulmonary Ward,Medical Cardiac Critical Care,2
Pulmonary Ward,Medical Critical Care,9
Pulmonary Ward,Surgical Critical Care,1
Pulmonary Ward,ONC General Hematology/Oncology Ward,4
Pulmonary Ward,Exit,124
Surgical Ward,Endoscopy Suite,7
Surgical Ward,Medical Ward,7
Surgical Ward,Medical/Surgical Ward,2
Surgical Ward,Neurology Ward,1
Surgical Ward,Neurosurgical Ward,1
Surgical Ward,Operating Room/Suite,130
Surgical Ward,Pulmonary Ward,2
Surgical Ward,Surgical Ward,30
Surgical Ward,Medical Cardiac Critical Care,1
Surgical Ward,Surgical Critical Care,12
Surgical Ward,ONC Hematopoietic Stem Cell Transplant Ward,1
Surgical Ward,ONC General Hematology/Oncology Ward,20
Surgical Ward,Exit,578
"Labor, Delivery, Recovery, Postpartum Suite (LDRP)",Medical Ward,1
"Labor, Delivery, Recovery, Postpartum Suite (LDRP)",Medical/Surgical Ward,2
"Labor, Delivery, Recovery, Postpartum Suite (LDRP)",Postpartum Ward,398
"Labor, Delivery, Recovery, Postpartum Suite (LDRP)","Labor, Delivery, Recovery, Postpartum Suite (LDRP)",67
"Labor, Delivery, Recovery, Postpartum Suite (LDRP)",Neonatal Critical Care (Level III),17
"Labor, Delivery, Recovery, Postpartum Suite (LDRP)",Pediatric Cardiothoracic Critical Care,1
"Labor, Delivery, Recovery, Postpartum Suite (LDRP)",Surgical Critical Care,1
"Labor, Delivery, Recovery, Postpartum Suite (LDRP)",ONC General Hematology/Oncology Ward,1
"Labor, Delivery, Recovery, Postpartum Suite (LDRP)",Exit,74
Medical Cardiac Critical Care,24-Hour Observation Area,1
Medical Cardiac Critical Care,Adult Step Down Unit (post-critical care),2
Medical Cardiac Critical Care,Medical Ward,85
Medical Cardiac Critical Care,Medical/Surgical Ward,3
Medical Cardiac Critical Care,Neurosurgical Ward,2
Medical Cardiac Critical Care,Operating Room/Suite,11
Medical Cardiac Critical Care,Pulmonary Ward,5
Medical Cardiac Critical Care,Medical Cardiac Critical Care,5
Medical Cardiac Critical Care,Medical Critical Care,1
Medical Cardiac Critical Care,Surgical Cardiothoracic Critical Care,5
Medical Cardiac Critical Care,Surgical Critical Care,1
Medical Cardiac Critical Care,ONC Hematopoietic Stem Cell Transplant Ward,1
Medical Cardiac Critical Care,Exit,20
Medical Critical Care,Adult Step Down Unit (post-critical care),3
Medical Critical Care,Medical Ward,54
Medical Critical Care,Neurology Ward,4
Medical Critical Care,Neurosurgical Ward,3
Medical Critical Care,Operating Room/Suite,8
Medical Critical Care,Pulmonary Ward,18
Medical Critical Care,Surgical Ward,2
Medical Critical Care,Medical Critical Care,5
Medical Critical Care,Neurologic Critical Care,1
Medical Critical Care,Pediatric Medical/Surgical Critical Care,2
Medical Critical Care,ONC Hematopoietic Stem Cell Transplant Ward,3
Medical Critical Care,ONC General Hematology/Oncology Ward,12
Medical Critical Care,Exit,34
Neonatal Critical Care (Level III),Operating Room/Suite,12
Neonatal Critical Care (Level III),Postpartum Ward,9
Neonatal Critical Care (Level III),Neonatal Critical Care (Level III),154
Neonatal Critical Care (Level III),Pediatric Medical/Surgical Critical Care,1
Neonatal Critical Care (Level III),Step down Neonatal Nursery (Level II),28
Neonatal Critical Care (Level III),Exit,50
Neurologic Critical Care,Medical Ward,1
Neurologic Critical Care,Medical/Surgical Ward,1
Neurologic Critical Care,Neurology Ward,18
Neurologic Critical Care,Neurosurgical Ward,64
Neurologic Critical Care,Operating Room/Suite,12
Neurologic Critical Care,Surgical Ward,1
Neurologic Critical Care,Medical Critical Care,1
Neurologic Critical Care,Neurologic Critical Care,6
Neurologic Critical Care,Pediatric Medical/Surgical Critical Care,1
Neurologic Critical Care,Surgical Critical Care,2
Neurologic Critical Care,ONC General Hematology/Oncology Ward,1
Neurologic Critical Care,Exit,45
Pediatric Cardiothoracic Critical Care,Adult Step Down Unit (post-critical care),1
Pediatric Cardiothoracic Critical Care,Pediatric Medical Ward,11
Pediatric Cardiothoracic Critical Care,Operating Room/Suite,7
Pediatric Cardiothoracic Critical Care,Postpartum Ward,1
Pediatric Cardiothoracic Critical Care,Pediatric Cardiothoracic Critical Care,21
Pediatric Cardiothoracic Critical Care,Pediatric Step Down Unit (post-critical care),23
Pediatric Cardiothoracic Critical Care,Exit,12
Pediatric Medical/Surgical Critical Care,Pediatric Medical Ward,43
Pediatric Medical/Surgical Critical Care,Medical Ward,1
Pediatric Medical/Surgical Critical Care,Neurosurgical Ward,1
Pediatric Medical/Surgical Critical Care,Operating Room/Suite,8
Pediatric Medical/Surgical Critical Care,Medical Critical Care,1
Pediatric Medical/Surgical Critical Care,Neonatal Critical Care (Level III),1
Pediatric Medical/Surgical Critical Care,Pediatric Medical/Surgical Critical Care,25
Pediatric Medical/Surgical Critical Care,Pediatric Step Down Unit (post-critical care),7
Pediatric Medical/Surgical Critical Care,ONC General Hematology/Oncology Ward,1
Pediatric Medical/Surgical Critical Care,ONC Pediatric Hematopoietic Stem Cell Transplant Ward,5
Pediatric Medical/Surgical Critical Care,ONC Pediatric General Hematology/Oncology Ward,26
Pediatric Medical/Surgical Critical Care,Exit,13
Pediatric Step Down Unit (post-critical care),Pediatric Medical Ward,21
Pediatric Step Down Unit (post-critical care),Operating Room/Suite,8
Pediatric Step Down Unit (post-critical care),Pediatric Cardiothoracic Critical Care,5
Pediatric Step Down Unit (post-critical care),Pediatric Medical/Surgical Critical Care,2
Pediatric Step Down Unit (post-critical care),Pediatric Step Down Unit (post-critical care),9
Pediatric Step Down Unit (post-critical care),ONC Pediatric General Hematology/Oncology Ward,5
Pediatric Step Down Unit (post-critical care),Exit,36
Step down Neonatal Nursery (Level II),Neonatal Critical Care (Level III),11
Step down Neonatal Nursery (Level II),Step down Neonatal Nursery (Level II),5
Step down Neonatal Nursery (Level II),Exit,18
Surgical Cardiothoracic Critical Care,24-Hour Observation Area,1
Surgical Cardiothoracic Critical Care,Adult Step Down Unit (post-critical care),56
Surgical Cardiothoracic Critical Care,Medical Ward,1
Surgical Cardiothoracic Critical Care,Medical/Surgical Ward,162
Surgical Cardiothoracic Critical Care,Operating Room/Suite,30
Surgical Cardiothoracic Critical Care,Pulmonary Ward,1
Surgical Cardiothoracic Critical Care,Medical Cardiac Critical Care,8
Surgical Cardiothoracic Critical Care,Pediatric Cardiothoracic Critical Care,1
Surgical Cardiothoracic Critical Care,Surgical Cardiothoracic Critical Care,15
Surgical Cardiothoracic Critical Care,ONC General Hematology/Oncology Ward,1
Surgical Cardiothoracic Critical Care,Exit,16
Surgical Critical Care,Adult Step Down Unit (post-critical care),1
Surgical Critical Care,Medical Ward,4
Surgical Critical Care,Medical/Surgical Ward,10
Surgical Critical Care,Neurology Ward,7
Surgical Critical Care,Neurosurgical Ward,2
Surgical Critical Care,Operating Room/Suite,26
Surgical Critical Care,Postpartum Ward,1
Surgical Critical Care,Surgical Ward,67
Surgical Critical Care,Medical Cardiac Critical Care,1
Surgical Critical Care,Medical Critical Care,2
Surgical Critical Care,Neurologic Critical Care,2
Surgical Critical Care,Surgical Critical Care,10
Surgical Critical Care,ONC General Hematology/Oncology Ward,8
Surgical Critical Care,Exit,7
ONC Hematopoietic Stem Cell Transplant Ward,Endoscopy Suite,1
ONC Hematopoietic Stem Cell Transplant Ward,Operating Room/Suite,1
ONC Hematopoietic Stem Cell Transplant Ward,Medical Cardiac Critical Care,1
ONC Hematopoietic Stem Cell Transplant Ward,Medical Critical Care,2
ONC Hematopoietic Stem Cell Transplant Ward,ONC Hematopoietic Stem Cell Transplant Ward,3
ONC Hematopoietic Stem Cell Transplant Ward,ONC General Hematology/Oncology Ward,15
ONC Hematopoietic Stem Cell Transplant Ward,Exit,46
ONC General Hematology/Oncology Ward,Emergency Department,1
ONC General Hematology/Oncology Ward,Endoscopy Suite,16
ONC General Hematology/Oncology Ward,Operating Room/Suite,57
ONC General Hematology/Oncology Ward,Pulmonary Ward,2
ONC General Hematology/Oncology Ward,Surgical Ward,5
ONC General Hematology/Oncology Ward,Medical Critical Care,8
ONC General Hematology/Oncology Ward,Surgical Critical Care,3
ONC General Hematology/Oncology Ward,ONC Hematopoietic Stem Cell Transplant Ward,12
ONC General Hematology/Oncology Ward,ONC General Hematology/Oncology Ward,48
ONC General Hematology/Oncology Ward,Exit,565
ONC Pediatric Hematopoietic Stem Cell Transplant Ward,Operating Room/Suite,7
ONC Pediatric Hematopoietic Stem Cell Transplant Ward,Pediatric Medical/Surgical Critical Care,3
ONC Pediatric Hematopoietic Stem Cell Transplant Ward,Exit,21
ONC Pediatric General Hematology/Oncology Ward,Operating Room/Suite,26
ONC Pediatric General Hematology/Oncology Ward,Pediatric Medical/Surgical Critical Care,3
ONC Pediatric General Hematology/Oncology Ward,Pediatric Step Down Unit (post-critical care),2
ONC Pediatric General Hematology/Oncology Ward,ONC Pediatric General Hematology/Oncology Ward,20
ONC Pediatric General Hematology/Oncology Ward,Exit,230
