source,destination,count
Entry,24-Hour Observation Area,80
Entry,Adult Step Down Unit (post-critical care),27
Entry,Ambulatory Surgery Center,575
Entry,Emergency Department,6993
Entry,Endoscopy Suite,26
Entry,Behavioral Health/Psych Ward,52
Entry,Pediatric Medical Ward,45
Entry,Medical Ward,301
Entry,Medical/Surgical Ward,135
Entry,Neurology Ward,52
Entry,Neurosurgical Ward,58
Entry,Operating Room/Suite,1505
Entry,Postpartum Ward,132
Entry,Pulmonary Ward,40
Entry,Surgical Ward,87
Entry,"Labor, Delivery, Recovery, Postpartum Suite (LDRP)",460
Entry,Medical Cardiac Critical Care,43
Entry,Medical Critical Care,32
Entry,Neonatal Critical Care (Level III),38
Entry,Neurologic Critical Care,21
Entry,Pediatric Cardiothoracic Critical Care,14
Entry,Pediatric Medical/Surgical Critical Care,23
Entry,Pediatric Step Down Unit (post-critical care),15
Entry,Surgical Cardiothoracic Critical Care,15
Entry,Surgical Critical Care,8
Entry,ONC Hematopoietic Stem Cell Transplant Ward,31
Entry,ONC General Hematology/Oncology Ward,220
Entry,ONC Pediatric Hematopoietic Stem Cell Transplant Ward,10
Entry,ONC Pediatric General Hematology/Oncology Ward,90
24-Hour Observation Area,24-Hour Observation Area,5
24-Hour Observation Area,Adult Step Down Unit (post-critical care),1
24-Hour Observation Area,Medical Ward,7
24-Hour Observation Area,Medical/Surgical Ward,1
24-Hour Observation Area,Operating Room/Suite,8
24-Hour Observation Area,Surgical Ward,2
24-Hour Observation Area,Medical Cardiac Critical Care,1
24-Hour Observation Area,ONC General Hematology/Oncology Ward,2
24-Hour Observation Area,Exit,177
Adult Step Down Unit (post-critical care),Adult Step Down Unit (post-critical care),5
Adult Step Down Unit (post-critical care),Endoscopy Suite,6
Adult Step Down Unit (post-critical care),Medical Ward,3
Adult Step Down Unit (post-critical care),Operating Room/Suite,25
Adult Step Down Unit (post-critical care),Surgical Ward,1
Adult Step Down Unit (post-critical care),Medical Cardiac Critical Care,1
Adult Step Down Unit (post-critical care),Surgical Cardiothoracic Critical Care,3
Adult Step Down Unit (post-critical care),ONC General Hematology/Oncology Ward,3
Adult Step Down Unit (post-critical care),Exit,94
Ambulatory Surgery Center,Operating Room/Suite,2
Ambulatory Surgery Center,Surgical Ward,1
Ambulatory Surgery Center,ONC General Hematology/Oncology Ward,2
Ambulatory Surgery Center,Exit,570
Emergency Department,Adult Step Down Unit (post-critical care),14
Emergency Department,Emergency Department,12457
Emergency Department,Endoscopy Suite,8
Emergency Department,Pediatric Medical Ward,96
Emergency Department,Medical Ward,491
Emergency Department,Medical/Surgical Ward,56
Emergency Department,Neurology Ward,67
Emergency Department,Neurosurgical Ward,91
Emergency Department,Operating Room/Suite,87
Emergency Department,Pulmonary Ward,63
Emergency Department,Surgical Ward,177
Emergency Department,"Labor, Delivery, Recovery, Postpartum Suite (LDRP)",1
Emergency Department,Medical Cardiac Critical Care,48
Emergency Department,Medical Critical Care,49
Emergency Department,Neurologic Critical Care,35
Emergency Department,Pediatric Cardiothoracic Critical Care,3
Emergency Department,Pediatric Medical/Surgical Critical Care,17
Emergency Department,Pediatric Step Down Unit (post-critical care),15
Emergency Department,Surgical Critical Care,16
Emergency Department,ONC Hematopoietic Stem Cell Transplant Ward,2
Emergency Department,ONC General Hematology/Oncology Ward,189
Emergency Department,ONC Pediatric General Hematology/Oncology Ward,76
Emergency Department,Exit,5357
Endoscopy Suite,Adult Step Down Unit (post-critical care),6
Endoscopy Suite,Emergency Department,7
Endoscopy Suite,Medical Ward,63
Endoscopy Suite,Medical/Surgical Ward,21
Endoscopy Suite,Neurology Ward,2
Endoscopy Suite,Neurosurgical Ward,1
Endoscopy Suite,Pulmonary Ward,12
Endoscopy Suite,Surgical Ward,13
Endoscopy Suite,Medical Cardiac Critical Care,1
Endoscopy Suite,Surgical Critical Care,1
Endoscopy Suite,ONC Hematopoietic Stem Cell Transplant Ward,2
Endoscopy Suite,ONC General Hematology/Oncology Ward,36
Endoscopy Suite,Exit,26
Behavioral Health/Psych Ward,Behavioral Health/Psych Ward,12
Behavioral Health/Psych Ward,Exit,49
Pediatric Medical Ward,Pediatric Medical Ward,11
Pediatric Medical Ward,Operating Room/Suite,41
Pediatric Medical Ward,Pediatric Cardiothoracic Critical Care,1
Pediatric Medical Ward,Pediatric Medical/Surgical Critical Care,8
Pediatric Medical Ward,Pediatric Step Down Unit (post-critical care),5
Pediatric Medical Ward,ONC Pediatric General Hematology/Oncology Ward,5
Pediatric Medical Ward,Exit,235
Medical Ward,Endoscopy Suite,62
Medical Ward,Medical Ward,74
Medical Ward,Medical/Surgical Ward,2
Medical Ward,Neurosurgical Ward,1
Medical Ward,Operating Room/Suite,93
Medical Ward,Pulmonary Ward,7
Medical Ward,Surgical Ward,4
Medical Ward,Medical Cardiac Critical Care,31
Medical Ward,Medical Critical Care,15
Medical Ward,Neurologic Critical Care,1
Medical Ward,Surgical Critical Care,4
Medical Ward,ONC General Hematology/Oncology Ward,15
Medical Ward,Exit,866
Medical/Surgical Ward,Endoscopy Suite,21
Medical/Surgical Ward,Medical Ward,4
Medical/Surgical Ward,Medical/Surgical Ward,31
Medical/Surgical Ward,Operating Room/Suite,92
Medical/Surgical Ward,Pulmonary Ward,3
Medical/Surgical Ward,Surgical Ward,21
Medical/Surgical Ward,Medical Cardiac Critical Care,5
Medical/Surgical Ward,Medical Critical Care,1
Medical/Surgical Ward,Surgical Cardiothoracic Critical Care,17
Medical/Surgical Ward,Surgical Critical Care,1
Medical/Surgical Ward,ONC General Hematology/Oncology Ward,12
Medical/Surgical Ward,Exit,291
Neurology Ward,Endoscopy Suite,2
Neurology Ward,Medical Ward,4
Neurology Ward,Neurology Ward,31
Neurology Ward,Operating Room/Suite,22
Neurology Ward,Surgical Ward,1
Neurology Ward,Medical Critical Care,1
Neurology Ward,Neurologic Critical Care,3
Neurology Ward,Surgical Critical Care,1
Neurology Ward,ONC General Hematology/Oncology Ward,2
Neurology Ward,Exit,176
Neurosurgical Ward,Endoscopy Suite,1
Neurosurgical Ward,Medical Ward,2
Neurosurgical Ward,Neurosurgical Ward,8
Neurosurgical Ward,Operating Room/Suite,80
Neurosurgical Ward,Surgical Ward,4
Neurosurgical Ward,Medical Cardiac Critical Care,2
Neurosurgical Ward,Neurologic Critical Care,8
Neurosurgical Ward,ONC General Hematology/Oncology Ward,2
Neurosurgical Ward,Exit,203
Operating Room/Suite,24-Hour Observation Area,126
Operating Room/Suite,Adult Step Down Unit (post-critical care),43
Operating Room/Suite,Endoscopy Suite,1
Operating Room/Suite,Pediatric Medical Ward,99
Operating Room/Suite,Medical Ward,65
Operating Room/Suite,Medical/Surgical Ward,89
Operating Room/Suite,Neurology Ward,71
Operating Room/Suite,Neurosurgical Ward,71
Operating Room/Suite,Operating Room/Suite,88
Operating Room/Suite,Pulmonary Ward,10
Operating Room/Suite,Surgical Ward,402
Operating Room/Suite,"Labor, Delivery, Recovery, Postpartum Suite (LDRP)",2
Operating Room/Suite,Medical Cardiac Critical Care,7
Operating Room/Suite,Medical Critical Care,6
Operating Room/Suite,Neonatal Critical Care (Level III),6
Operating Room/Suite,Neurologic Critical Care,91
Operating Room/Suite,Pediatric Cardiothoracic Critical Care,12
Operating Room/Suite,Pediatric Medical/Surgical Critical Care,35
Operating Room/Suite,Pediatric Step Down Unit (post-critical care),16
Operating Room/Suite,Surgical Cardiothoracic Critical Care,181
Operating Room/Suite,Surgical Critical Care,74
Operating Room/Suite,ONC General Hematology/Oncology Ward,133
Operating Room/Suite,ONC Pediatric Hematopoietic Stem Cell Transplant Ward,5
Operating Room/Suite,ONC Pediatric General Hematology/Oncology Ward,37
Operating Room/Suite,Exit,708
Postpartum Ward,Postpartum Ward,56
Postpartum Ward,"Labor, Delivery, Recovery, Postpartum Suite (LDRP)",30
Postpartum Ward,Neonatal Critical Care (Level III),6
Postpartum Ward,ONC General Hematology/Oncology Ward,2
Postpartum Ward,ONC Pediatric General Hematology/Oncology Ward,4
Postpartum Ward,Exit,464
Pulmonary Ward,Endoscopy Suite,12
Pulmonary Ward,Medical Ward,5
Pulmonary Ward,Operating Room/Suite,9
Pulmonary Ward,Pulmonary Ward,10
Pulmonary Ward,Medical Cardiac Critical Care,4
Pulmonary Ward,Medical Critical Care,10
Pulmonary Ward,ONC General Hematology/Oncology Ward,1
Pulmonary Ward,Exit,118
Surgical Ward,Endoscopy Suite,13
Surgical Ward,Medical Ward,9
Surgical Ward,Medical/Surgical Ward,2
Surgical Ward,Neurology Ward,2
Surgical Ward,Operating Room/Suite,139
Surgical Ward,Postpartum Ward,1
Surgical Ward,Surgical Ward,43
Surgical Ward,Medical Cardiac Critical Care,1
Surgical Ward,Medical Critical Care,3
Surgical Ward,Surgical Critical Care,13
Surgical Ward,ONC General Hematology/Oncology Ward,14
Surgical Ward,Exit,578
"Labor, Delivery, Recovery, Postpartum Suite (LDRP)",Operating Room/Suite,2
"Labor, Delivery, Recovery, Postpartum Suite (LDRP)",Postpartum Ward,381
"Labor, Delivery, Recovery, Postpartum Suite (LDRP)",Surgical Ward,1
"Labor, Delivery, Recovery, Postpartum Suite (LDRP)","Labor, Delivery, Recovery, Postpartum Suite (LDRP)",92
"Labor, Delivery, Recovery, Postpartum Suite (LDRP)",Medical Cardiac Critical Care,1
"Labor, Delivery, Recovery, Postpartum Suite (LDRP)",Neonatal Critical Care (Level III),29
"Labor, Delivery, Recovery, Postpartum Suite (LDRP)",Pediatric Cardiothoracic Critical Care,5
"Labor, Delivery, Recovery, Postpartum Suite (LDRP)",Surgical Critical Care,3
"Labor, Delivery, Recovery, Postpartum Suite (LDRP)",ONC General Hematology/Oncology Ward,1
"Labor, Delivery, Recovery, Postpartum Suite (LDRP)",ONC Pediatric General Hematology/Oncology Ward,2
"Labor, Delivery, Recovery, Postpartum Suite (LDRP)",Exit,74
Medical Cardiac Critical Care,Adult Step Down Unit (post-critical care),1
Medical Cardiac Critical Care,Medical Ward,89
Medical Cardiac Critical Care,Medical/Surgical Ward,11
Medical Cardiac Critical Care,Neurosurgical Ward,3
Medical Cardiac Critical Care,Operating Room/Suite,11
Medical Cardiac Critical Care,Pulmonary Ward,2
Medical Cardiac Critical Care,Surgical Ward,1
Medical Cardiac Critical Care,"Labor, Delivery, Recovery, Postpartum Suite (LDRP)",1
Medical Cardiac Critical Care,Medical Cardiac Critical Care,4
Medical Cardiac Critical Care,Medical Critical Care,2
Medical Cardiac Critical Care,Surgical Cardiothoracic Critical Care,6
Medical Cardiac Critical Care,Surgical Critical Care,1
Medical Cardiac Critical Care,ONC Hematopoietic Stem Cell Transplant Ward,1
Medical Cardiac Critical Care,ONC General Hematology/Oncology Ward,4
Medical Cardiac Critical Care,Exit,18
Medical Critical Care,Medical Ward,60
Medical Critical Care,Neurology Ward,1
Medical Critical Care,Operating Room/Suite,5
Medical Critical Care,Pulmonary Ward,20
Medical Critical Care,Surgical Ward,3
Medical Critical Care,"Labor, Delivery, Recovery, Postpartum Suite (LDRP)",2
Medical Critical Care,Medical Critical Care,2
Medical Critical Care,Neurologic Critical Care,1
Medical Critical Care,Surgical Critical Care,2
Medical Critical Care,ONC Hematopoietic Stem Cell Transplant Ward,1
Medical Critical Care,ONC General Hematology/Oncology Ward,10
Medical Critical Care,Exit,26
Neonatal Critical Care (Level III),Operating Room/Suite,6
Neonatal Critical Care (Level III),Postpartum Ward,3
Neonatal Critical Care (Level III),"Labor, Delivery, Recovery, Postpartum Suite (LDRP)",1
Neonatal Critical Care (Level III),Neonatal Critical Care (Level III),124
Neonatal Critical Care (Level III),Step down Neonatal Nursery (Level II),22
Neonatal Critical Care (Level III),ONC Pediatric General Hematology/Oncology Ward,2
Neonatal Critical Care (Level III),Exit,47
Neurologic Critical Care,Medical Ward,4
Neurologic Critical Care,Neurology Ward,9
Neurologic Critical Care,Neurosurgical Ward,77
Neurologic Critical Care,Operating Room/Suite,18
Neurologic Critical Care,Pulmonary Ward,1
Neurologic Critical Care,Medical Critical Care,1
Neurologic Critical Care,Neurologic Critical Care,3
Neurologic Critical Care,Pediatric Step Down Unit (post-critical care),1
Neurologic Critical Care,Surgical Critical Care,3
Neurologic Critical Care,ONC Hematopoietic Stem Cell Transplant Ward,1
Neurologic Critical Care,ONC General Hematology/Oncology Ward,1
Neurologic Critical Care,Exit,47
Pediatric Cardiothoracic Critical Care,Adult Step Down Unit (post-critical care),1
Pediatric Cardiothoracic Critical Care,Pediatric Medical Ward,4
Pediatric Cardiothoracic Critical Care,Operating Room/Suite,3
Pediatric Cardiothoracic Critical Care,"Labor, Delivery, Recovery, Postpartum Suite (LDRP)",2
Pediatric Cardiothoracic Critical Care,Pediatric Cardiothoracic Critical Care,11
Pediatric Cardiothoracic Critical Care,Pediatric Step Down Unit (post-critical care),19
Pediatric Cardiothoracic Critical Care,Exit,10
Pediatric Medical/Surgical Critical Care,Pediatric Medical Ward,26
Pediatric Medical/Surgical Critical Care,Operating Room/Suite,9
Pediatric Medical/Surgical Critical Care,Pediatric Medical/Surgical Critical Care,24
Pediatric Medical/Surgical Critical Care,Pediatric Step Down Unit (post-critical care),11
Pediatric Medical/Surgical Critical Care,ONC Pediatric General Hematology/Oncology Ward,34
Pediatric Medical/Surgical Critical Care,Exit,16
Pediatric Step Down Unit (post-critical care),Pediatric Medical Ward,23
Pediatric Step Down Unit (post-critical care),Operating Room/Suite,10
Pediatric Step Down Unit (post-critical care),Pediatric Cardiothoracic Critical Care,3
Pediatric Step Down Unit (post-critical care),Pediatric Medical/Surgical Critical Care,6
Pediatric Step Down Unit (post-critical care),Pediatric Step Down Unit (post-critical care),18
Pediatric Step Down Unit (post-critical care),ONC Pediatric General Hematology/Oncology Ward,7
Pediatric Step Down Unit (post-critical care),Exit,35
Step down Neonatal Nursery (Level II),Neonatal Critical Care (Level III),7
Step down Neonatal Nursery (Level II),Exit,15
Surgical Cardiothoracic Critical Care,Adult Step Down Unit (post-critical care),39
Surgical Cardiothoracic Critical Care,Medical/Surgical Ward,139
Surgical Cardiothoracic Critical Care,Operating Room/Suite,28
Surgical Cardiothoracic Critical Care,Medical Cardiac Critical Care,4
Surgical Cardiothoracic Critical Care,Medical Critical Care,1
Surgical Cardiothoracic Critical Care,Surgical Cardiothoracic Critical Care,16
Surgical Cardiothoracic Critical Care,Exit,11
Surgical Critical Care,Medical Ward,10
Surgical Critical Care,Medical/Surgical Ward,6
Surgical Critical Care,Neurology Ward,11
Surgical Critical Care,Neurosurgical Ward,6
Surgical Critical Care,Operating Room/Suite,20
Surgical Critical Care,Postpartum Ward,1
Surgical Critical Care,Surgical Ward,52
Surgical Critical Care,"Labor, Delivery, Recovery, Postpartum Suite (LDRP)",1
Surgical Critical Care,Medical Critical Care,4
Surgical Critical Care,Neurologic Critical Care,2
Surgical Critical Care,Surgical Critical Care,4
Surgical Critical Care,ONC General Hematology/Oncology Ward,8
Surgical Critical Care,Exit,11
ONC Hematopoietic Stem Cell Transplant Ward,Endoscopy Suite,2
ONC Hematopoietic Stem Cell Transplant Ward,Medical/Surgical Ward,1
ONC Hematopoietic Stem Cell Transplant Ward,Medical Cardiac Critical Care,1
ONC Hematopoietic Stem Cell Transplant Ward,Medical Critical Care,2
ONC Hematopoietic Stem Cell Transplant Ward,ONC Hematopoietic Stem Cell Transplant Ward,5
ONC Hematopoietic Stem Cell Transplant Ward,ONC General Hematology/Oncology Ward,6
ONC Hematopoietic Stem Cell Transplant Ward,Exit,30
ONC General Hematology/Oncology Ward,Endoscopy Suite,37
ONC General Hematology/Oncology Ward,Medical Ward,1
ONC General Hematology/Oncology Ward,Operating Room/Suite,51
ONC General Hematology/Oncology Ward,Postpartum Ward,1
ONC General Hematology/Oncology Ward,Surgical Ward,7
ONC General Hematology/Oncology Ward,Medical Cardiac Critical Care,4
ONC General Hematology/Oncology Ward,Medical Critical Care,7
ONC General Hematology/Oncology Ward,Neurologic Critical Care,4
ONC General Hematology/Oncology Ward,Surgical Critical Care,3
ONC General Hematology/Oncology Ward,ONC Hematopoietic Stem Cell Transplant Ward,3
ONC General Hematology/Oncology Ward,ONC General Hematology/Oncology Ward,31
ONC General Hematology/Oncology Ward,Exit,528
ONC Pediatric Hematopoietic Stem Cell Transplant Ward,Operating Room/Suite,5
ONC Pediatric Hematopoietic Stem Cell Transplant Ward,Pediatric Medical/Surgical Critical Care,2
ONC Pediatric Hematopoietic Stem Cell Transplant Ward,ONC Pediatric Hematopoietic Stem Cell Transplant Ward,1
ONC Pediatric Hematopoietic Stem Cell Transplant Ward,Exit,14
ONC Pediatric General Hematology/Oncology Ward,Pediatric Medical Ward,2
ONC Pediatric General Hematology/Oncology Ward,Operating Room/Suite,20
ONC Pediatric General Hematology/Oncology Ward,Pediatric Medical/Surgical Critical Care,9
ONC Pediatric General Hematology/Oncology Ward,Pediatric Step Down Unit (post-critical care),3
ONC Pediatric General Hematology/Oncology Ward,ONC General Hematology/Oncology Ward,1
ONC Pediatric General Hematology/Oncology Ward,ONC Pediatric General Hematology/Oncology Ward,16
ONC Pediatric General Hematology/Oncology Ward,Exit,225
