source,destination,count
Entry,24-Hour Observation Area,71
Entry,Adult Step Down Unit (post-critical care),31
Entry,Ambulatory Surgery Center,497
Entry,Emergency Department,6756
Entry,Endoscopy Suite,26
Entry,Behavioral Health/Psych Ward,45
Entry,Pediatric Medical Ward,37
Entry,Medical Ward,248
Entry,Medical/Surgical Ward,108
Entry,Neurology Ward,51
Entry,Neurosurgical Ward,42
Entry,Operating Room/Suite,1552
Entry,Postpartum Ward,143
Entry,Pulmonary Ward,34
Entry,Surgical Ward,67
Entry,"Labor, Delivery, Recovery, Postpartum Suite (LDRP)",496
Entry,Medical Cardiac Critical Care,44
Entry,Medical Critical Care,42
Entry,Neonatal Critical Care (Level III),39
Entry,Neurologic Critical Care,23
Entry,Pediatric Cardiothoracic Critical Care,10
Entry,Pediatric Medical/Surgical Critical Care,24
Entry,Pediatric Step Down Unit (post-critical care),30
Entry,Surgical Cardiothoracic Critical Care,22
Entry,Surgical Critical Care,4
Entry,ONC Hematopoietic Stem Cell Transplant Ward,32
Entry,ONC General Hematology/Oncology Ward,194
Entry,ONC Pediatric Hematopoietic Stem Cell Transplant Ward,11
Entry,ONC Pediatric General Hematology/Oncology Ward,102
24-Hour Observation Area,24-Hour Observation Area,4
24-Hour Observation Area,Medical Ward,5
24-Hour Observation Area,Medical/Surgical Ward,1
24-Hour Observation Area,Neurosurgical Ward,1
24-Hour Observation Area,Operating Room/Suite,8
24-Hour Observation Area,Surgical Ward,3
24-Hour Observation Area,ONC General Hematology/Oncology Ward,1
24-Hour Observation Area,Exit,166
Adult Step Down Unit (post-critical care),Adult Step Down Unit (post-critical care),4
Adult Step Down Unit (post-critical care),Endoscopy Suite,6
Adult Step Down Unit (post-critical care),Medical Ward,3
Adult Step Down Unit (post-critical care),Neurosurgical Ward,1
Adult Step Down Unit (post-critical care),Operating Room/Suite,28
Adult Step Down Unit (post-critical care),Surgical Ward,1
Adult Step Down Unit (post-critical care),Surgical Cardiothoracic Critical Care,10
Adult Step Down Unit (post-critical care),ONC General Hematology/Oncology Ward,2
Adult Step Down Unit (post-critical care),Exit,110
Ambulatory Surgery Center,Medical Ward,1
Ambulatory Surgery Center,Neurology Ward,1
Ambulatory Surgery Center,Operating Room/Suite,1
Ambulatory Surgery Center,Surgical Ward,1
Ambulatory Surgery Center,Exit,493
Emergency Department,Adult Step Down Unit (post-critical care),25
Emergency Department,Emergency Department,13495
Emergency Department,Endoscopy Suite,3
Emergency Department,Pediatric Medical Ward,73
Emergency Department,Medical Ward,532
Emergency Department,Medical/Surgical Ward,73
Emergency Department,Neurology Ward,86
Emergency Department,Neurosurgical Ward,85
Emergency Department,Operating Room/Suite,107
Emergency Department,Pulmonary Ward,53
Emergency Department,Surgical Ward,177
Emergency Department,"Labor, Delivery, Recovery, Postpartum Suite (LDRP)",1
Emergency Department,Medical Cardiac Critical Care,36
Emergency Department,Medical Critical Care,49
Emergency Department,Neurologic Critical Care,35
Emergency Department,Pediatric Cardiothoracic Critical Care,1
Emergency Department,Pediatric Medical/Surgical Critical Care,16
Emergency Department,Pediatric Step Down Unit (post-critical care),15
Emergency Department,Surgical Cardiothoracic Critical Care,4
Emergency Department,Surgical Critical Care,13
Emergency Department,ONC Hematopoietic Stem Cell Transplant Ward,8
Emergency Department,ONC General Hematology/Oncology Ward,208
Emergency Department,ONC Pediatric General Hematology/Oncology Ward,74
Emergency Department,Exit,5072
Endoscopy Suite,Adult Step Down Unit (post-critical care),6
Endoscopy Suite,Emergency Department,2
Endoscopy Suite,Pediatric Medical Ward,1
Endoscopy Suite,Medical Ward,38
Endoscopy Suite,Medical/Surgical Ward,21
Endoscopy Suite,Neurology Ward,2
Endoscopy Suite,Pulmonary Ward,12
Endoscopy Suite,Surgical Ward,9
Endoscopy Suite,Medical Critical Care,1
Endoscopy Suite,Surgical Critical Care,1
Endoscopy Suite,ONC Hematopoietic Stem Cell Transplant Ward,3
Endoscopy Suite,ONC General Hematology/Oncology Ward,18
Endoscopy Suite,Exit,25
Behavioral Health/Psych Ward,Behavioral Health/Psych Ward,4
Behavioral Health/Psych Ward,Exit,47
Pediatric Medical Ward,Endoscopy Suite,1
Pediatric Medical Ward,Pediatric Medical Ward,12
Pediatric Medical Ward,Operating Room/Suite,34
Pediatric Medical Ward,Pediatric Cardiothoracic Critical Care,1
Pediatric Medical Ward,Pediatric Medical/Surgical Critical Care,7
Pediatric Medical Ward,Pediatric Step Down Unit (post-critical care),5
Pediatric Medical Ward,ONC Pediatric General Hematology/Oncology Ward,2
Pediatric Medical Ward,Exit,216
Medical Ward,Adult Step Down Unit (post-critical care),1
Medical Ward,Endoscopy Suite,37
Medical Ward,Medical Ward,69
Medical Ward,Neurology Ward,1
Medical Ward,Operating Room/Suite,98
Medical Ward,Pulmonary Ward,11
Medical Ward,Surgical Ward,1
Medical Ward,Medical Cardiac Critical Care,33
Medical Ward,Medical Critical Care,23
Medical Ward,Neurologic Critical Care,3
Medical Ward,Surgical Cardiothoracic Critical Care,1
Medical Ward,Surgical Critical Care,2
Medical Ward,ONC Hematopoietic Stem Cell Transplant Ward,1
Medical Ward,ONC General Hematology/Oncology Ward,7
Medical Ward,Exit,886
Medical/Surgical Ward,Adult Step Down Unit (post-critical care),1
Medical/Surgical Ward,Endoscopy Suite,21
Medical/Surgical Ward,Medical Ward,7
Medical/Surgical Ward,Medical/Surgical Ward,22
Medical/Surgical Ward,Neurology Ward,5
Medical/Surgical Ward,Operating Room/Suite,99
Medical/Surgical Ward,Pulmonary Ward,2
Medical/Surgical Ward,Surgical Ward,27
Medical/Surgical Ward,Surgical Cardiothoracic Critical Care,25
Medical/Surgical Ward,ONC General Hematology/Oncology Ward,9
Medical/Surgical Ward,Exit,277
Neurology Ward,Endoscopy Suite,2
Neurology Ward,Medical Ward,4
Neurology Ward,Neurology Ward,26
Neurology Ward,Neurosurgical Ward,1
Neurology Ward,Operating Room/Suite,28
Neurology Ward,Surgical Ward,1
Neurology Ward,Medical Cardiac Critical Care,2
Neurology Ward,Neurologic Critical Care,1
Neurology Ward,Surgical Critical Care,2
Neurology Ward,ONC General Hematology/Oncology Ward,4
Neurology Ward,Exit,206
Neurosurgical Ward,Medical Ward,3
Neurosurgical Ward,Neurosurgical Ward,2
Neurosurgical Ward,Operating Room/Suite,50
Neurosurgical Ward,Surgical Ward,1
Neurosurgical Ward,Medical Critical Care,1
Neurosurgical Ward,Neurologic Critical Care,9
Neurosurgical Ward,Surgical Critical Care,1
Neurosurgical Ward,ONC General Hematology/Oncology Ward,7
Neurosurgical Ward,Exit,212
Operating Room/Suite,24-Hour Observation Area,110
Operating Room/Suite,Adult Step Down Unit (post-critical care),33
Operating Room/Suite,Emergency Department,1
Operating Room/Suite,Endoscopy Suite,1
Operating Room/Suite,Pediatric Medical Ward,98
Operating Room/Suite,Medical Ward,77
Operating Room/Suite,Medical/Surgical Ward,82
Operating Room/Suite,Neurology Ward,87
Operating Room/Suite,Neurosurgical Ward,67
Operating Room/Suite,Operating Room/Suite,131
Operating Room/Suite,Pulmonary Ward,5
Operating Room/Suite,Surgical Ward,387
Operating Room/Suite,Medical Cardiac Critical Care,8
Operating Room/Suite,Medical Critical Care,7
Operating Room/Suite,Neonatal Critical Care (Level III),11
Operating Room/Suite,Neurologic Critical Care,80
Operating Room/Suite,Pediatric Cardiothoracic Critical Care,26
Operating Room/Suite,Pediatric Medical/Surgical Critical Care,32
Operating Room/Suite,Pediatric Step Down Unit (post-critical care),15
Operating Room/Suite,Surgical Cardiothoracic Critical Care,196
Operating Room/Suite,Surgical Critical Care,64
Operating Room/Suite,ONC General Hematology/Oncology Ward,167
Operating Room/Suite,ONC Pediatric Hematopoietic Stem Cell Transplant Ward,21
Operating Room/Suite,ONC Pediatric General Hematology/Oncology Ward,36
Operating Room/Suite,Exit,734
Postpartum Ward,Pediatric Medical Ward,1
Postpartum Ward,Medical Ward,2
Postpartum Ward,Postpartum Ward,37
Postpartum Ward,Surgical Ward,1
Postpartum Ward,"Labor, Delivery, Recovery, Postpartum Suite (LDRP)",23
Postpartum Ward,Neonatal Critical Care (Level III),8
Postpartum Ward,ONC General Hematology/Oncology Ward,2
Postpartum Ward,ONC Pediatric General Hematology/Oncology Ward,2
Postpartum Ward,Exit,522
Pulmonary Ward,Endoscopy Suite,11
Pulmonary Ward,Medical Ward,1
Pulmonary Ward,Operating Room/Suite,6
Pulmonary Ward,Pulmonary Ward,12
Pulmonary Ward,Medical Cardiac Critical Care,2
Pulmonary Ward,Medical Critical Care,6
Pulmonary Ward,Neurologic Critical Care,1
Pulmonary Ward,Surgical Cardiothoracic Critical Care,1
Pulmonary Ward,ONC General Hematology/Oncology Ward,1
Pulmonary Ward,Exit,113
Surgical Ward,Adult Step Down Unit (post-critical care),1
Surgical Ward,Endoscopy Suite,9
Surgical Ward,Pediatric Medical Ward,1
Surgical Ward,Medical Ward,9
Surgical Ward,Medical/Surgical Ward,2
Surgical Ward,Operating Room/Suite,121
Surgical Ward,Surgical Ward,23
Surgical Ward,Medical Cardiac Critical Care,3
Surgical Ward,Medical Critical Care,1
Surgical Ward,Neurologic Critical Care,2
Surgical Ward,Surgical Critical Care,11
Surgical Ward,ONC General Hematology/Oncology Ward,3
Surgical Ward,Exit,586
"Labor, Delivery, Recovery, Postpartum Suite (LDRP)",Pediatric Medical Ward,1
"Labor, Delivery, Recovery, Postpartum Suite (LDRP)",Medical Ward,1
"Labor, Delivery, Recovery, Postpartum Suite (LDRP)",Postpartum Ward,416
"Labor, Delivery, Recovery, Postpartum Suite (LDRP)","Labor, Delivery, Recovery, Postpartum Suite (LDRP)",89
"Labor, Delivery, Recovery, Postpartum Suite (LDRP)",Medical Critical Care,2
"Labor, Delivery, Recovery, Postpartum Suite (LDRP)",Neonatal Critical Care (Level III),22
"Labor, Delivery, Recovery, Postpartum Suite (LDRP)",Pediatric Cardiothoracic Critical Care,1
"Labor, Delivery, Recovery, Postpartum Suite (LDRP)",ONC General Hematology/Oncology Ward,3
"Labor, Delivery, Recovery, Postpartum Suite (LDRP)",Exit,80
Medical Cardiac Critical Care,Adult Step Down Unit (post-critical care),1
Medical Cardiac Critical Care,Medical Ward,94
Medical Cardiac Critical Care,Medical/Surgical Ward,5
Medical Cardiac Critical Care,Operating Room/Suite,13
Medical Cardiac Critical Care,Pulmonary Ward,2
Medical Cardiac Critical Care,Surgical Ward,3
Medical Cardiac Critical Care,Medical Cardiac Critical Care,3
Medical Cardiac Critical Care,Medical Critical Care,2
Medical Cardiac Critical Care,Surgical Cardiothoracic Critical Care,1
Medical Cardiac Critical Care,ONC Hematopoietic Stem Cell Transplant Ward,1
Medical Cardiac Critical Care,ONC General Hematology/Oncology Ward,2
Medical Cardiac Critical Care,Exit,15
Medical Critical Care,Medical Ward,63
Medical Critical Care,Neurology Ward,1
Medical Critical Care,Operating Room/Suite,5
Medical Critical Care,Pulmonary Ward,19
Medical Critical Care,Surgical Ward,4
Medical Critical Care,"Labor, Delivery, Recovery, Postpartum Suite (LDRP)",1
Medical Critical Care,Medical Cardiac Critical Care,1
Medical Critical Care,Medical Critical Care,2
Medical Critical Care,Neurologic Critical Care,2
Medical Critical Care,Surgical Critical Care,2
Medical Critical Care,ONC Hematopoietic Stem Cell Transplant Ward,6
Medical Critical Care,ONC General Hematology/Oncology Ward,16
Medical Critical Care,ONC Pediatric General Hematology/Oncology Ward,1
Medical Critical Care,Exit,37
Neonatal Critical Care (Level III),Operating Room/Suite,12
Neonatal Critical Care (Level III),Postpartum Ward,3
Neonatal Critical Care (Level III),"Labor, Delivery, Recovery, Postpartum Suite (LDRP)",2
Neonatal Critical Care (Level III),Neonatal Critical Care (Level III),191
Neonatal Critical Care (Level III),Pediatric Cardiothoracic Critical Care,1
Neonatal Critical Care (Level III),Pediatric Medical/Surgical Critical Care,1
Neonatal Critical Care (Level III),Step down Neonatal Nursery (Level II),22
Neonatal Critical Care (Level III),ONC Pediatric General Hematology/Oncology Ward,7
Neonatal Critical Care (Level III),Exit,38
Neurologic Critical Care,Adult Step Down Unit (post-critical care),1
Neurologic Critical Care,Medical Ward,4
Neurologic Critical Care,Neurology Ward,13
Neurologic Critical Care,Neurosurgical Ward,82
Neurologic Critical Care,Operating Room/Suite,16
Neurologic Critical Care,Surgical Ward,3
Neurologic Critical Care,Medical Critical Care,3
Neurologic Critical Care,Neurologic Critical Care,3
Neurologic Critical Care,Pediatric Medical/Surgical Critical Care,1
Neurologic Critical Care,ONC Hematopoietic Stem Cell Transplant Ward,1
Neurologic Critical Care,Exit,37
Pediatric Cardiothoracic Critical Care,Pediatric Medical Ward,6
Pediatric Cardiothoracic Critical Care,Operating Room/Suite,9
Pediatric Cardiothoracic Critical Care,Neonatal Critical Care (Level III),1
Pediatric Cardiothoracic Critical Care,Pediatric Cardiothoracic Critical Care,9
Pediatric Cardiothoracic Critical Care,Pediatric Medical/Surgical Critical Care,3
Pediatric Cardiothoracic Critical Care,Pediatric Step Down Unit (post-critical care),25
Pediatric Cardiothoracic Critical Care,ONC Pediatric Hematopoietic Stem Cell Transplant Ward,2
Pediatric Cardiothoracic Critical Care,Exit,4
Pediatric Medical/Surgical Critical Care,Pediatric Medical Ward,30
Pediatric Medical/Surgical Critical Care,Medical Ward,1
Pediatric Medical/Surgical Critical Care,Neurosurgical Ward,3
Pediatric Medical/Surgical Critical Care,Operating Room/Suite,4
Pediatric Medical/Surgical Critical Care,Surgical Ward,1
Pediatric Medical/Surgical Critical Care,Pediatric Cardiothoracic Critical Care,2
Pediatric Medical/Surgical Critical Care,Pediatric Medical/Surgical Critical Care,26
Pediatric Medical/Surgical Critical Care,Pediatric Step Down Unit (post-critical care),13
Pediatric Medical/Surgical Critical Care,ONC Pediatric General Hematology/Oncology Ward,36
Pediatric Medical/Surgical Critical Care,Exit,10
Pediatric Step Down Unit (post-critical care),Pediatric Medical Ward,21
Pediatric Step Down Unit (post-critical care),Operating Room/Suite,2
Pediatric Step Down Unit (post-critical care),Pediatric Cardiothoracic Critical Care,5
Pediatric Step Down Unit (post-critical care),Pediatric Medical/Surgical Critical Care,6
Pediatric Step Down Unit (post-critical care),Pediatric Step Down Unit (post-critical care),19
Pediatric Step Down Unit (post-critical care),ONC Pediatric General Hematology/Oncology Ward,8
Pediatric Step Down Unit (post-critical care),Exit,60
Step down Neonatal Nursery (Level II),Neonatal Critical Care (Level III),11
Step down Neonatal Nursery (Level II),Step down Neonatal Nursery (Level II),2
Step down Neonatal Nursery (Level II),Exit,11
Surgical Cardiothoracic Critical Care,Adult Step Down Unit (post-critical care),55
Surgical Cardiothoracic Critical Care,Medical Ward,3
Surgical Cardiothoracic Critical Care,Medical/Surgical Ward,147
Surgical Cardiothoracic Critical Care,Operating Room/Suite,37
Surgical Cardiothoracic Critical Care,Pulmonary Ward,1
Surgical Cardiothoracic Critical Care,Medical Cardiac Critical Care,4
Surgical Cardiothoracic Critical Care,Medical Critical Care,1
Surgical Cardiothoracic Critical Care,Surgical Cardiothoracic Critical Care,19
Surgical Cardiothoracic Critical Care,Surgical Critical Care,1
Surgical Cardiothoracic Critical Care,ONC General Hematology/Oncology Ward,1
Surgical Cardiothoracic Critical Care,Exit,6
Surgical Critical Care,Adult Step Down Unit (post-critical care),1
Surgical Critical Care,Medical Ward,4
Surgical Critical Care,Medical/Surgical Ward,7
Surgical Critical Care,Neurology Ward,5
Surgical Critical Care,Neurosurgical Ward,2
Surgical Critical Care,Operating Room/Suite,14
Surgical Critical Care,Surgical Ward,41
Surgical Critical Care,"Labor, Delivery, Recovery, Postpartum Suite (LDRP)",1
Surgical Critical Care,Medical Critical Care,2
Surgical Critical Care,Neurologic Critical Care,1
Surgical Critical Care,Surgical Critical Care,1
Surgical Critical Care,ONC General Hematology/Oncology Ward,11
Surgical Critical Care,Exit,15
ONC Hematopoietic Stem Cell Transplant Ward,Endoscopy Suite,3
ONC Hematopoietic Stem Cell Transplant Ward,Medical Cardiac Critical Care,1
ONC Hematopoietic Stem Cell Transplant Ward,Medical Critical Care,5
ONC Hematopoietic Stem Cell Transplant Ward,ONC Hematopoietic Stem Cell Transplant Ward,9
ONC Hematopoietic Stem Cell Transplant Ward,ONC General Hematology/Oncology Ward,3
ONC Hematopoietic Stem Cell Transplant Ward,Exit,35
ONC General Hematology/Oncology Ward,Endoscopy Suite,19
ONC General Hematology/Oncology Ward,Medical Ward,8
ONC General Hematology/Oncology Ward,Medical/Surgical Ward,2
ONC General Hematology/Oncology Ward,Operating Room/Suite,71
ONC General Hematology/Oncology Ward,Postpartum Ward,1
ONC General Hematology/Oncology Ward,Pulmonary Ward,1
ONC General Hematology/Oncology Ward,Medical Cardiac Critical Care,3
ONC General Hematology/Oncology Ward,Medical Critical Care,13
ONC General Hematology/Oncology Ward,Surgical Critical Care,1
ONC General Hematology/Oncology Ward,ONC General Hematology/Oncology Ward,49
ONC General Hematology/Oncology Ward,Exit,540
ONC Pediatric Hematopoietic Stem Cell Transplant Ward,Operating Room/Suite,12
ONC Pediatric Hematopoietic Stem Cell Transplant Ward,ONC Pediatric Hematopoietic Stem Cell Transplant Ward,3
ONC Pediatric Hematopoietic Stem Cell Transplant Ward,Exit,20
ONC Pediatric General Hematology/Oncology Ward,Pediatric Medical Ward,1
ONC Pediatric General Hematology/Oncology Ward,Operating Room/Suite,21
ONC Pediatric General Hematology/Oncology Ward,Pediatric Medical/Surgical Critical Care,6
ONC Pediatric General Hematology/Oncology Ward,Pediatric Step Down Unit (post-critical care),4
ONC Pediatric General Hematology/Oncology Ward,ONC Pediatric General Hematology/Oncology Ward,22
ONC Pediatric General Hematology/Oncology Ward,Exit,232
