source,destination,count
Entry,24-Hour Observation Area,95
Entry,Adult Step Down Unit (post-critical care),21
Entry,Ambulatory Surgery Center,626
Entry,Emergency Department,6738
Entry,Endoscopy Suite,34
Entry,Behavioral Health/Psych Ward,46
Entry,Pediatric Medical Ward,41
Entry,Medical Ward,251
Entry,Medical/Surgical Ward,115
Entry,Neurology Ward,39
Entry,Neurosurgical Ward,51
Entry,Operating Room/Suite,1702
Entry,Postpartum Ward,121
Entry,Pulmonary Ward,45
Entry,Surgical Ward,63
Entry,"Labor, Delivery, Recovery, Postpartum Suite (LDRP)",454
Entry,Medical Cardiac Critical Care,41
Entry,Medical Critical Care,25
Entry,Neonatal Critical Care (Level III),50
Entry,Neurologic Critical Care,24
Entry,Pediatric Cardiothoracic Critical Care,18
Entry,Pediatric Medical/Surgical Critical Care,17
Entry,Pediatric Step Down Unit (post-critical care),23
Entry,Surgical Cardiothoracic Critical Care,12
Entry,Surgical Critical Care,11
Entry,ONC Hematopoietic Stem Cell Transplant Ward,40
Entry,ONC General Hematology/Oncology Ward,204
Entry,ONC Pediatric Hematopoietic Stem Cell Transplant Ward,19
Entry,ONC Pediatric General Hematology/Oncology Ward,96
24-Hour Observation Area,24-Hour Observation Area,2
24-Hour Observation Area,Medical Ward,5
24-Hour Observation Area,Medical/Surgical Ward,2
24-Hour Observation Area,Operating Room/Suite,6
24-Hour Observation Area,Surgical Ward,6
24-Hour Observation Area,Medical Cardiac Critical Care,1
24-Hour Observation Area,ONC General Hematology/Oncology Ward,6
24-Hour Observation Area,Exit,195
Adult Step Down Unit (post-critical care),Adult Step Down Unit (post-critical care),1
Adult Step Down Unit (post-critical care),Endoscopy Suite,1
Adult Step Down Unit (post-critical care),Medical Ward,2
Adult Step Down Unit (post-critical care),Operating Room/Suite,17
Adult Step Down Unit (post-critical care),Pulmonary Ward,1
Adult Step Down Unit (post-critical care),Medical Cardiac Critical Care,1
Adult Step Down Unit (post-critical care),Medical Critical Care,1
Adult Step Down Unit (post-critical care),Surgical Cardiothoracic Critical Care,7
Adult Step Down Unit (post-critical care),Surgical Critical Care,1
Adult Step Down Unit (post-critical care),Exit,92
Ambulatory Surgery Center,Pediatric Medical Ward,1
Ambulatory Surgery Center,Operating Room/Suite,4
Ambulatory Surgery Center,ONC General Hematology/Oncology Ward,1
Ambulatory Surgery Center,Exit,620
Emergency Department,24-Hour Observation Area,1
Emergency Department,Adult Step Down Unit (post-critical care),16
Emergency Department,Emergency Department,12270
Emergency Department,Endoscopy Suite,5
Emergency Department,Pediatric Medical Ward,68
Emergency Department,Medical Ward,500
Emergency Department,Medical/Surgical Ward,87
Emergency Department,Neurology Ward,73
Emergency Department,Neurosurgical Ward,78
Emergency Department,Operating Room/Suite,93
Emergency Department,Pulmonary Ward,58
Emergency Department,Surgical Ward,157
Emergency Department,"Labor, Delivery, Recovery, Postpartum Suite (LDRP)",2
Emergency Department,Medical Cardiac Critical Care,42
Emergency Department,Medical Critical Care,53
Emergency Department,Neurologic Critical Care,36
Emergency Department,Pediatric Cardiothoracic Critical Care,1
Emergency Department,Pediatric Medical/Surgical Critical Care,21
Emergency Department,Pediatric Step Down Unit (post-critical care),7
Emergency Department,Surgical Cardiothoracic Critical Care,4
Emergency Department,Surgical Critical Care,21
Emergency Department,ONC Hematopoietic Stem Cell Transplant Ward,12
Emergency Department,ONC General Hematology/Oncology Ward,186
Emergency Department,ONC Pediatric Hematopoietic Stem Cell Transplant Ward,1
Emergency Department,ONC Pediatric General Hematology/Oncology Ward,84
Emergency Department,Exit,5165
Endoscopy Suite,Adult Step Down Unit (post-critical care),1
Endoscopy Suite,Emergency Department,3
Endoscopy Suite,Medical Ward,39
Endoscopy Suite,Medical/Surgical Ward,25
Endoscopy Suite,Neurology Ward,1
Endoscopy Suite,Neurosurgical Ward,3
Endoscopy Suite,Operating Room/Suite,1
Endoscopy Suite,Pulmonary Ward,16
Endoscopy Suite,Surgical Ward,9
Endoscopy Suite,Surgical Cardiothoracic Critical Care,1
Endoscopy Suite,ONC Hematopoietic Stem Cell Transplant Ward,3
Endoscopy Suite,ONC General Hematology/Oncology Ward,13
Endoscopy Suite,Exit,31
Behavioral Health/Psych Ward,Behavioral Health/Psych Ward,7
Behavioral Health/Psych Ward,Exit,47
Pediatric Medical Ward,Pediatric Medical Ward,7
Pediatric Medical Ward,Operating Room/Suite,42
Pediatric Medical Ward,Surgical Ward,2
Pediatric Medical Ward,Pediatric Medical/Surgical Critical Care,6
Pediatric Medical Ward,Pediatric Step Down Unit (post-critical care),3
Pediatric Medical Ward,Exit,230
Medical Ward,Emergency Department,1
Medical Ward,Endoscopy Suite,37
Medical Ward,Medical Ward,61
Medical Ward,Neurology Ward,1
Medical Ward,Neurosurgical Ward,4
Medical Ward,Operating Room/Suite,87
Medical Ward,Pulmonary Ward,3
Medical Ward,Surgical Ward,1
Medical Ward,"Labor, Delivery, Recovery, Postpartum Suite (LDRP)",1
Medical Ward,Medical Cardiac Critical Care,28
Medical Ward,Medical Critical Care,18
Medical Ward,Surgical Cardiothoracic Critical Care,2
Medical Ward,Surgical Critical Care,2
Medical Ward,ONC General Hematology/Oncology Ward,18
Medical Ward,Exit,853
Medical/Surgical Ward,Endoscopy Suite,26
Medical/Surgical Ward,Medical Ward,3
Medical/Surgical Ward,Medical/Surgical Ward,21
Medical/Surgical Ward,Neurosurgical Ward,1
Medical/Surgical Ward,Operating Room/Suite,104
Medical/Surgical Ward,Postpartum Ward,1
Medical/Surgical Ward,Pulmonary Ward,2
Medical/Surgical Ward,Surgical Ward,16
Medical/Surgical Ward,Medical Cardiac Critical Care,2
Medical/Surgical Ward,Medical Critical Care,2
Medical/Surgical Ward,Surgical Cardiothoracic Critical Care,14
Medical/Surgical Ward,ONC General Hematology/Oncology Ward,9
Medical/Surgical Ward,Exit,296
Neurology Ward,Endoscopy Suite,1
Neurology Ward,Medical Ward,11
Neurology Ward,Neurology Ward,28
Neurology Ward,Operating Room/Suite,30
Neurology Ward,Pulmonary Ward,1
Neurology Ward,Surgical Ward,2
Neurology Ward,Medical Cardiac Critical Care,4
Neurology Ward,Medical Critical Care,2
Neurology Ward,Neurologic Critical Care,3
Neurology Ward,Surgical Critical Care,1
Neurology Ward,ONC General Hematology/Oncology Ward,2
Neurology Ward,Exit,190
Neurosurgical Ward,Endoscopy Suite,3
Neurosurgical Ward,Medical Ward,2
Neurosurgical Ward,Neurology Ward,1
Neurosurgical Ward,Neurosurgical Ward,5
Neurosurgical Ward,Operating Room/Suite,75
Neurosurgical Ward,Surgical Ward,3
Neurosurgical Ward,Medical Cardiac Critical Care,3
Neurosurgical Ward,Medical Critical Care,1
Neurosurgical Ward,Neurologic Critical Care,6
Neurosurgical Ward,ONC General Hematology/Oncology Ward,3
Neurosurgical Ward,Exit,206
Operating Room/Suite,24-Hour Observation Area,122
Operating Room/Suite,Adult Step Down Unit (post-critical care),21
Operating Room/Suite,Emergency Department,2
Operating Room/Suite,Pediatric Medical Ward,107
Operating Room/Suite,Medical Ward,60
Operating Room/Suite,Medical/Surgical Ward,103
Operating Room/Suite,Neurology Ward,109
Operating Room/Suite,Neurosurgical Ward,74
Operating Room/Suite,Operating Room/Suite,106
Operating Room/Suite,Postpartum Ward,2
Operating Room/Suite,Pulmonary Ward,7
Operating Room/Suite,Surgical Ward,399
Operating Room/Suite,Medical Cardiac Critical Care,10
Operating Room/Suite,Medical Critical Care,9
Operating Room/Suite,Neonatal Critical Care (Level III),7
Operating Room/Suite,Neurologic Critical Care,79
Operating Room/Suite,Pediatric Cardiothoracic Critical Care,21
Operating Room/Suite,Pediatric Medical/Surgical Critical Care,23
Operating Room/Suite,Pediatric Step Down Unit (post-critical care),22
Operating Room/Suite,Surgical Cardiothoracic Critical Care,205
Operating Room/Suite,Surgical Critical Care,80
Operating Room/Suite,ONC Hematopoietic Stem Cell Transplant Ward,2
Operating Room/Suite,ONC General Hematology/Oncology Ward,164
Operating Room/Suite,ONC Pediatric Hematopoietic Stem Cell Transplant Ward,12
Operating Room/Suite,ONC Pediatric General Hematology/Oncology Ward,33
Operating Room/Suite,Exit,834
Postpartum Ward,Pediatric Medical Ward,2
Postpartum Ward,Medical Ward,1
Postpartum Ward,Postpartum Ward,47
Postpartum Ward,"Labor, Delivery, Recovery, Postpartum Suite (LDRP)",23
Postpartum Ward,Medical Critical Care,2
Postpartum Ward,Neonatal Critical Care (Level III),9
Postpartum Ward,Pediatric Cardiothoracic Critical Care,1
Postpartum Ward,ONC General Hematology/Oncology Ward,2
Postpartum Ward,ONC Pediatric General Hematology/Oncology Ward,6
Postpartum Ward,Exit,503
Pulmonary Ward,Endoscopy Suite,16
Pulmonary Ward,Medical Ward,5
Pulmonary Ward,Operating Room/Suite,10
Pulmonary Ward,Pulmonary Ward,8
Pulmonary Ward,Surgical Ward,1
Pulmonary Ward,Medical Cardiac Critical Care,3
Pulmonary Ward,Medical Critical Care,8
Pulmonary Ward,ONC General Hematology/Oncology Ward,1
Pulmonary Ward,Exit,106
Surgical Ward,Endoscopy Suite,9
Surgical Ward,Medical Ward,8
Surgical Ward,Medical/Surgical Ward,1
Surgical Ward,Neurology Ward,2
Surgical Ward,Operating Room/Suite,125
Surgical Ward,Surgical Ward,54
Surgical Ward,Medical Cardiac Critical Care,2
Surgical Ward,Medical Critical Care,4
Surgical Ward,Surgical Critical Care,8
Surgical Ward,ONC General Hematology/Oncology Ward,18
Surgical Ward,Exit,546
"Labor, Delivery, Recovery, Postpartum Suite (LDRP)",Medical Ward,1
"Labor, Delivery, Recovery, Postpartum Suite (LDRP)",Medical/Surgical Ward,1
"Labor, Delivery, Recovery, Postpartum Suite (LDRP)",Postpartum Ward,408
"Labor, Delivery, Recovery, Postpartum Suite (LDRP)","Labor, Delivery, Recovery, Postpartum Suite (LDRP)",74
"Labor, Delivery, Recovery, Postpartum Suite (LDRP)",Medical Critical Care,1
"Labor, Delivery, Recovery, Postpartum Suite (LDRP)",Neonatal Critical Care (Level III),20
"Labor, Delivery, Recovery, Postpartum Suite (LDRP)",Pediatric Cardiothoracic Critical Care,2
"Labor, Delivery, Recovery, Postpartum Suite (LDRP)",Surgical Critical Care,1
"Labor, Delivery, Recovery, Postpartum Suite (LDRP)",ONC Pediatric Hematopoietic Stem Cell Transplant Ward,1
"Labor, Delivery, Recovery, Postpartum Suite (LDRP)",Exit,44
Medical Cardiac Critical Care,Adult Step Down Unit (post-critical care),2
Medical Cardiac Critical Care,Medical Ward,78
Medical Cardiac Critical Care,Medical/Surgical Ward,8
Medical Cardiac Critical Care,Neurology Ward,2
Medical Cardiac Critical Care,Operating Room/Suite,13
Medical Cardiac Critical Care,Pulmonary Ward,3
Medical Cardiac Critical Care,Surgical Ward,2
Medical Cardiac Critical Care,Medical Cardiac Critical Care,2
Medical Cardiac Critical Care,Medical Critical Care,2
Medical Cardiac Critical Care,Neurologic Critical Care,2
Medical Cardiac Critical Care,Surgical Cardiothoracic Critical Care,2
Medical Cardiac Critical Care,ONC Hematopoietic Stem Cell Transplant Ward,1
Medical Cardiac Critical Care,Exit,27
Medical Critical Care,Adult Step Down Unit (post-critical care),1
Medical Critical Care,Medical Ward,65
Medical Critical Care,Medical/Surgical Ward,2
Medical Critical Care,Neurosurgical Ward,1
Medical Critical Care,Operating Room/Suite,11
Medical Critical Care,Postpartum Ward,2
Medical Critical Care,Pulmonary Ward,13
Medical Critical Care,Surgical Ward,5
Medical Critical Care,Medical Cardiac Critical Care,1
Medical Critical Care,Medical Critical Care,2
Medical Critical Care,ONC Hematopoietic Stem Cell Transplant Ward,1
Medical Critical Care,ONC General Hematology/Oncology Ward,11
Medical Critical Care,Exit,29
Neonatal Critical Care (Level III),Pediatric Medical Ward,3
Neonatal Critical Care (Level III),Operating Room/Suite,6
Neonatal Critical Care (Level III),Postpartum Ward,8
Neonatal Critical Care (Level III),"Labor, Delivery, Recovery, Postpartum Suite (LDRP)",1
Neonatal Critical Care (Level III),Neonatal Critical Care (Level III),174
Neonatal Critical Care (Level III),Pediatric Step Down Unit (post-critical care),2
Neonatal Critical Care (Level III),Step down Neonatal Nursery (Level II),34
Neonatal Critical Care (Level III),ONC Pediatric General Hematology/Oncology Ward,1
Neonatal Critical Care (Level III),Exit,44
Neurologic Critical Care,Medical Ward,3
Neurologic Critical Care,Neurology Ward,11
Neurologic Critical Care,Neurosurgical Ward,84
Neurologic Critical Care,Operating Room/Suite,13
Neurologic Critical Care,Surgical Ward,1
Neurologic Critical Care,Neurologic Critical Care,9
Neurologic Critical Care,Pediatric Medical/Surgical Critical Care,1
Neurologic Critical Care,ONC General Hematology/Oncology Ward,2
Neurologic Critical Care,Exit,46
Pediatric Cardiothoracic Critical Care,Pediatric Medical Ward,2
Pediatric Cardiothoracic Critical Care,Medical/Surgical Ward,1
Pediatric Cardiothoracic Critical Care,Operating Room/Suite,7
Pediatric Cardiothoracic Critical Care,Postpartum Ward,1
Pediatric Cardiothoracic Critical Care,Pediatric Cardiothoracic Critical Care,21
Pediatric Cardiothoracic Critical Care,Pediatric Step Down Unit (post-critical care),24
Pediatric Cardiothoracic Critical Care,Exit,8
Pediatric Medical/Surgical Critical Care,Pediatric Medical Ward,28
Pediatric Medical/Surgical Critical Care,Operating Room/Suite,4
Pediatric Medical/Surgical Critical Care,Neurologic Critical Care,2
Pediatric Medical/Surgical Critical Care,Pediatric Cardiothoracic Critical Care,1
Pediatric Medical/Surgical Critical Care,Pediatric Medical/Surgical Critical Care,18
Pediatric Medical/Surgical Critical Care,Pediatric Step Down Unit (post-critical care),9
Pediatric Medical/Surgical Critical Care,ONC Pediatric Hematopoietic Stem Cell Transplant Ward,2
Pediatric Medical/Surgical Critical Care,ONC Pediatric General Hematology/Oncology Ward,27
Pediatric Medical/Surgical Critical Care,Exit,14
Pediatric Step Down Unit (post-critical care),Pediatric Medical Ward,29
Pediatric Step Down Unit (post-critical care),Operating Room/Suite,5
Pediatric Step Down Unit (post-critical care),Neonatal Critical Care (Level III),2
Pediatric Step Down Unit (post-critical care),Pediatric Cardiothoracic Critical Care,2
Pediatric Step Down Unit (post-critical care),Pediatric Medical/Surgical Critical Care,5
Pediatric Step Down Unit (post-critical care),Pediatric Step Down Unit (post-critical care),19
Pediatric Step Down Unit (post-critical care),ONC Pediatric General Hematology/Oncology Ward,5
Pediatric Step Down Unit (post-critical care),Exit,48
Step down Neonatal Nursery (Level II),Operating Room/Suite,1
Step down Neonatal Nursery (Level II),Neonatal Critical Care (Level III),12
Step down Neonatal Nursery (Level II),Step down Neonatal Nursery (Level II),2
Step down Neonatal Nursery (Level II),Exit,21
Surgical Cardiothoracic Critical Care,Adult Step Down Unit (post-critical care),68
Surgical Cardiothoracic Critical Care,Medical Ward,1
Surgical Cardiothoracic Critical Care,Medical/Surgical Ward,139
Surgical Cardiothoracic Critical Care,Operating Room/Suite,28
Surgical Cardiothoracic Critical Care,Pulmonary Ward,1
Surgical Cardiothoracic Critical Care,Medical Cardiac Critical Care,1
Surgical Cardiothoracic Critical Care,Medical Critical Care,1
Surgical Cardiothoracic Critical Care,Neurologic Critical Care,1
Surgical Cardiothoracic Critical Care,Surgical Cardiothoracic Critical Care,21
Surgical Cardiothoracic Critical Care,ONC General Hematology/Oncology Ward,1
Surgical Cardiothoracic Critical Care,Exit,7
Surgical Critical Care,Medical Ward,9
Surgical Critical Care,Medical/Surgical Ward,9
Surgical Critical Care,Neurology Ward,8
Surgical Critical Care,Neurosurgical Ward,1
Surgical Critical Care,Operating Room/Suite,17
Surgical Critical Care,Postpartum Ward,1
Surgical Critical Care,Surgical Ward,58
Surgical Critical Care,Medical Critical Care,2
Surgical Critical Care,Neurologic Critical Care,3
Surgical Critical Care,Pediatric Step Down Unit (post-critical care),1
Surgical Critical Care,Surgical Critical Care,3
Surgical Critical Care,ONC General Hematology/Oncology Ward,2
Surgical Critical Care,Exit,15
ONC Hematopoietic Stem Cell Transplant Ward,Endoscopy Suite,3
ONC Hematopoietic Stem Cell Transplant Ward,Operating Room/Suite,2
ONC Hematopoietic Stem Cell Transplant Ward,Medical Cardiac Critical Care,1
ONC Hematopoietic Stem Cell Transplant Ward,Medical Critical Care,4
ONC Hematopoietic Stem Cell Transplant Ward,ONC Hematopoietic Stem Cell Transplant Ward,10
ONC Hematopoietic Stem Cell Transplant Ward,ONC General Hematology/Oncology Ward,3
ONC Hematopoietic Stem Cell Transplant Ward,Exit,47
ONC General Hematology/Oncology Ward,Endoscopy Suite,11
ONC General Hematology/Oncology Ward,Medical Ward,4
ONC General Hematology/Oncology Ward,Medical/Surgical Ward,1
ONC General Hematology/Oncology Ward,Neurosurgical Ward,2
ONC General Hematology/Oncology Ward,Operating Room/Suite,78
ONC General Hematology/Oncology Ward,Postpartum Ward,1
ONC General Hematology/Oncology Ward,Pulmonary Ward,3
ONC General Hematology/Oncology Ward,Surgical Ward,5
ONC General Hematology/Oncology Ward,"Labor, Delivery, Recovery, Postpartum Suite (LDRP)",1
ONC General Hematology/Oncology Ward,Medical Critical Care,11
ONC General Hematology/Oncology Ward,Neurologic Critical Care,1
ONC General Hematology/Oncology Ward,Surgical Critical Care,1
ONC General Hematology/Oncology Ward,ONC General Hematology/Oncology Ward,29
ONC General Hematology/Oncology Ward,Exit,533
ONC Pediatric Hematopoietic Stem Cell Transplant Ward,Operating Room/Suite,9
ONC Pediatric Hematopoietic Stem Cell Transplant Ward,Neonatal Critical Care (Level III),1
ONC Pediatric Hematopoietic Stem Cell Transplant Ward,Pediatric Medical/Surgical Critical Care,2
ONC Pediatric Hematopoietic Stem Cell Transplant Ward,ONC Pediatric Hematopoietic Stem Cell Transplant Ward,5
ONC Pediatric Hematopoietic Stem Cell Transplant Ward,ONC Pediatric General Hematology/Oncology Ward,1
ONC Pediatric Hematopoietic Stem Cell Transplant Ward,Exit,19
ONC Pediatric General Hematology/Oncology Ward,Operating Room/Suite,17
ONC Pediatric General Hematology/Oncology Ward,Pediatric Medical/Surgical Critical Care,9
ONC Pediatric General Hematology/Oncology Ward,Pediatric Step Down Unit (post-critical care),1
ONC Pediatric General Hematology/Oncology Ward,ONC Pediatric General Hematology/Oncology Ward,18
ONC Pediatric General Hematology/Oncology Ward,Exit,229
