source,destination,count
Entry,24-Hour Observation Area,100
Entry,Adult Step Down Unit (post-critical care),29
Entry,Ambulatory Surgery Center,651
Entry,Emergency Department,6674
Entry,Endoscopy Suite,7
Entry,Behavioral Health/Psych Ward,40
Entry,Pediatric Medical Ward,33
Entry,Medical Ward,266
Entry,Medical/Surgical Ward,125
Entry,Neurology Ward,39
Entry,Neurosurgical Ward,32
Entry,Operating Room/Suite,1761
Entry,Postpartum Ward,144
Entry,Pulmonary Ward,27
Entry,Surgical Ward,64
Entry,"Labor, Delivery, Recovery, Postpartum Suite (LDRP)",459
Entry,Medical Cardiac Critical Care,40
Entry,Medical Critical Care,21
Entry,Neonatal Critical Care (Level III),36
Entry,Neurologic Critical Care,29
Entry,Pediatric Cardiothoracic Critical Care,19
Entry,Pediatric Medical/Surgical Critical Care,23
Entry,Pediatric Step Down Unit (post-critical care),13
Entry,Surgical Cardiothoracic Critical Care,14
Entry,Surgical Critical Care,7
Entry,ONC Hematopoietic Stem Cell Transplant Ward,33
Entry,ONC General Hematology/Oncology Ward,139
Entry,ONC Pediatric Hematopoietic Stem Cell Transplant Ward,14
Entry,ONC Pediatric General Hematology/Oncology Ward,78
24-Hour Observation Area,Medical Ward,12
24-Hour Observation Area,Medical/Surgical Ward,13
24-Hour Observation Area,Neurology Ward,11
24-Hour Observation Area,Neurosurgical Ward,1
24-Hour Observation Area,Operating Room/Suite,9
24-Hour Observation Area,Surgical Ward,25
24-Hour Observation Area,Medical Cardiac Critical Care,2
24-Hour Observation Area,ONC General Hematology/Oncology Ward,13
24-Hour Observation Area,ONC Pediatric Hematopoietic Stem Cell Transplant Ward,1
24-Hour Observation Area,Exit,273
Adult Step Down Unit (post-critical care),Endoscopy Suite,8
Adult Step Down Unit (post-critical care),Medical Ward,1
Adult Step Down Unit (post-critical care),Medical/Surgical Ward,1
Adult Step Down Unit (post-critical care),Operating Room/Suite,35
Adult Step Down Unit (post-critical care),Surgical Ward,1
Adult Step Down Unit (post-critical care),Surgical Cardiothoracic Critical Care,7
Adult Step Down Unit (post-critical care),ONC General Hematology/Oncology Ward,2
Adult Step Down Unit (post-critical care),Exit,89
Ambulatory Surgery Center,24-Hour Observation Area,1
Ambulatory Surgery Center,Operating Room/Suite,1
Ambulatory Surgery Center,ONC General Hematology/Oncology Ward,1
Ambulatory Surgery Center,Exit,648
Emergency Department,Adult Step Down Unit (post-critical care),21
Emergency Department,Endoscopy Suite,6
Emergency Department,Pediatric Medical Ward,101
Emergency Department,Medical Ward,518
Emergency Department,Medical/Surgical Ward,146
Emergency Department,Neurology Ward,68
Emergency Department,Neurosurgical Ward,50
Emergency Department,Operating Room/Suite,102
Emergency Department,Postpartum Ward,2
Emergency Department,Pulmonary Ward,40
Emergency Department,Surgical Ward,208
Emergency Department,"Labor, Delivery, Recovery, Postpartum Suite (LDRP)",1
Emergency Department,Medical Cardiac Critical Care,30
Emergency Department,Medical Critical Care,65
Emergency Department,Neurologic Critical Care,45
Emergency Department,Pediatric Medical/Surgical Critical Care,41
Emergency Department,Pediatric Step Down Unit (post-critical care),2
Emergency Department,Surgical Cardiothoracic Critical Care,7
Emergency Department,Surgical Critical Care,47
Emergency Department,ONC Hematopoietic Stem Cell Transplant Ward,12
Emergency Department,ONC General Hematology/Oncology Ward,245
Emergency Department,ONC Pediatric Hematopoietic Stem Cell Transplant Ward,2
Emergency Department,ONC Pediatric General Hematology/Oncology Ward,101
Emergency Department,Exit,4879
Endoscopy Suite,Adult Step Down Unit (post-critical care),8
Endoscopy Suite,Emergency Department,5
Endoscopy Suite,Medical Ward,65
Endoscopy Suite,Medical/Surgical Ward,29
Endoscopy Suite,Neurology Ward,5
Endoscopy Suite,Neurosurgical Ward,2
Endoscopy Suite,Pulmonary Ward,18
Endoscopy Suite,Surgical Ward,28
Endoscopy Suite,Medical Critical Care,4
Endoscopy Suite,Neurologic Critical Care,3
Endoscopy Suite,ONC Hematopoietic Stem Cell Transplant Ward,3
Endoscopy Suite,ONC General Hematology/Oncology Ward,40
Endoscopy Suite,ONC Pediatric Hematopoietic Stem Cell Transplant Ward,1
Endoscopy Suite,Exit,7
Behavioral Health/Psych Ward,Exit,40
Pediatric Medical Ward,Operating Room/Suite,36
Pediatric Medical Ward,Surgical Ward,1
Pediatric Medical Ward,Pediatric Cardiothoracic Critical Care,2
Pediatric Medical Ward,Pediatric Medical/Surgical Critical Care,11
Pediatric Medical Ward,Pediatric Step Down Unit (post-critical care),1
Pediatric Medical Ward,ONC Pediatric Hematopoietic Stem Cell Transplant Ward,1
Pediatric Medical Ward,Exit,237
Medical Ward,24-Hour Observation Area,1
Medical Ward,Endoscopy Suite,65
Medical Ward,Medical/Surgical Ward,2
Medical Ward,Neurology Ward,1
Medical Ward,Operating Room/Suite,114
Medical Ward,Pulmonary Ward,6
Medical Ward,Surgical Ward,1
Medical Ward,Medical Cardiac Critical Care,34
Medical Ward,Medical Critical Care,12
Medical Ward,Neurologic Critical Care,7
Medical Ward,Surgical Critical Care,9
Medical Ward,ONC General Hematology/Oncology Ward,16
Medical Ward,Exit,884
Medical/Surgical Ward,Adult Step Down Unit (post-critical care),2
Medical/Surgical Ward,Endoscopy Suite,28
Medical/Surgical Ward,Pediatric Medical Ward,1
Medical/Surgical Ward,Medical Ward,9
Medical/Surgical Ward,Operating Room/Suite,143
Medical/Surgical Ward,Postpartum Ward,1
Medical/Surgical Ward,Pulmonary Ward,2
Medical/Surgical Ward,Surgical Ward,12
Medical/Surgical Ward,Medical Cardiac Critical Care,1
Medical/Surgical Ward,Medical Critical Care,2
Medical/Surgical Ward,Surgical Cardiothoracic Critical Care,10
Medical/Surgical Ward,Surgical Critical Care,6
Medical/Surgical Ward,ONC General Hematology/Oncology Ward,10
Medical/Surgical Ward,Exit,406
Neurology Ward,Endoscopy Suite,5
Neurology Ward,Medical Ward,1
Neurology Ward,Neurosurgical Ward,1
Neurology Ward,Operating Room/Suite,27
Neurology Ward,Medical Cardiac Critical Care,1
Neurology Ward,Neurologic Critical Care,5
Neurology Ward,Surgical Critical Care,1
Neurology Ward,Exit,172
Neurosurgical Ward,Endoscopy Suite,2
Neurosurgical Ward,Medical Ward,1
Neurosurgical Ward,Medical/Surgical Ward,1
Neurosurgical Ward,Operating Room/Suite,36
Neurosurgical Ward,Medical Critical Care,1
Neurosurgical Ward,Neurologic Critical Care,3
Neurosurgical Ward,Surgical Cardiothoracic Critical Care,1
Neurosurgical Ward,ONC General Hematology/Oncology Ward,1
Neurosurgical Ward,Exit,141
Operating Room/Suite,24-Hour Observation Area,263
Operating Room/Suite,Adult Step Down Unit (post-critical care),29
Operating Room/Suite,Pediatric Medical Ward,108
Operating Room/Suite,Medical Ward,85
Operating Room/Suite,Medical/Surgical Ward,164
Operating Room/Suite,Neurology Ward,56
Operating Room/Suite,Neurosurgical Ward,39
Operating Room/Suite,Postpartum Ward,2
Operating Room/Suite,Pulmonary Ward,8
Operating Room/Suite,Surgical Ward,344
Operating Room/Suite,"Labor, Delivery, Recovery, Postpartum Suite (LDRP)",2
Operating Room/Suite,Medical Cardiac Critical Care,15
Operating Room/Suite,Medical Critical Care,17
Operating Room/Suite,Neonatal Critical Care (Level III),14
Operating Room/Suite,Neurologic Critical Care,88
Operating Room/Suite,Pediatric Cardiothoracic Critical Care,24
Operating Room/Suite,Pediatric Medical/Surgical Critical Care,23
Operating Room/Suite,Pediatric Step Down Unit (post-critical care),1
Operating Room/Suite,Step down Neonatal Nursery (Level II),1
Operating Room/Suite,Surgical Cardiothoracic Critical Care,231
Operating Room/Suite,Surgical Critical Care,116
Operating Room/Suite,ONC Hematopoietic Stem Cell Transplant Ward,4
Operating Room/Suite,ONC General Hematology/Oncology Ward,151
Operating Room/Suite,ONC Pediatric Hematopoietic Stem Cell Transplant Ward,10
Operating Room/Suite,ONC Pediatric General Hematology/Oncology Ward,18
Operating Room/Suite,Exit,876
Postpartum Ward,Medical/Surgical Ward,1
Postpartum Ward,Operating Room/Suite,2
Postpartum Ward,"Labor, Delivery, Recovery, Postpartum Suite (LDRP)",21
Postpartum Ward,Neonatal Critical Care (Level III),7
Postpartum Ward,ONC Pediatric General Hematology/Oncology Ward,1
Postpartum Ward,Exit,544
Pulmonary Ward,Endoscopy Suite,18
Pulmonary Ward,Medical Ward,8
Pulmonary Ward,Operating Room/Suite,10
Pulmonary Ward,Medical Cardiac Critical Care,1
Pulmonary Ward,Medical Critical Care,8
Pulmonary Ward,Surgical Cardiothoracic Critical Care,1
Pulmonary Ward,Exit,80
Surgical Ward,Endoscopy Suite,28
Surgical Ward,Medical Ward,6
Surgical Ward,Medical/Surgical Ward,2
Surgical Ward,Neurology Ward,1
Surgical Ward,Operating Room/Suite,117
Surgical Ward,Pulmonary Ward,2
Surgical Ward,Medical Cardiac Critical Care,1
Surgical Ward,Surgical Critical Care,11
Surgical Ward,ONC General Hematology/Oncology Ward,4
Surgical Ward,Exit,564
"Labor, Delivery, Recovery, Postpartum Suite (LDRP)",Operating Room/Suite,2
"Labor, Delivery, Recovery, Postpartum Suite (LDRP)",Postpartum Ward,425
"Labor, Delivery, Recovery, Postpartum Suite (LDRP)",Neonatal Critical Care (Level III),15
"Labor, Delivery, Recovery, Postpartum Suite (LDRP)",Pediatric Cardiothoracic Critical Care,3
"Labor, Delivery, Recovery, Postpartum Suite (LDRP)",Exit,42
Medical Cardiac Critical Care,24-Hour Observation Area,1
Medical Cardiac Critical Care,Adult Step Down Unit (post-critical care),2
Medical Cardiac Critical Care,Medical Ward,74
Medical Cardiac Critical Care,Medical/Surgical Ward,6
Medical Cardiac Critical Care,Neurosurgical Ward,1
Medical Cardiac Critical Care,Operating Room/Suite,20
Medical Cardiac Critical Care,Pulmonary Ward,1
Medical Cardiac Critical Care,Medical Critical Care,3
Medical Cardiac Critical Care,Neurologic Critical Care,1
Medical Cardiac Critical Care,Surgical Cardiothoracic Critical Care,6
Medical Cardiac Critical Care,ONC General Hematology/Oncology Ward,1
Medical Cardiac Critical Care,Exit,18
Medical Critical Care,Endoscopy Suite,4
Medical Critical Care,Medical Ward,62
Medical Critical Care,Medical/Surgical Ward,2
Medical Critical Care,Neurology Ward,2
Medical Critical Care,Operating Room/Suite,17
Medical Critical Care,Pulmonary Ward,10
Medical Critical Care,Surgical Ward,3
Medical Critical Care,Medical Cardiac Critical Care,1
Medical Critical Care,Surgical Critical Care,1
Medical Critical Care,ONC Hematopoietic Stem Cell Transplant Ward,2
Medical Critical Care,ONC General Hematology/Oncology Ward,11
Medical Critical Care,Exit,31
Neonatal Critical Care (Level III),Pediatric Medical Ward,3
Neonatal Critical Care (Level III),Operating Room/Suite,14
Neonatal Critical Care (Level III),Postpartum Ward,5
Neonatal Critical Care (Level III),"Labor, Delivery, Recovery, Postpartum Suite (LDRP)",1
Neonatal Critical Care (Level III),Pediatric Cardiothoracic Critical Care,1
Neonatal Critical Care (Level III),Pediatric Medical/Surgical Critical Care,4
Neonatal Critical Care (Level III),Step down Neonatal Nursery (Level II),42
Neonatal Critical Care (Level III),ONC Pediatric Hematopoietic Stem Cell Transplant Ward,2
Neonatal Critical Care (Level III),ONC Pediatric General Hematology/Oncology Ward,6
Neonatal Critical Care (Level III),Exit,27
Neurologic Critical Care,Endoscopy Suite,2
Neurologic Critical Care,Medical Ward,18
Neurologic Critical Care,Medical/Surgical Ward,1
Neurologic Critical Care,Neurology Ward,24
Neurologic Critical Care,Neurosurgical Ward,61
Neurologic Critical Care,Operating Room/Suite,17
Neurologic Critical Care,Surgical Ward,2
Neurologic Critical Care,Medical Cardiac Critical Care,1
Neurologic Critical Care,Surgical Cardiothoracic Critical Care,1
Neurologic Critical Care,Surgical Critical Care,1
Neurologic Critical Care,ONC General Hematology/Oncology Ward,4
Neurologic Critical Care,Exit,52
Pediatric Cardiothoracic Critical Care,Pediatric Medical Ward,6
Pediatric Cardiothoracic Critical Care,Operating Room/Suite,3
Pediatric Cardiothoracic Critical Care,Postpartum Ward,1
Pediatric Cardiothoracic Critical Care,"Labor, Delivery, Recovery, Postpartum Suite (LDRP)",1
Pediatric Cardiothoracic Critical Care,Neonatal Critical Care (Level III),1
Pediatric Cardiothoracic Critical Care,Pediatric Step Down Unit (post-critical care),26
Pediatric Cardiothoracic Critical Care,ONC Pediatric Hematopoietic Stem Cell Transplant Ward,1
Pediatric Cardiothoracic Critical Care,ONC Pediatric General Hematology/Oncology Ward,1
Pediatric Cardiothoracic Critical Care,Exit,10
Pediatric Medical/Surgical Critical Care,Pediatric Medical Ward,42
Pediatric Medical/Surgical Critical Care,Neurology Ward,1
Pediatric Medical/Surgical Critical Care,Operating Room/Suite,9
Pediatric Medical/Surgical Critical Care,Pediatric Step Down Unit (post-critical care),4
Pediatric Medical/Surgical Critical Care,ONC Pediatric Hematopoietic Stem Cell Transplant Ward,6
Pediatric Medical/Surgical Critical Care,ONC Pediatric General Hematology/Oncology Ward,32
Pediatric Medical/Surgical Critical Care,Exit,27
Pediatric Step Down Unit (post-critical care),Pediatric Medical Ward,2
Pediatric Step Down Unit (post-critical care),Operating Room/Suite,2
Pediatric Step Down Unit (post-critical care),Pediatric Cardiothoracic Critical Care,4
Pediatric Step Down Unit (post-critical care),Exit,44
Step down Neonatal Nursery (Level II),Operating Room/Suite,2
Step down Neonatal Nursery (Level II),Neonatal Critical Care (Level III),21
Step down Neonatal Nursery (Level II),Pediatric Step Down Unit (post-critical care),1
Step down Neonatal Nursery (Level II),ONC Pediatric General Hematology/Oncology Ward,1
Step down Neonatal Nursery (Level II),Exit,17
Surgical Cardiothoracic Critical Care,Adult Step Down Unit (post-critical care),51
Surgical Cardiothoracic Critical Care,Medical Ward,1
Surgical Cardiothoracic Critical Care,Medical/Surgical Ward,132
Surgical Cardiothoracic Critical Care,Operating Room/Suite,66
Surgical Cardiothoracic Critical Care,Pulmonary Ward,2
Surgical Cardiothoracic Critical Care,Medical Cardiac Critical Care,6
Surgical Cardiothoracic Critical Care,Medical Critical Care,2
Surgical Cardiothoracic Critical Care,Neurologic Critical Care,1
Surgical Cardiothoracic Critical Care,Surgical Critical Care,1
Surgical Cardiothoracic Critical Care,Exit,12
Surgical Critical Care,Adult Step Down Unit (post-critical care),2
Surgical Critical Care,Pediatric Medical Ward,1
Surgical Critical Care,Medical Ward,17
Surgical Critical Care,Medical/Surgical Ward,20
Surgical Critical Care,Neurology Ward,9
Surgical Critical Care,Neurosurgical Ward,1
Surgical Critical Care,Operating Room/Suite,48
Surgical Critical Care,Pulmonary Ward,5
Surgical Critical Care,Surgical Ward,62
Surgical Critical Care,Medical Critical Care,3
Surgical Critical Care,Neurologic Critical Care,1
Surgical Critical Care,Pediatric Medical/Surgical Critical Care,1
Surgical Critical Care,Surgical Cardiothoracic Critical Care,1
Surgical Critical Care,ONC Hematopoietic Stem Cell Transplant Ward,1
Surgical Critical Care,ONC General Hematology/Oncology Ward,13
Surgical Critical Care,Exit,20
ONC Hematopoietic Stem Cell Transplant Ward,Endoscopy Suite,3
ONC Hematopoietic Stem Cell Transplant Ward,Operating Room/Suite,3
ONC Hematopoietic Stem Cell Transplant Ward,Medical Critical Care,2
ONC Hematopoietic Stem Cell Transplant Ward,ONC General Hematology/Oncology Ward,5
ONC Hematopoietic Stem Cell Transplant Ward,Exit,45
ONC General Hematology/Oncology Ward,Endoscopy Suite,40
ONC General Hematology/Oncology Ward,Medical Ward,2
ONC General Hematology/Oncology Ward,Operating Room/Suite,59
ONC General Hematology/Oncology Ward,Surgical Ward,1
ONC General Hematology/Oncology Ward,Medical Cardiac Critical Care,3
ONC General Hematology/Oncology Ward,Medical Critical Care,11
ONC General Hematology/Oncology Ward,Neurologic Critical Care,5
ONC General Hematology/Oncology Ward,Surgical Critical Care,8
ONC General Hematology/Oncology Ward,ONC Hematopoietic Stem Cell Transplant Ward,1
ONC General Hematology/Oncology Ward,Exit,519
ONC Pediatric Hematopoietic Stem Cell Transplant Ward,Endoscopy Suite,1
ONC Pediatric Hematopoietic Stem Cell Transplant Ward,Medical/Surgical Ward,1
ONC Pediatric Hematopoietic Stem Cell Transplant Ward,Operating Room/Suite,5
ONC Pediatric Hematopoietic Stem Cell Transplant Ward,Pediatric Medical/Surgical Critical Care,6
ONC Pediatric Hematopoietic Stem Cell Transplant Ward,Exit,28
ONC Pediatric General Hematology/Oncology Ward,Pediatric Medical Ward,1
ONC Pediatric General Hematology/Oncology Ward,Medical Ward,2
ONC Pediatric General Hematology/Oncology Ward,Operating Room/Suite,14
ONC Pediatric General Hematology/Oncology Ward,Pediatric Medical/Surgical Critical Care,9
ONC Pediatric General Hematology/Oncology Ward,ONC Pediatric Hematopoietic Stem Cell Transplant Ward,1
ONC Pediatric General Hematology/Oncology Ward,Exit,204
