source,destination,count
Entry,24-Hour Observation Area,118
Entry,Adult Step Down Unit (post-critical care),26
Entry,Ambulatory Surgery Center,583
Entry,Emergency Department,6743
Entry,Endoscopy Suite,14
Entry,Behavioral Health/Psych Ward,38
Entry,Pediatric Medical Ward,38
Entry,Medical Ward,273
Entry,Medical/Surgical Ward,136
Entry,Neurology Ward,57
Entry,Neurosurgical Ward,45
Entry,Operating Room/Suite,1758
Entry,Postpartum Ward,126
Entry,Pulmonary Ward,33
Entry,Surgical Ward,86
Entry,"Labor, Delivery, Recovery, Postpartum Suite (LDRP)",417
Entry,Medical Cardiac Critical Care,29
Entry,Medical Critical Care,24
Entry,Neonatal Critical Care (Level III),32
Entry,Neurologic Critical Care,23
Entry,Pediatric Cardiothoracic Critical Care,18
Entry,Pediatric Medical/Surgical Critical Care,17
Entry,Pediatric Step Down Unit (post-critical care),23
Entry,Surgical Cardiothoracic Critical Care,12
Entry,Surgical Critical Care,9
Entry,ONC Hematopoietic Stem Cell Transplant Ward,45
Entry,ONC General Hematology/Oncology Ward,142
Entry,ONC Pediatric Hematopoietic Stem Cell Transplant Ward,10
Entry,ONC Pediatric General Hematology/Oncology Ward,83
24-Hour Observation Area,Medical Ward,5
24-Hour Observation Area,Medical/Surgical Ward,1
24-Hour Observation Area,Operating Room/Suite,6
24-Hour Observation Area,Surgical Ward,2
24-Hour Observation Area,ONC General Hematology/Oncology Ward,5
24-Hour Observation Area,Exit,219
Adult Step Down Unit (post-critical care),Endoscopy Suite,8
Adult Step Down Unit (post-critical care),Operating Room/Suite,23
Adult Step Down Unit (post-critical care),Surgical Ward,1
Adult Step Down Unit (post-critical care),Medical Cardiac Critical Care,1
Adult Step Down Unit (post-critical care),Medical Critical Care,2
Adult Step Down Unit (post-critical care),Surgical Cardiothoracic Critical Care,5
Adult Step Down Unit (post-critical care),Exit,98
Ambulatory Surgery Center,24-Hour Observation Area,1
Ambulatory Surgery Center,Pediatric Medical Ward,1
Ambulatory Surgery Center,Exit,581
Emergency Department,Adult Step Down Unit (post-critical care),17
Emergency Department,Endoscopy Suite,6
Emergency Department,Pediatric Medical Ward,98
Emergency Department,Medical Ward,498
Emergency Department,Medical/Surgical Ward,136
Emergency Department,Neurology Ward,78
Emergency Department,Neurosurgical Ward,101
Emergency Department,Operating Room/Suite,65
Emergency Department,Postpartum Ward,1
Emergency Department,Pulmonary Ward,49
Emergency Department,Surgical Ward,179
Emergency Department,Medical Cardiac Critical Care,42
Emergency Department,Medical Critical Care,65
Emergency Department,Neonatal Critical Care (Level III),1
Emergency Department,Neurologic Critical Care,56
Emergency Department,Pediatric Cardiothoracic Critical Care,2
Emergency Department,Pediatric Medical/Surgical Critical Care,34
Emergency Department,Pediatric Step Down Unit (post-critical care),7
Emergency Department,Surgical Cardiothoracic Critical Care,9
Emergency Department,Surgical Critical Care,59
Emergency Department,ONC Hematopoietic Stem Cell Transplant Ward,13
Emergency Department,ONC General Hematology/Oncology Ward,210
Emergency Department,ONC Pediatric General Hematology/Oncology Ward,87
Emergency Department,Exit,4958
Endoscopy Suite,Adult Step Down Unit (post-critical care),8
Endoscopy Suite,Emergency Department,4
Endoscopy Suite,Medical Ward,62
Endoscopy Suite,Medical/Surgical Ward,29
Endoscopy Suite,Neurology Ward,6
Endoscopy Suite,Neurosurgical Ward,1
Endoscopy Suite,Pulmonary Ward,14
Endoscopy Suite,Surgical Ward,22
Endoscopy Suite,Medical Cardiac Critical Care,1
Endoscopy Suite,ONC Hematopoietic Stem Cell Transplant Ward,3
Endoscopy Suite,ONC General Hematology/Oncology Ward,22
Endoscopy Suite,Exit,14
Behavioral Health/Psych Ward,Exit,35
Pediatric Medical Ward,Emergency Department,1
Pediatric Medical Ward,Operating Room/Suite,48
Pediatric Medical Ward,Pediatric Cardiothoracic Critical Care,1
Pediatric Medical Ward,Pediatric Medical/Surgical Critical Care,9
Pediatric Medical Ward,ONC Pediatric General Hematology/Oncology Ward,3
Pediatric Medical Ward,Exit,231
Medical Ward,Adult Step Down Unit (post-critical care),1
Medical Ward,Emergency Department,5
Medical Ward,Endoscopy Suite,62
Medical Ward,Medical/Surgical Ward,4
Medical Ward,Operating Room/Suite,100
Medical Ward,Pulmonary Ward,5
Medical Ward,Surgical Ward,5
Medical Ward,Medical Cardiac Critical Care,43
Medical Ward,Medical Critical Care,8
Medical Ward,Neurologic Critical Care,7
Medical Ward,Surgical Cardiothoracic Critical Care,1
Medical Ward,Surgical Critical Care,3
Medical Ward,ONC General Hematology/Oncology Ward,12
Medical Ward,Exit,875
Medical/Surgical Ward,Adult Step Down Unit (post-critical care),1
Medical/Surgical Ward,Endoscopy Suite,29
Medical/Surgical Ward,Medical Ward,10
Medical/Surgical Ward,Operating Room/Suite,164
Medical/Surgical Ward,Pulmonary Ward,3
Medical/Surgical Ward,Surgical Ward,13
Medical/Surgical Ward,Medical Cardiac Critical Care,2
Medical/Surgical Ward,Medical Critical Care,8
Medical/Surgical Ward,Neurologic Critical Care,2
Medical/Surgical Ward,Surgical Cardiothoracic Critical Care,13
Medical/Surgical Ward,Surgical Critical Care,3
Medical/Surgical Ward,ONC General Hematology/Oncology Ward,5
Medical/Surgical Ward,Exit,414
Neurology Ward,Emergency Department,1
Neurology Ward,Endoscopy Suite,6
Neurology Ward,Medical Ward,1
Neurology Ward,Operating Room/Suite,32
Neurology Ward,Surgical Ward,2
Neurology Ward,Medical Critical Care,2
Neurology Ward,Neurologic Critical Care,3
Neurology Ward,Surgical Critical Care,2
Neurology Ward,ONC General Hematology/Oncology Ward,4
Neurology Ward,Exit,200
Neurosurgical Ward,Emergency Department,1
Neurosurgical Ward,Endoscopy Suite,1
Neurosurgical Ward,Medical Ward,1
Neurosurgical Ward,Operating Room/Suite,52
Neurosurgical Ward,Surgical Ward,2
Neurosurgical Ward,Medical Critical Care,1
Neurosurgical Ward,Neurologic Critical Care,6
Neurosurgical Ward,ONC General Hematology/Oncology Ward,4
Neurosurgical Ward,Exit,202
Operating Room/Suite,24-Hour Observation Area,124
Operating Room/Suite,Adult Step Down Unit (post-critical care),26
Operating Room/Suite,Pediatric Medical Ward,115
Operating Room/Suite,Medical Ward,69
Operating Room/Suite,Medical/Surgical Ward,187
Operating Room/Suite,Neurology Ward,81
Operating Room/Suite,Neurosurgical Ward,58
Operating Room/Suite,Postpartum Ward,1
Operating Room/Suite,Pulmonary Ward,3
Operating Room/Suite,Surgical Ward,371
Operating Room/Suite,"Labor, Delivery, Recovery, Postpartum Suite (LDRP)",3
Operating Room/Suite,Medical Cardiac Critical Care,12
Operating Room/Suite,Medical Critical Care,12
Operating Room/Suite,Neonatal Critical Care (Level III),12
Operating Room/Suite,Neurologic Critical Care,89
Operating Room/Suite,Pediatric Cardiothoracic Critical Care,35
Operating Room/Suite,Pediatric Medical/Surgical Critical Care,32
Operating Room/Suite,Pediatric Step Down Unit (post-critical care),1
Operating Room/Suite,Surgical Cardiothoracic Critical Care,215
Operating Room/Suite,Surgical Critical Care,92
Operating Room/Suite,ONC Hematopoietic Stem Cell Transplant Ward,1
Operating Room/Suite,ONC General Hematology/Oncology Ward,175
Operating Room/Suite,ONC Pediatric Hematopoietic Stem Cell Transplant Ward,7
Operating Room/Suite,ONC Pediatric General Hematology/Oncology Ward,14
Operating Room/Suite,Exit,903
Postpartum Ward,Operating Room/Suite,1
Postpartum Ward,"Labor, Delivery, Recovery, Postpartum Suite (LDRP)",18
Postpartum Ward,Neonatal Critical Care (Level III),14
Postpartum Ward,Neurologic Critical Care,1
Postpartum Ward,ONC Pediatric General Hematology/Oncology Ward,4
Postpartum Ward,Exit,465
Pulmonary Ward,Emergency Department,1
Pulmonary Ward,Endoscopy Suite,14
Pulmonary Ward,Medical Ward,6
Pulmonary Ward,Operating Room/Suite,4
Pulmonary Ward,Medical Critical Care,3
Pulmonary Ward,Surgical Critical Care,1
Pulmonary Ward,ONC General Hematology/Oncology Ward,1
Pulmonary Ward,Exit,97
Surgical Ward,Emergency Department,10
Surgical Ward,Endoscopy Suite,22
Surgical Ward,Medical Ward,2
Surgical Ward,Medical/Surgical Ward,1
Surgical Ward,Neurology Ward,1
Surgical Ward,Neurosurgical Ward,1
Surgical Ward,Operating Room/Suite,129
Surgical Ward,Medical Cardiac Critical Care,1
Surgical Ward,Neurologic Critical Care,2
Surgical Ward,Surgical Critical Care,11
Surgical Ward,ONC General Hematology/Oncology Ward,9
Surgical Ward,Exit,541
"Labor, Delivery, Recovery, Postpartum Suite (LDRP)",Operating Room/Suite,4
"Labor, Delivery, Recovery, Postpartum Suite (LDRP)",Postpartum Ward,367
"Labor, Delivery, Recovery, Postpartum Suite (LDRP)",Neonatal Critical Care (Level III),16
"Labor, Delivery, Recovery, Postpartum Suite (LDRP)",Surgical Critical Care,2
"Labor, Delivery, Recovery, Postpartum Suite (LDRP)",Exit,54
Medical Cardiac Critical Care,Adult Step Down Unit (post-critical care),5
Medical Cardiac Critical Care,Emergency Department,1
Medical Cardiac Critical Care,Medical Ward,81
Medical Cardiac Critical Care,Medical/Surgical Ward,8
Medical Cardiac Critical Care,Operating Room/Suite,16
Medical Cardiac Critical Care,Pulmonary Ward,5
Medical Cardiac Critical Care,Surgical Ward,1
Medical Cardiac Critical Care,Medical Critical Care,2
Medical Cardiac Critical Care,ONC General Hematology/Oncology Ward,4
Medical Cardiac Critical Care,Exit,16
Medical Critical Care,Adult Step Down Unit (post-critical care),2
Medical Critical Care,Emergency Department,1
Medical Critical Care,Medical Ward,65
Medical Critical Care,Medical/Surgical Ward,2
Medical Critical Care,Operating Room/Suite,13
Medical Critical Care,Pulmonary Ward,11
Medical Critical Care,Surgical Ward,4
Medical Critical Care,Neurologic Critical Care,1
Medical Critical Care,Surgical Cardiothoracic Critical Care,1
Medical Critical Care,ONC Hematopoietic Stem Cell Transplant Ward,3
Medical Critical Care,ONC General Hematology/Oncology Ward,17
Medical Critical Care,Exit,19
Neonatal Critical Care (Level III),Operating Room/Suite,10
Neonatal Critical Care (Level III),Postpartum Ward,11
Neonatal Critical Care (Level III),"Labor, Delivery, Recovery, Postpartum Suite (LDRP)",2
Neonatal Critical Care (Level III),Pediatric Cardiothoracic Critical Care,3
Neonatal Critical Care (Level III),Pediatric Medical/Surgical Critical Care,2
Neonatal Critical Care (Level III),Pediatric Step Down Unit (post-critical care),3
Neonatal Critical Care (Level III),Step down Neonatal Nursery (Level II),29
Neonatal Critical Care (Level III),ONC Pediatric Hematopoietic Stem Cell Transplant Ward,1
Neonatal Critical Care (Level III),ONC Pediatric General Hematology/Oncology Ward,2
Neonatal Critical Care (Level III),Exit,35
Neurologic Critical Care,Medical Ward,13
Neurologic Critical Care,Medical/Surgical Ward,1
Neurologic Critical Care,Neurology Ward,21
Neurologic Critical Care,Neurosurgical Ward,58
Neurologic Critical Care,Operating Room/Suite,17
Neurologic Critical Care,Postpartum Ward,1
Neurologic Critical Care,Pulmonary Ward,1
Neurologic Critical Care,Surgical Ward,1
Neurologic Critical Care,Medical Critical Care,1
Neurologic Critical Care,ONC General Hematology/Oncology Ward,7
Neurologic Critical Care,Exit,72
Pediatric Cardiothoracic Critical Care,Adult Step Down Unit (post-critical care),1
Pediatric Cardiothoracic Critical Care,Pediatric Medical Ward,5
Pediatric Cardiothoracic Critical Care,Operating Room/Suite,11
Pediatric Cardiothoracic Critical Care,Neonatal Critical Care (Level III),1
Pediatric Cardiothoracic Critical Care,Pediatric Medical/Surgical Critical Care,5
Pediatric Cardiothoracic Critical Care,Pediatric Step Down Unit (post-critical care),33
Pediatric Cardiothoracic Critical Care,ONC Pediatric Hematopoietic Stem Cell Transplant Ward,1
Pediatric Cardiothoracic Critical Care,ONC Pediatric General Hematology/Oncology Ward,1
Pediatric Cardiothoracic Critical Care,Exit,7
Pediatric Medical/Surgical Critical Care,Pediatric Medical Ward,36
Pediatric Medical/Surgical Critical Care,Medical Ward,1
Pediatric Medical/Surgical Critical Care,Operating Room/Suite,15
Pediatric Medical/Surgical Critical Care,Pediatric Cardiothoracic Critical Care,1
Pediatric Medical/Surgical Critical Care,Pediatric Step Down Unit (post-critical care),2
Pediatric Medical/Surgical Critical Care,ONC Pediatric Hematopoietic Stem Cell Transplant Ward,4
Pediatric Medical/Surgical Critical Care,ONC Pediatric General Hematology/Oncology Ward,38
Pediatric Medical/Surgical Critical Care,Exit,17
Pediatric Step Down Unit (post-critical care),Pediatric Medical Ward,5
Pediatric Step Down Unit (post-critical care),Operating Room/Suite,5
Pediatric Step Down Unit (post-critical care),Pediatric Cardiothoracic Critical Care,7
Pediatric Step Down Unit (post-critical care),Exit,51
Step down Neonatal Nursery (Level II),Operating Room/Suite,2
Step down Neonatal Nursery (Level II),Neonatal Critical Care (Level III),19
Step down Neonatal Nursery (Level II),ONC Pediatric General Hematology/Oncology Ward,1
Step down Neonatal Nursery (Level II),Exit,7
Surgical Cardiothoracic Critical Care,Adult Step Down Unit (post-critical care),51
Surgical Cardiothoracic Critical Care,Medical Ward,3
Surgical Cardiothoracic Critical Care,Medical/Surgical Ward,148
Surgical Cardiothoracic Critical Care,Operating Room/Suite,46
Surgical Cardiothoracic Critical Care,Medical Cardiac Critical Care,3
Surgical Cardiothoracic Critical Care,Surgical Critical Care,1
Surgical Cardiothoracic Critical Care,Exit,9
Surgical Critical Care,Adult Step Down Unit (post-critical care),1
Surgical Critical Care,Emergency Department,2
Surgical Critical Care,Medical Ward,15
Surgical Critical Care,Medical/Surgical Ward,16
Surgical Critical Care,Neurology Ward,8
Surgical Critical Care,Neurosurgical Ward,1
Surgical Critical Care,Operating Room/Suite,48
Surgical Critical Care,Postpartum Ward,1
Surgical Critical Care,Pulmonary Ward,3
Surgical Critical Care,Surgical Ward,49
Surgical Critical Care,"Labor, Delivery, Recovery, Postpartum Suite (LDRP)",2
Surgical Critical Care,Medical Cardiac Critical Care,2
Surgical Critical Care,Medical Critical Care,1
Surgical Critical Care,Neurologic Critical Care,3
Surgical Critical Care,Surgical Cardiothoracic Critical Care,2
Surgical Critical Care,ONC Hematopoietic Stem Cell Transplant Ward,1
Surgical Critical Care,ONC General Hematology/Oncology Ward,12
Surgical Critical Care,ONC Pediatric General Hematology/Oncology Ward,1
Surgical Critical Care,Exit,19
ONC Hematopoietic Stem Cell Transplant Ward,Endoscopy Suite,3
ONC Hematopoietic Stem Cell Transplant Ward,Medical Ward,1
ONC Hematopoietic Stem Cell Transplant Ward,Operating Room/Suite,2
ONC Hematopoietic Stem Cell Transplant Ward,Medical Cardiac Critical Care,1
ONC Hematopoietic Stem Cell Transplant Ward,Medical Critical Care,2
ONC Hematopoietic Stem Cell Transplant Ward,ONC General Hematology/Oncology Ward,1
ONC Hematopoietic Stem Cell Transplant Ward,Exit,53
ONC General Hematology/Oncology Ward,Endoscopy Suite,21
ONC General Hematology/Oncology Ward,Medical Ward,9
ONC General Hematology/Oncology Ward,Neurosurgical Ward,1
ONC General Hematology/Oncology Ward,Operating Room/Suite,57
ONC General Hematology/Oncology Ward,Postpartum Ward,1
ONC General Hematology/Oncology Ward,Pulmonary Ward,3
ONC General Hematology/Oncology Ward,Surgical Ward,1
ONC General Hematology/Oncology Ward,Medical Cardiac Critical Care,5
ONC General Hematology/Oncology Ward,Medical Critical Care,12
ONC General Hematology/Oncology Ward,Neurologic Critical Care,3
ONC General Hematology/Oncology Ward,Pediatric Medical/Surgical Critical Care,1
ONC General Hematology/Oncology Ward,Surgical Critical Care,5
ONC General Hematology/Oncology Ward,Exit,515
ONC Pediatric Hematopoietic Stem Cell Transplant Ward,Operating Room/Suite,5
ONC Pediatric Hematopoietic Stem Cell Transplant Ward,Pediatric Medical/Surgical Critical Care,2
ONC Pediatric Hematopoietic Stem Cell Transplant Ward,Exit,13
ONC Pediatric General Hematology/Oncology Ward,Pediatric Medical Ward,1
ONC Pediatric General Hematology/Oncology Ward,Operating Room/Suite,13
ONC Pediatric General Hematology/Oncology Ward,Pediatric Medical/Surgical Critical Care,10
ONC Pediatric General Hematology/Oncology Ward,Surgical Critical Care,1
ONC Pediatric General Hematology/Oncology Ward,Exit,211
