source,destination,count
Entry,24-Hour Observation Area,97
Entry,Adult Step Down Unit (post-critical care),25
Entry,Ambulatory Surgery Center,571
Entry,Emergency Department,6277
Entry,Endoscopy Suite,1
Entry,Behavioral Health/Psych Ward,41
Entry,Pediatric Medical Ward,46
Entry,Medical Ward,280
Entry,Medical/Surgical Ward,142
Entry,Neurology Ward,44
Entry,Neurosurgical Ward,23
Entry,Operating Room/Suite,1696
Entry,Postpartum Ward,162
Entry,Pulmonary Ward,31
Entry,Surgical Ward,65
Entry,"Labor, Delivery, Recovery, Postpartum Suite (LDRP)",492
Entry,Medical Cardiac Critical Care,26
Entry,Medical Critical Care,35
Entry,Neonatal Critical Care (Level III),44
Entry,Neurologic Critical Care,22
Entry,Pediatric Cardiothoracic Critical Care,8
Entry,Pediatric Medical/Surgical Critical Care,25
Entry,Pediatric Step Down Unit (post-critical care),20
Entry,Surgical Cardiothoracic Critical Care,11
Entry,Surgical Critical Care,3
Entry,ONC Hematopoietic Stem Cell Transplant Ward,26
Entry,ONC General Hematology/Oncology Ward,129
Entry,ONC Pediatric Hematopoietic Stem Cell Transplant Ward,17
Entry,ONC Pediatric General Hematology/Oncology Ward,89
24-Hour Observation Area,Adult Step Down Unit (post-critical care),1
24-Hour Observation Area,Medical Ward,5
24-Hour Observation Area,Medical/Surgical Ward,15
24-Hour Observation Area,Neurology Ward,14
24-Hour Observation Area,Operating Room/Suite,8
24-Hour Observation Area,Surgical Ward,28
24-Hour Observation Area,"Labor, Delivery, Recovery, Postpartum Suite (LDRP)",1
24-Hour Observation Area,Medical Cardiac Critical Care,1
24-Hour Observation Area,ONC General Hematology/Oncology Ward,10
24-Hour Observation Area,Exit,267
Adult Step Down Unit (post-critical care),Endoscopy Suite,7
Adult Step Down Unit (post-critical care),Medical Ward,2
Adult Step Down Unit (post-critical care),Operating Room/Suite,22
Adult Step Down Unit (post-critical care),Pulmonary Ward,1
Adult Step Down Unit (post-critical care),Medical Critical Care,2
Adult Step Down Unit (post-critical care),Surgical Cardiothoracic Critical Care,6
Adult Step Down Unit (post-critical care),ONC General Hematology/Oncology Ward,1
Adult Step Down Unit (post-critical care),Exit,107
Ambulatory Surgery Center,24-Hour Observation Area,2
Ambulatory Surgery Center,Surgical Critical Care,1
Ambulatory Surgery Center,Exit,568
Emergency Department,Adult Step Down Unit (post-critical care),24
Emergency Department,Endoscopy Suite,13
Emergency Department,Pediatric Medical Ward,73
Emergency Department,Medical Ward,508
Emergency Department,Medical/Surgical Ward,173
Emergency Department,Neurology Ward,70
Emergency Department,Neurosurgical Ward,72
Emergency Department,Operating Room/Suite,110
Emergency Department,Pulmonary Ward,48
Emergency Department,Surgical Ward,229
Emergency Department,"Labor, Delivery, Recovery, Postpartum Suite (LDRP)",2
Emergency Department,Medical Cardiac Critical Care,38
Emergency Department,Medical Critical Care,55
Emergency Department,Neurologic Critical Care,45
Emergency Department,Pediatric Cardiothoracic Critical Care,2
Emergency Department,Pediatric Medical/Surgical Critical Care,24
Emergency Department,Pediatric Step Down Unit (post-critical care),5
Emergency Department,Surgical Cardiothoracic Critical Care,4
Emergency Department,Surgical Critical Care,53
Emergency Department,ONC Hematopoietic Stem Cell Transplant Ward,13
Emergency Department,ONC General Hematology/Oncology Ward,185
Emergency Department,ONC Pediatric General Hematology/Oncology Ward,83
Emergency Department,Exit,4478
Endoscopy Suite,Adult Step Down Unit (post-critical care),7
Endoscopy Suite,Emergency Department,13
Endoscopy Suite,Medical Ward,49
Endoscopy Suite,Medical/Surgical Ward,33
Endoscopy Suite,Neurology Ward,2
Endoscopy Suite,Neurosurgical Ward,1
Endoscopy Suite,Operating Room/Suite,2
Endoscopy Suite,Pulmonary Ward,8
Endoscopy Suite,Surgical Ward,28
Endoscopy Suite,Medical Cardiac Critical Care,1
Endoscopy Suite,Medical Critical Care,2
Endoscopy Suite,Neurologic Critical Care,1
Endoscopy Suite,Surgical Critical Care,1
Endoscopy Suite,ONC Hematopoietic Stem Cell Transplant Ward,12
Endoscopy Suite,ONC General Hematology/Oncology Ward,18
Endoscopy Suite,Exit,1
Behavioral Health/Psych Ward,Exit,45
Pediatric Medical Ward,Medical Ward,2
Pediatric Medical Ward,Operating Room/Suite,34
Pediatric Medical Ward,Pulmonary Ward,1
Pediatric Medical Ward,Pediatric Medical/Surgical Critical Care,13
Pediatric Medical Ward,Pediatric Step Down Unit (post-critical care),2
Pediatric Medical Ward,ONC Pediatric General Hematology/Oncology Ward,1
Pediatric Medical Ward,Exit,228
Medical Ward,24-Hour Observation Area,1
Medical Ward,Endoscopy Suite,51
Medical Ward,Medical/Surgical Ward,4
Medical Ward,Neurosurgical Ward,2
Medical Ward,Operating Room/Suite,100
Medical Ward,Pulmonary Ward,6
Medical Ward,Surgical Ward,2
Medical Ward,Medical Cardiac Critical Care,29
Medical Ward,Medical Critical Care,19
Medical Ward,Neurologic Critical Care,4
Medical Ward,Surgical Cardiothoracic Critical Care,3
Medical Ward,Surgical Critical Care,10
Medical Ward,ONC General Hematology/Oncology Ward,19
Medical Ward,Exit,863
Medical/Surgical Ward,Adult Step Down Unit (post-critical care),2
Medical/Surgical Ward,Emergency Department,1
Medical/Surgical Ward,Endoscopy Suite,33
Medical/Surgical Ward,Medical Ward,12
Medical/Surgical Ward,Neurology Ward,1
Medical/Surgical Ward,Operating Room/Suite,175
Medical/Surgical Ward,Pulmonary Ward,1
Medical/Surgical Ward,Surgical Ward,8
Medical/Surgical Ward,Medical Cardiac Critical Care,2
Medical/Surgical Ward,Medical Critical Care,7
Medical/Surgical Ward,Neurologic Critical Care,2
Medical/Surgical Ward,Surgical Cardiothoracic Critical Care,11
Medical/Surgical Ward,Surgical Critical Care,1
Medical/Surgical Ward,ONC General Hematology/Oncology Ward,13
Medical/Surgical Ward,Exit,439
Neurology Ward,24-Hour Observation Area,1
Neurology Ward,Endoscopy Suite,2
Neurology Ward,Medical Ward,1
Neurology Ward,Operating Room/Suite,23
Neurology Ward,Surgical Ward,1
Neurology Ward,Medical Critical Care,4
Neurology Ward,Exit,182
Neurosurgical Ward,Endoscopy Suite,1
Neurosurgical Ward,Medical Ward,1
Neurosurgical Ward,Medical/Surgical Ward,1
Neurosurgical Ward,Operating Room/Suite,41
Neurosurgical Ward,Surgical Ward,1
Neurosurgical Ward,Medical Critical Care,2
Neurosurgical Ward,Neurologic Critical Care,5
Neurosurgical Ward,Surgical Critical Care,1
Neurosurgical Ward,ONC General Hematology/Oncology Ward,1
Neurosurgical Ward,ONC Pediatric General Hematology/Oncology Ward,1
Neurosurgical Ward,Exit,161
Operating Room/Suite,24-Hour Observation Area,243
Operating Room/Suite,Adult Step Down Unit (post-critical care),28
Operating Room/Suite,Pediatric Medical Ward,118
Operating Room/Suite,Medical Ward,82
Operating Room/Suite,Medical/Surgical Ward,149
Operating Room/Suite,Neurology Ward,60
Operating Room/Suite,Neurosurgical Ward,51
Operating Room/Suite,Postpartum Ward,1
Operating Room/Suite,Pulmonary Ward,14
Operating Room/Suite,Surgical Ward,360
Operating Room/Suite,"Labor, Delivery, Recovery, Postpartum Suite (LDRP)",3
Operating Room/Suite,Medical Cardiac Critical Care,19
Operating Room/Suite,Medical Critical Care,16
Operating Room/Suite,Neonatal Critical Care (Level III),10
Operating Room/Suite,Neurologic Critical Care,84
Operating Room/Suite,Pediatric Cardiothoracic Critical Care,28
Operating Room/Suite,Pediatric Medical/Surgical Critical Care,37
Operating Room/Suite,Pediatric Step Down Unit (post-critical care),2
Operating Room/Suite,Surgical Cardiothoracic Critical Care,209
Operating Room/Suite,Surgical Critical Care,110
Operating Room/Suite,ONC Hematopoietic Stem Cell Transplant Ward,1
Operating Room/Suite,ONC General Hematology/Oncology Ward,136
Operating Room/Suite,ONC Pediatric Hematopoietic Stem Cell Transplant Ward,10
Operating Room/Suite,ONC Pediatric General Hematology/Oncology Ward,21
Operating Room/Suite,Exit,844
Postpartum Ward,Pediatric Medical Ward,1
Postpartum Ward,Neurosurgical Ward,1
Postpartum Ward,Operating Room/Suite,1
Postpartum Ward,"Labor, Delivery, Recovery, Postpartum Suite (LDRP)",15
Postpartum Ward,Medical Critical Care,1
Postpartum Ward,Neonatal Critical Care (Level III),17
Postpartum Ward,ONC General Hematology/Oncology Ward,1
Postpartum Ward,ONC Pediatric General Hematology/Oncology Ward,5
Postpartum Ward,Exit,584
Pulmonary Ward,Endoscopy Suite,9
Pulmonary Ward,Medical Ward,7
Pulmonary Ward,Operating Room/Suite,11
Pulmonary Ward,Surgical Ward,1
Pulmonary Ward,Medical Cardiac Critical Care,1
Pulmonary Ward,Medical Critical Care,7
Pulmonary Ward,Surgical Cardiothoracic Critical Care,1
Pulmonary Ward,Surgical Critical Care,2
Pulmonary Ward,ONC General Hematology/Oncology Ward,3
Pulmonary Ward,Exit,90
Surgical Ward,Endoscopy Suite,29
Surgical Ward,Medical Ward,2
Surgical Ward,Medical/Surgical Ward,1
Surgical Ward,Neurology Ward,1
Surgical Ward,Operating Room/Suite,133
Surgical Ward,Pulmonary Ward,4
Surgical Ward,Medical Cardiac Critical Care,1
Surgical Ward,Medical Critical Care,4
Surgical Ward,Neurologic Critical Care,1
Surgical Ward,Surgical Cardiothoracic Critical Care,1
Surgical Ward,Surgical Critical Care,8
Surgical Ward,ONC General Hematology/Oncology Ward,8
Surgical Ward,Exit,592
"Labor, Delivery, Recovery, Postpartum Suite (LDRP)",Operating Room/Suite,1
"Labor, Delivery, Recovery, Postpartum Suite (LDRP)",Postpartum Ward,450
"Labor, Delivery, Recovery, Postpartum Suite (LDRP)",Medical Cardiac Critical Care,2
"Labor, Delivery, Recovery, Postpartum Suite (LDRP)",Neonatal Critical Care (Level III),19
"Labor, Delivery, Recovery, Postpartum Suite (LDRP)",Pediatric Cardiothoracic Critical Care,4
"Labor, Delivery, Recovery, Postpartum Suite (LDRP)",Surgical Critical Care,1
"Labor, Delivery, Recovery, Postpartum Suite (LDRP)",Exit,41
Medical Cardiac Critical Care,Medical Ward,70
Medical Cardiac Critical Care,Medical/Surgical Ward,9
Medical Cardiac Critical Care,Neurosurgical Ward,1
Medical Cardiac Critical Care,Operating Room/Suite,24
Medical Cardiac Critical Care,Postpartum Ward,1
Medical Cardiac Critical Care,Pulmonary Ward,2
Medical Cardiac Critical Care,"Labor, Delivery, Recovery, Postpartum Suite (LDRP)",1
Medical Cardiac Critical Care,Neurologic Critical Care,1
Medical Cardiac Critical Care,Surgical Cardiothoracic Critical Care,4
Medical Cardiac Critical Care,ONC General Hematology/Oncology Ward,1
Medical Cardiac Critical Care,Exit,15
Medical Critical Care,Adult Step Down Unit (post-critical care),2
Medical Critical Care,Endoscopy Suite,2
Medical Critical Care,Medical Ward,55
Medical Critical Care,Medical/Surgical Ward,6
Medical Critical Care,Neurology Ward,1
Medical Critical Care,Operating Room/Suite,22
Medical Critical Care,Postpartum Ward,1
Medical Critical Care,Pulmonary Ward,19
Medical Critical Care,Surgical Ward,3
Medical Critical Care,"Labor, Delivery, Recovery, Postpartum Suite (LDRP)",1
Medical Critical Care,Neurologic Critical Care,3
Medical Critical Care,Surgical Cardiothoracic Critical Care,4
Medical Critical Care,ONC Hematopoietic Stem Cell Transplant Ward,4
Medical Critical Care,ONC General Hematology/Oncology Ward,20
Medical Critical Care,Exit,37
Neonatal Critical Care (Level III),Pediatric Medical Ward,8
Neonatal Critical Care (Level III),Operating Room/Suite,10
Neonatal Critical Care (Level III),Postpartum Ward,6
Neonatal Critical Care (Level III),"Labor, Delivery, Recovery, Postpartum Suite (LDRP)",1
Neonatal Critical Care (Level III),Pediatric Cardiothoracic Critical Care,2
Neonatal Critical Care (Level III),Pediatric Medical/Surgical Critical Care,6
Neonatal Critical Care (Level III),Step down Neonatal Nursery (Level II),29
Neonatal Critical Care (Level III),ONC Pediatric Hematopoietic Stem Cell Transplant Ward,1
Neonatal Critical Care (Level III),ONC Pediatric General Hematology/Oncology Ward,8
Neonatal Critical Care (Level III),Exit,35
Neurologic Critical Care,Medical Ward,9
Neurologic Critical Care,Medical/Surgical Ward,1
Neurologic Critical Care,Neurology Ward,16
Neurologic Critical Care,Neurosurgical Ward,58
Neurologic Critical Care,Operating Room/Suite,27
Neurologic Critical Care,Surgical Ward,2
Neurologic Critical Care,Medical Cardiac Critical Care,3
Neurologic Critical Care,Medical Critical Care,2
Neurologic Critical Care,Surgical Cardiothoracic Critical Care,1
Neurologic Critical Care,Surgical Critical Care,2
Neurologic Critical Care,ONC Hematopoietic Stem Cell Transplant Ward,1
Neurologic Critical Care,ONC General Hematology/Oncology Ward,4
Neurologic Critical Care,Exit,50
Pediatric Cardiothoracic Critical Care,Operating Room/Suite,14
Pediatric Cardiothoracic Critical Care,Neonatal Critical Care (Level III),4
Pediatric Cardiothoracic Critical Care,Pediatric Medical/Surgical Critical Care,3
Pediatric Cardiothoracic Critical Care,Pediatric Step Down Unit (post-critical care),27
Pediatric Cardiothoracic Critical Care,Exit,2
Pediatric Medical/Surgical Critical Care,Pediatric Medical Ward,35
Pediatric Medical/Surgical Critical Care,Medical Ward,1
Pediatric Medical/Surgical Critical Care,Neurology Ward,1
Pediatric Medical/Surgical Critical Care,Operating Room/Suite,18
Pediatric Medical/Surgical Critical Care,Neonatal Critical Care (Level III),1
Pediatric Medical/Surgical Critical Care,Pediatric Cardiothoracic Critical Care,4
Pediatric Medical/Surgical Critical Care,Pediatric Step Down Unit (post-critical care),5
Pediatric Medical/Surgical Critical Care,ONC Pediatric Hematopoietic Stem Cell Transplant Ward,3
Pediatric Medical/Surgical Critical Care,ONC Pediatric General Hematology/Oncology Ward,32
Pediatric Medical/Surgical Critical Care,Exit,23
Pediatric Step Down Unit (post-critical care),Pediatric Medical Ward,4
Pediatric Step Down Unit (post-critical care),Operating Room/Suite,3
Pediatric Step Down Unit (post-critical care),Pulmonary Ward,1
Pediatric Step Down Unit (post-critical care),Pediatric Cardiothoracic Critical Care,3
Pediatric Step Down Unit (post-critical care),Pediatric Medical/Surgical Critical Care,3
Pediatric Step Down Unit (post-critical care),Exit,46
Step down Neonatal Nursery (Level II),Pediatric Medical Ward,1
Step down Neonatal Nursery (Level II),Neonatal Critical Care (Level III),15
Step down Neonatal Nursery (Level II),Pediatric Medical/Surgical Critical Care,2
Step down Neonatal Nursery (Level II),ONC Pediatric General Hematology/Oncology Ward,1
Step down Neonatal Nursery (Level II),Exit,8
Surgical Cardiothoracic Critical Care,Adult Step Down Unit (post-critical care),55
Surgical Cardiothoracic Critical Care,Medical Ward,2
Surgical Cardiothoracic Critical Care,Medical/Surgical Ward,144
Surgical Cardiothoracic Critical Care,Operating Room/Suite,44
Surgical Cardiothoracic Critical Care,Pulmonary Ward,1
Surgical Cardiothoracic Critical Care,Medical Cardiac Critical Care,3
Surgical Cardiothoracic Critical Care,Medical Critical Care,2
Surgical Cardiothoracic Critical Care,Exit,9
Surgical Critical Care,Medical Ward,20
Surgical Critical Care,Medical/Surgical Ward,19
Surgical Critical Care,Neurology Ward,8
Surgical Critical Care,Neurosurgical Ward,2
Surgical Critical Care,Operating Room/Suite,53
Surgical Critical Care,Pulmonary Ward,2
Surgical Critical Care,Surgical Ward,50
Surgical Critical Care,"Labor, Delivery, Recovery, Postpartum Suite (LDRP)",1
Surgical Critical Care,Medical Critical Care,3
Surgical Critical Care,Neurologic Critical Care,1
Surgical Critical Care,ONC Hematopoietic Stem Cell Transplant Ward,2
Surgical Critical Care,ONC General Hematology/Oncology Ward,20
Surgical Critical Care,Exit,25
ONC Hematopoietic Stem Cell Transplant Ward,Endoscopy Suite,13
ONC Hematopoietic Stem Cell Transplant Ward,Medical Ward,1
ONC Hematopoietic Stem Cell Transplant Ward,Operating Room/Suite,1
ONC Hematopoietic Stem Cell Transplant Ward,Medical Cardiac Critical Care,1
ONC Hematopoietic Stem Cell Transplant Ward,Medical Critical Care,2
ONC Hematopoietic Stem Cell Transplant Ward,Surgical Critical Care,1
ONC Hematopoietic Stem Cell Transplant Ward,ONC General Hematology/Oncology Ward,6
ONC Hematopoietic Stem Cell Transplant Ward,ONC Pediatric Hematopoietic Stem Cell Transplant Ward,3
ONC Hematopoietic Stem Cell Transplant Ward,Exit,34
ONC General Hematology/Oncology Ward,Endoscopy Suite,18
ONC General Hematology/Oncology Ward,Medical Ward,7
ONC General Hematology/Oncology Ward,Neurosurgical Ward,1
ONC General Hematology/Oncology Ward,Operating Room/Suite,43
ONC General Hematology/Oncology Ward,Pulmonary Ward,2
ONC General Hematology/Oncology Ward,Surgical Ward,2
ONC General Hematology/Oncology Ward,Medical Critical Care,16
ONC General Hematology/Oncology Ward,Neurologic Critical Care,3
ONC General Hematology/Oncology Ward,Surgical Critical Care,9
ONC General Hematology/Oncology Ward,Exit,474
ONC Pediatric Hematopoietic Stem Cell Transplant Ward,Operating Room/Suite,9
ONC Pediatric Hematopoietic Stem Cell Transplant Ward,Pediatric Medical/Surgical Critical Care,2
ONC Pediatric Hematopoietic Stem Cell Transplant Ward,ONC Hematopoietic Stem Cell Transplant Ward,3
ONC Pediatric Hematopoietic Stem Cell Transplant Ward,ONC Pediatric General Hematology/Oncology Ward,4
ONC Pediatric Hematopoietic Stem Cell Transplant Ward,Exit,19
ONC Pediatric General Hematology/Oncology Ward,Neurosurgical Ward,1
ONC Pediatric General Hematology/Oncology Ward,Operating Room/Suite,13
ONC Pediatric General Hematology/Oncology Ward,Pediatric Medical/Surgical Critical Care,6
ONC Pediatric General Hematology/Oncology Ward,ONC Pediatric Hematopoietic Stem Cell Transplant Ward,3
ONC Pediatric General Hematology/Oncology Ward,Exit,224
