source,destination,count
Entry,24-Hour Observation Area,109
Entry,Adult Step Down Unit (post-critical care),28
Entry,Ambulatory Surgery Center,539
Entry,Emergency Department,6586
Entry,Endoscopy Suite,11
Entry,Behavioral Health/Psych Ward,37
Entry,Pediatric Medical Ward,73
Entry,Medical Ward,289
Entry,Medical/Surgical Ward,129
Entry,Neurology Ward,45
Entry,Neurosurgical Ward,48
Entry,Operating Room/Suite,1727
Entry,Postpartum Ward,109
Entry,Pulmonary Ward,35
Entry,Surgical Ward,73
Entry,"Labor, Delivery, Recovery, Postpartum Suite (LDRP)",477
Entry,Medical Cardiac Critical Care,52
Entry,Medical Critical Care,43
Entry,Neonatal Critical Care (Level III),38
Entry,Neurologic Critical Care,51
Entry,Pediatric Cardiothoracic Critical Care,15
Entry,Pediatric Medical/Surgical Critical Care,30
Entry,Pediatric Step Down Unit (post-critical care),5
Entry,Surgical Cardiothoracic Critical Care,11
Entry,Surgical Critical Care,5
Entry,ONC Hematopoietic Stem Cell Transplant Ward,34
Entry,ONC General Hematology/Oncology Ward,192
Entry,ONC Pediatric Hematopoietic Stem Cell Transplant Ward,11
Entry,ONC Pediatric General Hematology/Oncology Ward,80
24-Hour Observation Area,Medical Ward,10
24-Hour Observation Area,Medical/Surgical Ward,3
24-Hour Observation Area,Neurology Ward,1
24-Hour Observation Area,Operating Room/Suite,4
24-Hour Observation Area,Surgical Ward,1
24-Hour Observation Area,Medical Cardiac Critical Care,1
24-Hour Observation Area,ONC General Hematology/Oncology Ward,2
24-Hour Observation Area,Exit,222
Adult Step Down Unit (post-critical care),Endoscopy Suite,14
Adult Step Down Unit (post-critical care),Medical Ward,3
Adult Step Down Unit (post-critical care),Operating Room/Suite,21
Adult Step Down Unit (post-critical care),Medical Cardiac Critical Care,2
Adult Step Down Unit (post-critical care),Surgical Cardiothoracic Critical Care,8
Adult Step Down Unit (post-critical care),Surgical Critical Care,1
Adult Step Down Unit (post-critical care),ONC General Hematology/Oncology Ward,1
Adult Step Down Unit (post-critical care),Exit,87
Ambulatory Surgery Center,24-Hour Observation Area,2
Ambulatory Surgery Center,Medical/Surgical Ward,1
Ambulatory Surgery Center,Operating Room/Suite,1
Ambulatory Surgery Center,Exit,535
Emergency Department,Adult Step Down Unit (post-critical care),20
Emergency Department,Endoscopy Suite,10
Emergency Department,Pediatric Medical Ward,86
Emergency Department,Medical Ward,496
Emergency Department,Medical/Surgical Ward,106
Emergency Department,Neurology Ward,81
Emergency Department,Neurosurgical Ward,88
Emergency Department,Operating Room/Suite,102
Emergency Department,Pulmonary Ward,66
Emergency Department,Surgical Ward,238
Emergency Department,"Labor, Delivery, Recovery, Postpartum Suite (LDRP)",7
Emergency Department,Medical Cardiac Critical Care,37
Emergency Department,Medical Critical Care,51
Emergency Department,Neurologic Critical Care,29
Emergency Department,Pediatric Cardiothoracic Critical Care,6
Emergency Department,Pediatric Medical/Surgical Critical Care,33
Emergency Department,Pediatric Step Down Unit (post-critical care),8
Emergency Department,Surgical Cardiothoracic Critical Care,2
Emergency Department,Surgical Critical Care,33
Emergency Department,ONC Hematopoietic Stem Cell Transplant Ward,5
Emergency Department,ONC General Hematology/Oncology Ward,197
Emergency Department,ONC Pediatric Hematopoietic Stem Cell Transplant Ward,1
Emergency Department,ONC Pediatric General Hematology/Oncology Ward,69
Emergency Department,Exit,4856
Endoscopy Suite,Adult Step Down Unit (post-critical care),14
Endoscopy Suite,Emergency Department,9
Endoscopy Suite,Medical Ward,57
Endoscopy Suite,Medical/Surgical Ward,27
Endoscopy Suite,Neurology Ward,1
Endoscopy Suite,Neurosurgical Ward,2
Endoscopy Suite,Pulmonary Ward,33
Endoscopy Suite,Surgical Ward,20
Endoscopy Suite,Medical Cardiac Critical Care,1
Endoscopy Suite,Medical Critical Care,4
Endoscopy Suite,Neurologic Critical Care,1
Endoscopy Suite,Surgical Cardiothoracic Critical Care,5
Endoscopy Suite,Surgical Critical Care,4
Endoscopy Suite,ONC Hematopoietic Stem Cell Transplant Ward,2
Endoscopy Suite,ONC General Hematology/Oncology Ward,32
Endoscopy Suite,Exit,12
Behavioral Health/Psych Ward,Exit,35
Pediatric Medical Ward,Emergency Department,1
Pediatric Medical Ward,Operating Room/Suite,48
Pediatric Medical Ward,Pediatric Cardiothoracic Critical Care,5
Pediatric Medical Ward,Pediatric Medical/Surgical Critical Care,7
Pediatric Medical Ward,Pediatric Step Down Unit (post-critical care),2
Pediatric Medical Ward,ONC Pediatric General Hematology/Oncology Ward,1
Pediatric Medical Ward,Exit,281
Medical Ward,Emergency Department,3
Medical Ward,Endoscopy Suite,56
Medical Ward,Medical/Surgical Ward,1
Medical Ward,Neurology Ward,1
Medical Ward,Neurosurgical Ward,1
Medical Ward,Operating Room/Suite,104
Medical Ward,Pulmonary Ward,5
Medical Ward,Surgical Ward,1
Medical Ward,Medical Cardiac Critical Care,28
Medical Ward,Medical Critical Care,21
Medical Ward,Neurologic Critical Care,2
Medical Ward,Surgical Critical Care,5
Medical Ward,ONC General Hematology/Oncology Ward,11
Medical Ward,ONC Pediatric General Hematology/Oncology Ward,2
Medical Ward,Exit,899
Medical/Surgical Ward,Emergency Department,1
Medical/Surgical Ward,Endoscopy Suite,27
Medical/Surgical Ward,Medical Ward,15
Medical/Surgical Ward,Operating Room/Suite,133
Medical/Surgical Ward,Pulmonary Ward,5
Medical/Surgical Ward,Surgical Ward,15
Medical/Surgical Ward,Medical Cardiac Critical Care,4
Medical/Surgical Ward,Medical Critical Care,2
Medical/Surgical Ward,Neurologic Critical Care,2
Medical/Surgical Ward,Surgical Cardiothoracic Critical Care,6
Medical/Surgical Ward,Surgical Critical Care,8
Medical/Surgical Ward,ONC General Hematology/Oncology Ward,5
Medical/Surgical Ward,Exit,386
Neurology Ward,Emergency Department,1
Neurology Ward,Endoscopy Suite,1
Neurology Ward,Medical Ward,2
Neurology Ward,Operating Room/Suite,36
Neurology Ward,Surgical Ward,2
Neurology Ward,Neurologic Critical Care,5
Neurology Ward,Surgical Critical Care,2
Neurology Ward,ONC General Hematology/Oncology Ward,1
Neurology Ward,Exit,214
Neurosurgical Ward,Endoscopy Suite,2
Neurosurgical Ward,Medical Ward,1
Neurosurgical Ward,Medical/Surgical Ward,1
Neurosurgical Ward,Operating Room/Suite,51
Neurosurgical Ward,Neurologic Critical Care,6
Neurosurgical Ward,ONC General Hematology/Oncology Ward,4
Neurosurgical Ward,Exit,215
Operating Room/Suite,24-Hour Observation Area,129
Operating Room/Suite,Adult Step Down Unit (post-critical care),21
Operating Room/Suite,Endoscopy Suite,1
Operating Room/Suite,Pediatric Medical Ward,111
Operating Room/Suite,Medical Ward,81
Operating Room/Suite,Medical/Surgical Ward,177
Operating Room/Suite,Neurology Ward,99
Operating Room/Suite,Neurosurgical Ward,61
Operating Room/Suite,Postpartum Ward,1
Operating Room/Suite,Pulmonary Ward,12
Operating Room/Suite,Surgical Ward,412
Operating Room/Suite,"Labor, Delivery, Recovery, Postpartum Suite (LDRP)",1
Operating Room/Suite,Medical Cardiac Critical Care,9
Operating Room/Suite,Medical Critical Care,7
Operating Room/Suite,Neonatal Critical Care (Level III),13
Operating Room/Suite,Neurologic Critical Care,98
Operating Room/Suite,Pediatric Cardiothoracic Critical Care,24
Operating Room/Suite,Pediatric Medical/Surgical Critical Care,43
Operating Room/Suite,Pediatric Step Down Unit (post-critical care),12
Operating Room/Suite,Surgical Cardiothoracic Critical Care,184
Operating Room/Suite,Surgical Critical Care,95
Operating Room/Suite,ONC General Hematology/Oncology Ward,158
Operating Room/Suite,ONC Pediatric Hematopoietic Stem Cell Transplant Ward,9
Operating Room/Suite,ONC Pediatric General Hematology/Oncology Ward,20
Operating Room/Suite,Exit,862
Postpartum Ward,Operating Room/Suite,1
Postpartum Ward,"Labor, Delivery, Recovery, Postpartum Suite (LDRP)",14
Postpartum Ward,Neonatal Critical Care (Level III),5
Postpartum Ward,ONC General Hematology/Oncology Ward,1
Postpartum Ward,Exit,520
Pulmonary Ward,Endoscopy Suite,33
Pulmonary Ward,Medical Ward,1
Pulmonary Ward,Operating Room/Suite,12
Pulmonary Ward,Medical Critical Care,9
Pulmonary Ward,Neurologic Critical Care,1
Pulmonary Ward,Surgical Critical Care,1
Pulmonary Ward,ONC General Hematology/Oncology Ward,2
Pulmonary Ward,Exit,118
Surgical Ward,Emergency Department,2
Surgical Ward,Endoscopy Suite,20
Surgical Ward,Medical Ward,4
Surgical Ward,Medical/Surgical Ward,2
Surgical Ward,Neurosurgical Ward,1
Surgical Ward,Operating Room/Suite,145
Surgical Ward,Pulmonary Ward,1
Surgical Ward,Medical Cardiac Critical Care,1
Surgical Ward,Medical Critical Care,4
Surgical Ward,Surgical Critical Care,12
Surgical Ward,ONC General Hematology/Oncology Ward,13
Surgical Ward,Exit,608
"Labor, Delivery, Recovery, Postpartum Suite (LDRP)",Medical Ward,1
"Labor, Delivery, Recovery, Postpartum Suite (LDRP)",Postpartum Ward,418
"Labor, Delivery, Recovery, Postpartum Suite (LDRP)",Medical Cardiac Critical Care,1
"Labor, Delivery, Recovery, Postpartum Suite (LDRP)",Medical Critical Care,1
"Labor, Delivery, Recovery, Postpartum Suite (LDRP)",Neonatal Critical Care (Level III),16
"Labor, Delivery, Recovery, Postpartum Suite (LDRP)",Pediatric Cardiothoracic Critical Care,1
"Labor, Delivery, Recovery, Postpartum Suite (LDRP)",Surgical Critical Care,1
"Labor, Delivery, Recovery, Postpartum Suite (LDRP)",Exit,64
Medical Cardiac Critical Care,Adult Step Down Unit (post-critical care),2
Medical Cardiac Critical Care,Endoscopy Suite,1
Medical Cardiac Critical Care,Medical Ward,88
Medical Cardiac Critical Care,Medical/Surgical Ward,13
Medical Cardiac Critical Care,Operating Room/Suite,21
Medical Cardiac Critical Care,Pulmonary Ward,1
Medical Cardiac Critical Care,"Labor, Delivery, Recovery, Postpartum Suite (LDRP)",1
Medical Cardiac Critical Care,Medical Critical Care,1
Medical Cardiac Critical Care,Pediatric Step Down Unit (post-critical care),1
Medical Cardiac Critical Care,Surgical Cardiothoracic Critical Care,2
Medical Cardiac Critical Care,ONC Hematopoietic Stem Cell Transplant Ward,1
Medical Cardiac Critical Care,ONC General Hematology/Oncology Ward,2
Medical Cardiac Critical Care,Exit,15
Medical Critical Care,Endoscopy Suite,4
Medical Critical Care,Medical Ward,66
Medical Critical Care,Medical/Surgical Ward,1
Medical Critical Care,Neurology Ward,1
Medical Critical Care,Operating Room/Suite,10
Medical Critical Care,Pulmonary Ward,15
Medical Critical Care,Surgical Ward,1
Medical Critical Care,Medical Cardiac Critical Care,1
Medical Critical Care,Neurologic Critical Care,2
Medical Critical Care,Surgical Cardiothoracic Critical Care,1
Medical Critical Care,ONC Hematopoietic Stem Cell Transplant Ward,2
Medical Critical Care,ONC General Hematology/Oncology Ward,8
Medical Critical Care,Exit,47
Neonatal Critical Care (Level III),Operating Room/Suite,13
Neonatal Critical Care (Level III),Postpartum Ward,6
Neonatal Critical Care (Level III),"Labor, Delivery, Recovery, Postpartum Suite (LDRP)",1
Neonatal Critical Care (Level III),Step down Neonatal Nursery (Level II),32
Neonatal Critical Care (Level III),Exit,32
Neurologic Critical Care,Adult Step Down Unit (post-critical care),1
Neurologic Critical Care,Endoscopy Suite,1
Neurologic Critical Care,Medical Ward,7
Neurologic Critical Care,Medical/Surgical Ward,1
Neurologic Critical Care,Neurology Ward,26
Neurologic Critical Care,Neurosurgical Ward,81
Neurologic Critical Care,Operating Room/Suite,9
Neurologic Critical Care,Pulmonary Ward,2
Neurologic Critical Care,Medical Cardiac Critical Care,1
Neurologic Critical Care,Medical Critical Care,1
Neurologic Critical Care,ONC General Hematology/Oncology Ward,2
Neurologic Critical Care,Exit,74
Pediatric Cardiothoracic Critical Care,Pediatric Medical Ward,17
Pediatric Cardiothoracic Critical Care,Operating Room/Suite,9
Pediatric Cardiothoracic Critical Care,Postpartum Ward,1
Pediatric Cardiothoracic Critical Care,Medical Cardiac Critical Care,1
Pediatric Cardiothoracic Critical Care,Neonatal Critical Care (Level III),1
Pediatric Cardiothoracic Critical Care,Pediatric Medical/Surgical Critical Care,2
Pediatric Cardiothoracic Critical Care,Pediatric Step Down Unit (post-critical care),22
Pediatric Cardiothoracic Critical Care,Exit,4
Pediatric Medical/Surgical Critical Care,Pediatric Medical Ward,39
Pediatric Medical/Surgical Critical Care,Operating Room/Suite,12
Pediatric Medical/Surgical Critical Care,Pediatric Cardiothoracic Critical Care,2
Pediatric Medical/Surgical Critical Care,Pediatric Step Down Unit (post-critical care),16
Pediatric Medical/Surgical Critical Care,ONC Pediatric Hematopoietic Stem Cell Transplant Ward,2
Pediatric Medical/Surgical Critical Care,ONC Pediatric General Hematology/Oncology Ward,35
Pediatric Medical/Surgical Critical Care,Exit,24
Pediatric Step Down Unit (post-critical care),Pediatric Medical Ward,18
Pediatric Step Down Unit (post-critical care),Operating Room/Suite,4
Pediatric Step Down Unit (post-critical care),Pediatric Cardiothoracic Critical Care,8
Pediatric Step Down Unit (post-critical care),Pediatric Medical/Surgical Critical Care,7
Pediatric Step Down Unit (post-critical care),ONC Pediatric General Hematology/Oncology Ward,3
Pediatric Step Down Unit (post-critical care),Exit,29
Step down Neonatal Nursery (Level II),Neonatal Critical Care (Level III),17
Step down Neonatal Nursery (Level II),Exit,14
Surgical Cardiothoracic Critical Care,Adult Step Down Unit (post-critical care),48
Surgical Cardiothoracic Critical Care,Endoscopy Suite,5
Surgical Cardiothoracic Critical Care,Medical Ward,1
Surgical Cardiothoracic Critical Care,Medical/Surgical Ward,113
Surgical Cardiothoracic Critical Care,Operating Room/Suite,31
Surgical Cardiothoracic Critical Care,Medical Cardiac Critical Care,12
Surgical Cardiothoracic Critical Care,Surgical Critical Care,4
Surgical Cardiothoracic Critical Care,ONC General Hematology/Oncology Ward,1
Surgical Cardiothoracic Critical Care,Exit,11
Surgical Critical Care,Adult Step Down Unit (post-critical care),2
Surgical Critical Care,Endoscopy Suite,4
Surgical Critical Care,Medical Ward,17
Surgical Critical Care,Medical/Surgical Ward,16
Surgical Critical Care,Neurology Ward,5
Surgical Critical Care,Operating Room/Suite,46
Surgical Critical Care,Surgical Ward,35
Surgical Critical Care,"Labor, Delivery, Recovery, Postpartum Suite (LDRP)",1
Surgical Critical Care,Medical Cardiac Critical Care,2
Surgical Critical Care,Medical Critical Care,1
Surgical Critical Care,Neurologic Critical Care,1
Surgical Critical Care,Surgical Cardiothoracic Critical Care,1
Surgical Critical Care,ONC General Hematology/Oncology Ward,25
Surgical Critical Care,Exit,18
ONC Hematopoietic Stem Cell Transplant Ward,Endoscopy Suite,2
ONC Hematopoietic Stem Cell Transplant Ward,Medical Cardiac Critical Care,1
ONC Hematopoietic Stem Cell Transplant Ward,Medical Critical Care,3
ONC Hematopoietic Stem Cell Transplant Ward,ONC General Hematology/Oncology Ward,3
ONC Hematopoietic Stem Cell Transplant Ward,Exit,36
ONC General Hematology/Oncology Ward,Endoscopy Suite,32
ONC General Hematology/Oncology Ward,Medical Ward,5
ONC General Hematology/Oncology Ward,Operating Room/Suite,72
ONC General Hematology/Oncology Ward,Surgical Ward,3
ONC General Hematology/Oncology Ward,Medical Cardiac Critical Care,1
ONC General Hematology/Oncology Ward,Medical Critical Care,11
ONC General Hematology/Oncology Ward,Surgical Critical Care,6
ONC General Hematology/Oncology Ward,ONC Hematopoietic Stem Cell Transplant Ward,1
ONC General Hematology/Oncology Ward,Exit,530
ONC Pediatric Hematopoietic Stem Cell Transplant Ward,Operating Room/Suite,6
ONC Pediatric Hematopoietic Stem Cell Transplant Ward,Pediatric Medical/Surgical Critical Care,2
ONC Pediatric Hematopoietic Stem Cell Transplant Ward,Exit,15
ONC Pediatric General Hematology/Oncology Ward,Emergency Department,1
ONC Pediatric General Hematology/Oncology Ward,Pediatric Medical Ward,1
ONC Pediatric General Hematology/Oncology Ward,Operating Room/Suite,20
ONC Pediatric General Hematology/Oncology Ward,Pediatric Medical/Surgical Critical Care,6
ONC Pediatric General Hematology/Oncology Ward,Pediatric Step Down Unit (post-critical care),1
ONC Pediatric General Hematology/Oncology Ward,ONC Pediatric Hematopoietic Stem Cell Transplant Ward,1
ONC Pediatric General Hematology/Oncology Ward,Exit,176
