source,destination,count
Entry,24-Hour Observation Area,97
Entry,Adult Step Down Unit (post-critical care),26
Entry,Ambulatory Surgery Center,547
Entry,Emergency Department,6505
Entry,Endoscopy Suite,6
Entry,Behavioral Health/Psych Ward,36
Entry,Pediatric Medical Ward,59
Entry,Medical Ward,273
Entry,Medical/Surgical Ward,134
Entry,Neurology Ward,47
Entry,Neurosurgical Ward,38
Entry,Operating Room/Suite,1662
Entry,Postpartum Ward,98
Entry,Pulmonary Ward,35
Entry,Surgical Ward,69
Entry,"Labor, Delivery, Recovery, Postpartum Suite (LDRP)",420
Entry,Medical Cardiac Critical Care,44
Entry,Medical Critical Care,32
Entry,Neonatal Critical Care (Level III),29
Entry,Neurologic Critical Care,32
Entry,Pediatric Cardiothoracic Critical Care,8
Entry,Pediatric Medical/Surgical Critical Care,14
Entry,Pediatric Step Down Unit (post-critical care),4
Entry,Surgical Cardiothoracic Critical Care,14
Entry,Surgical Critical Care,5
Entry,ONC Hematopoietic Stem Cell Transplant Ward,38
Entry,ONC General Hematology/Oncology Ward,147
Entry,ONC Pediatric Hematopoietic Stem Cell Transplant Ward,9
Entry,ONC Pediatric General Hematology/Oncology Ward,84
24-Hour Observation Area,Medical Ward,7
24-Hour Observation Area,Medical/Surgical Ward,5
24-Hour Observation Area,Neurology Ward,1
24-Hour Observation Area,Operating Room/Suite,7
24-Hour Observation Area,Surgical Ward,2
24-Hour Observation Area,Medical Cardiac Critical Care,2
24-Hour Observation Area,ONC General Hematology/Oncology Ward,2
24-Hour Observation Area,Exit,197
Adult Step Down Unit (post-critical care),Endoscopy Suite,7
Adult Step Down Unit (post-critical care),Operating Room/Suite,30
Adult Step Down Unit (post-critical care),Pulmonary Ward,1
Adult Step Down Unit (post-critical care),Medical Critical Care,1
Adult Step Down Unit (post-critical care),Surgical Cardiothoracic Critical Care,7
Adult Step Down Unit (post-critical care),Surgical Critical Care,1
Adult Step Down Unit (post-critical care),Exit,80
Ambulatory Surgery Center,24-Hour Observation Area,4
Ambulatory Surgery Center,Medical/Surgical Ward,1
Ambulatory Surgery Center,Operating Room/Suite,3
Ambulatory Surgery Center,Exit,542
Emergency Department,Adult Step Down Unit (post-critical care),10
Emergency Department,Ambulatory Surgery Center,2
Emergency Department,Endoscopy Suite,4
Emergency Department,Pediatric Medical Ward,84
Emergency Department,Medical Ward,481
Emergency Department,Medical/Surgical Ward,153
Emergency Department,Neurology Ward,90
Emergency Department,Neurosurgical Ward,102
Emergency Department,Operating Room/Suite,94
Emergency Department,Postpartum Ward,2
Emergency Department,Pulmonary Ward,54
Emergency Department,Surgical Ward,206
Emergency Department,"Labor, Delivery, Recovery, Postpartum Suite (LDRP)",3
Emergency Department,Medical Cardiac Critical Care,36
Emergency Department,Medical Critical Care,61
Emergency Department,Neurologic Critical Care,40
Emergency Department,Pediatric Cardiothoracic Critical Care,1
Emergency Department,Pediatric Medical/Surgical Critical Care,35
Emergency Department,Pediatric Step Down Unit (post-critical care),9
Emergency Department,Surgical Cardiothoracic Critical Care,3
Emergency Department,Surgical Critical Care,42
Emergency Department,ONC Hematopoietic Stem Cell Transplant Ward,6
Emergency Department,ONC General Hematology/Oncology Ward,173
Emergency Department,ONC Pediatric Hematopoietic Stem Cell Transplant Ward,1
Emergency Department,ONC Pediatric General Hematology/Oncology Ward,80
Emergency Department,Exit,4732
Endoscopy Suite,Adult Step Down Unit (post-critical care),7
Endoscopy Suite,Emergency Department,4
Endoscopy Suite,Medical Ward,67
Endoscopy Suite,Medical/Surgical Ward,27
Endoscopy Suite,Neurology Ward,2
Endoscopy Suite,Neurosurgical Ward,5
Endoscopy Suite,Pulmonary Ward,22
Endoscopy Suite,Surgical Ward,18
Endoscopy Suite,Medical Cardiac Critical Care,6
Endoscopy Suite,Medical Critical Care,9
Endoscopy Suite,Surgical Cardiothoracic Critical Care,2
Endoscopy Suite,Surgical Critical Care,3
Endoscopy Suite,ONC Hematopoietic Stem Cell Transplant Ward,7
Endoscopy Suite,ONC General Hematology/Oncology Ward,23
Endoscopy Suite,Exit,5
Behavioral Health/Psych Ward,Exit,37
Pediatric Medical Ward,Emergency Department,2
Pediatric Medical Ward,Neurology Ward,1
Pediatric Medical Ward,Operating Room/Suite,46
Pediatric Medical Ward,Pediatric Cardiothoracic Critical Care,3
Pediatric Medical Ward,Pediatric Medical/Surgical Critical Care,13
Pediatric Medical Ward,Pediatric Step Down Unit (post-critical care),2
Pediatric Medical Ward,ONC Pediatric General Hematology/Oncology Ward,2
Pediatric Medical Ward,Exit,243
Medical Ward,Emergency Department,4
Medical Ward,Endoscopy Suite,68
Medical Ward,Neurosurgical Ward,1
Medical Ward,Operating Room/Suite,83
Medical Ward,Pulmonary Ward,2
Medical Ward,Surgical Ward,2
Medical Ward,Medical Cardiac Critical Care,31
Medical Ward,Medical Critical Care,15
Medical Ward,Neurologic Critical Care,2
Medical Ward,Surgical Critical Care,5
Medical Ward,ONC General Hematology/Oncology Ward,17
Medical Ward,Exit,875
Medical/Surgical Ward,Endoscopy Suite,28
Medical/Surgical Ward,Medical Ward,18
Medical/Surgical Ward,Operating Room/Suite,131
Medical/Surgical Ward,Postpartum Ward,1
Medical/Surgical Ward,Pulmonary Ward,3
Medical/Surgical Ward,Surgical Ward,12
Medical/Surgical Ward,Medical Cardiac Critical Care,9
Medical/Surgical Ward,Medical Critical Care,3
Medical/Surgical Ward,Neurologic Critical Care,2
Medical/Surgical Ward,Surgical Cardiothoracic Critical Care,16
Medical/Surgical Ward,Surgical Critical Care,3
Medical/Surgical Ward,ONC General Hematology/Oncology Ward,10
Medical/Surgical Ward,Exit,405
Neurology Ward,Endoscopy Suite,2
Neurology Ward,Medical Ward,2
Neurology Ward,Operating Room/Suite,42
Neurology Ward,Pulmonary Ward,1
Neurology Ward,"Labor, Delivery, Recovery, Postpartum Suite (LDRP)",1
Neurology Ward,Medical Critical Care,1
Neurology Ward,Neurologic Critical Care,2
Neurology Ward,Surgical Critical Care,2
Neurology Ward,ONC General Hematology/Oncology Ward,4
Neurology Ward,Exit,217
Neurosurgical Ward,Ambulatory Surgery Center,1
Neurosurgical Ward,Endoscopy Suite,5
Neurosurgical Ward,Medical Ward,4
Neurosurgical Ward,Neurology Ward,1
Neurosurgical Ward,Operating Room/Suite,54
Neurosurgical Ward,Surgical Ward,2
Neurosurgical Ward,Medical Critical Care,1
Neurosurgical Ward,Neurologic Critical Care,8
Neurosurgical Ward,Surgical Critical Care,1
Neurosurgical Ward,ONC General Hematology/Oncology Ward,2
Neurosurgical Ward,Exit,200
Operating Room/Suite,24-Hour Observation Area,128
Operating Room/Suite,Adult Step Down Unit (post-critical care),26
Operating Room/Suite,Pediatric Medical Ward,106
Operating Room/Suite,Medical Ward,69
Operating Room/Suite,Medical/Surgical Ward,164
Operating Room/Suite,Neurology Ward,109
Operating Room/Suite,Neurosurgical Ward,56
Operating Room/Suite,Postpartum Ward,2
Operating Room/Suite,Pulmonary Ward,8
Operating Room/Suite,Surgical Ward,412
Operating Room/Suite,Medical Cardiac Critical Care,5
Operating Room/Suite,Medical Critical Care,8
Operating Room/Suite,Neonatal Critical Care (Level III),10
Operating Room/Suite,Neurologic Critical Care,104
Operating Room/Suite,Pediatric Cardiothoracic Critical Care,24
Operating Room/Suite,Pediatric Medical/Surgical Critical Care,31
Operating Room/Suite,Pediatric Step Down Unit (post-critical care),8
Operating Room/Suite,Surgical Cardiothoracic Critical Care,188
Operating Room/Suite,Surgical Critical Care,102
Operating Room/Suite,ONC Hematopoietic Stem Cell Transplant Ward,1
Operating Room/Suite,ONC General Hematology/Oncology Ward,149
Operating Room/Suite,ONC Pediatric Hematopoietic Stem Cell Transplant Ward,13
Operating Room/Suite,ONC Pediatric General Hematology/Oncology Ward,14
Operating Room/Suite,Exit,815
Postpartum Ward,Operating Room/Suite,1
Postpartum Ward,"Labor, Delivery, Recovery, Postpartum Suite (LDRP)",17
Postpartum Ward,Medical Cardiac Critical Care,1
Postpartum Ward,Neonatal Critical Care (Level III),2
Postpartum Ward,ONC Pediatric General Hematology/Oncology Ward,1
Postpartum Ward,Exit,466
Pulmonary Ward,Endoscopy Suite,20
Pulmonary Ward,Medical Ward,1
Pulmonary Ward,Medical/Surgical Ward,1
Pulmonary Ward,Operating Room/Suite,9
Pulmonary Ward,Surgical Ward,2
Pulmonary Ward,Medical Critical Care,5
Pulmonary Ward,Surgical Critical Care,1
Pulmonary Ward,ONC General Hematology/Oncology Ward,9
Pulmonary Ward,Exit,106
Surgical Ward,Emergency Department,5
Surgical Ward,Endoscopy Suite,18
Surgical Ward,Medical Ward,8
Surgical Ward,Medical/Surgical Ward,1
Surgical Ward,Neurology Ward,1
Surgical Ward,Neurosurgical Ward,1
Surgical Ward,Operating Room/Suite,138
Surgical Ward,Medical Critical Care,3
Surgical Ward,Surgical Critical Care,12
Surgical Ward,ONC General Hematology/Oncology Ward,9
Surgical Ward,Exit,571
"Labor, Delivery, Recovery, Postpartum Suite (LDRP)",Postpartum Ward,364
"Labor, Delivery, Recovery, Postpartum Suite (LDRP)",Medical Cardiac Critical Care,1
"Labor, Delivery, Recovery, Postpartum Suite (LDRP)",Neonatal Critical Care (Level III),14
"Labor, Delivery, Recovery, Postpartum Suite (LDRP)",Pediatric Cardiothoracic Critical Care,1
"Labor, Delivery, Recovery, Postpartum Suite (LDRP)",Exit,58
Medical Cardiac Critical Care,Adult Step Down Unit (post-critical care),1
Medical Cardiac Critical Care,Endoscopy Suite,6
Medical Cardiac Critical Care,Medical Ward,86
Medical Cardiac Critical Care,Medical/Surgical Ward,5
Medical Cardiac Critical Care,Operating Room/Suite,15
Medical Cardiac Critical Care,Postpartum Ward,2
Medical Cardiac Critical Care,Medical Critical Care,3
Medical Cardiac Critical Care,Surgical Cardiothoracic Critical Care,2
Medical Cardiac Critical Care,Surgical Critical Care,4
Medical Cardiac Critical Care,ONC General Hematology/Oncology Ward,2
Medical Cardiac Critical Care,Exit,12
Medical Critical Care,Adult Step Down Unit (post-critical care),1
Medical Critical Care,Endoscopy Suite,9
Medical Critical Care,Medical Ward,68
Medical Critical Care,Medical/Surgical Ward,1
Medical Critical Care,Neurology Ward,3
Medical Critical Care,Operating Room/Suite,9
Medical Critical Care,Postpartum Ward,1
Medical Critical Care,Pulmonary Ward,17
Medical Critical Care,Surgical Ward,2
Medical Critical Care,"Labor, Delivery, Recovery, Postpartum Suite (LDRP)",1
Medical Critical Care,Neurologic Critical Care,2
Medical Critical Care,Surgical Critical Care,1
Medical Critical Care,ONC General Hematology/Oncology Ward,7
Medical Critical Care,Exit,29
Neonatal Critical Care (Level III),Operating Room/Suite,12
Neonatal Critical Care (Level III),Postpartum Ward,1
Neonatal Critical Care (Level III),Pediatric Cardiothoracic Critical Care,2
Neonatal Critical Care (Level III),Pediatric Step Down Unit (post-critical care),1
Neonatal Critical Care (Level III),Step down Neonatal Nursery (Level II),30
Neonatal Critical Care (Level III),Exit,40
Neurologic Critical Care,Medical Ward,3
Neurologic Critical Care,Neurology Ward,13
Neurologic Critical Care,Neurosurgical Ward,74
Neurologic Critical Care,Operating Room/Suite,33
Neurologic Critical Care,Surgical Ward,2
Neurologic Critical Care,Medical Critical Care,1
Neurologic Critical Care,Surgical Cardiothoracic Critical Care,1
Neurologic Critical Care,ONC General Hematology/Oncology Ward,6
Neurologic Critical Care,Exit,56
Pediatric Cardiothoracic Critical Care,Pediatric Medical Ward,12
Pediatric Cardiothoracic Critical Care,Operating Room/Suite,6
Pediatric Cardiothoracic Critical Care,Neonatal Critical Care (Level III),6
Pediatric Cardiothoracic Critical Care,Pediatric Medical/Surgical Critical Care,2
Pediatric Cardiothoracic Critical Care,Pediatric Step Down Unit (post-critical care),17
Pediatric Cardiothoracic Critical Care,Exit,3
Pediatric Medical/Surgical Critical Care,Pediatric Medical Ward,37
Pediatric Medical/Surgical Critical Care,Operating Room/Suite,15
Pediatric Medical/Surgical Critical Care,Surgical Ward,1
Pediatric Medical/Surgical Critical Care,Pediatric Cardiothoracic Critical Care,3
Pediatric Medical/Surgical Critical Care,Pediatric Step Down Unit (post-critical care),11
Pediatric Medical/Surgical Critical Care,ONC Pediatric Hematopoietic Stem Cell Transplant Ward,2
Pediatric Medical/Surgical Critical Care,ONC Pediatric General Hematology/Oncology Ward,30
Pediatric Medical/Surgical Critical Care,Exit,14
Pediatric Step Down Unit (post-critical care),Pediatric Medical Ward,13
Pediatric Step Down Unit (post-critical care),Operating Room/Suite,7
Pediatric Step Down Unit (post-critical care),Pediatric Cardiothoracic Critical Care,5
Pediatric Step Down Unit (post-critical care),Pediatric Medical/Surgical Critical Care,8
Pediatric Step Down Unit (post-critical care),ONC Pediatric General Hematology/Oncology Ward,5
Pediatric Step Down Unit (post-critical care),Exit,15
Step down Neonatal Nursery (Level II),Neonatal Critical Care (Level III),20
Step down Neonatal Nursery (Level II),Exit,10
Surgical Cardiothoracic Critical Care,Adult Step Down Unit (post-critical care),49
Surgical Cardiothoracic Critical Care,Endoscopy Suite,2
Surgical Cardiothoracic Critical Care,Medical Ward,1
Surgical Cardiothoracic Critical Care,Medical/Surgical Ward,132
Surgical Cardiothoracic Critical Care,Operating Room/Suite,31
Surgical Cardiothoracic Critical Care,Medical Cardiac Critical Care,1
Surgical Cardiothoracic Critical Care,Medical Critical Care,1
Surgical Cardiothoracic Critical Care,Surgical Critical Care,2
Surgical Cardiothoracic Critical Care,Exit,8
Surgical Critical Care,Endoscopy Suite,2
Surgical Critical Care,Medical Ward,14
Surgical Critical Care,Medical/Surgical Ward,14
Surgical Critical Care,Neurology Ward,8
Surgical Critical Care,Neurosurgical Ward,1
Surgical Critical Care,Operating Room/Suite,53
Surgical Critical Care,Pulmonary Ward,2
Surgical Critical Care,Surgical Ward,49
Surgical Critical Care,Neurologic Critical Care,1
Surgical Critical Care,Surgical Cardiothoracic Critical Care,2
Surgical Critical Care,ONC General Hematology/Oncology Ward,14
Surgical Critical Care,Exit,30
ONC Hematopoietic Stem Cell Transplant Ward,Endoscopy Suite,7
ONC Hematopoietic Stem Cell Transplant Ward,Medical Ward,1
ONC Hematopoietic Stem Cell Transplant Ward,ONC General Hematology/Oncology Ward,2
ONC Hematopoietic Stem Cell Transplant Ward,Exit,45
ONC General Hematology/Oncology Ward,Emergency Department,1
ONC General Hematology/Oncology Ward,Endoscopy Suite,23
ONC General Hematology/Oncology Ward,Medical Ward,6
ONC General Hematology/Oncology Ward,Operating Room/Suite,51
ONC General Hematology/Oncology Ward,Pulmonary Ward,1
ONC General Hematology/Oncology Ward,Surgical Ward,2
ONC General Hematology/Oncology Ward,Medical Cardiac Critical Care,3
ONC General Hematology/Oncology Ward,Medical Critical Care,6
ONC General Hematology/Oncology Ward,Neurologic Critical Care,5
ONC General Hematology/Oncology Ward,Surgical Critical Care,4
ONC General Hematology/Oncology Ward,ONC Hematopoietic Stem Cell Transplant Ward,2
ONC General Hematology/Oncology Ward,Exit,470
ONC Pediatric Hematopoietic Stem Cell Transplant Ward,Operating Room/Suite,10
ONC Pediatric Hematopoietic Stem Cell Transplant Ward,Pediatric Medical/Surgical Critical Care,2
ONC Pediatric Hematopoietic Stem Cell Transplant Ward,Exit,16
ONC Pediatric General Hematology/Oncology Ward,Pediatric Medical Ward,2
ONC Pediatric General Hematology/Oncology Ward,Operating Room/Suite,14
ONC Pediatric General Hematology/Oncology Ward,Pediatric Medical/Surgical Critical Care,8
ONC Pediatric General Hematology/Oncology Ward,Pediatric Step Down Unit (post-critical care),1
ONC Pediatric General Hematology/Oncology Ward,ONC Pediatric Hematopoietic Stem Cell Transplant Ward,1
ONC Pediatric General Hematology/Oncology Ward,Exit,193
