source,destination,count
Entry,24-Hour Observation Area,111
Entry,Adult Step Down Unit (post-critical care),33
Entry,Ambulatory Surgery Center,600
Entry,Emergency Department,6745
Entry,Endoscopy Suite,15
Entry,Behavioral Health/Psych Ward,32
Entry,Pediatric Medical Ward,51
Entry,Medical Ward,331
Entry,Medical/Surgical Ward,154
Entry,Neurology Ward,41
Entry,Neurosurgical Ward,72
Entry,Operating Room/Suite,1787
Entry,Postpartum Ward,143
Entry,Pulmonary Ward,34
Entry,Surgical Ward,89
Entry,"Labor, Delivery, Recovery, Postpartum Suite (LDRP)",489
Entry,Medical Cardiac Critical Care,37
Entry,Medical Critical Care,42
Entry,Neonatal Critical Care (Level III),55
Entry,Neurologic Critical Care,28
Entry,Pediatric Cardiothoracic Critical Care,16
Entry,Pediatric Medical/Surgical Critical Care,25
Entry,Pediatric Step Down Unit (post-critical care),5
Entry,Surgical Cardiothoracic Critical Care,18
Entry,Surgical Critical Care,9
Entry,ONC Hematopoietic Stem Cell Transplant Ward,28
Entry,ONC General Hematology/Oncology Ward,160
Entry,ONC Pediatric Hematopoietic Stem Cell Transplant Ward,18
Entry,ONC Pediatric General Hematology/Oncology Ward,83
24-Hour Observation Area,Adult Step Down Unit (post-critical care),1
24-Hour Observation Area,Medical Ward,10
24-Hour Observation Area,Medical/Surgical Ward,2
24-Hour Observation Area,Operating Room/Suite,6
24-Hour Observation Area,Surgical Ward,3
24-Hour Observation Area,ONC General Hematology/Oncology Ward,1
24-Hour Observation Area,Exit,221
Adult Step Down Unit (post-critical care),Endoscopy Suite,6
Adult Step Down Unit (post-critical care),Operating Room/Suite,43
Adult Step Down Unit (post-critical care),Pulmonary Ward,3
Adult Step Down Unit (post-critical care),Medical Cardiac Critical Care,2
Adult Step Down Unit (post-critical care),Medical Critical Care,1
Adult Step Down Unit (post-critical care),Surgical Cardiothoracic Critical Care,7
Adult Step Down Unit (post-critical care),Exit,99
Ambulatory Surgery Center,Surgical Ward,1
Ambulatory Surgery Center,Exit,599
Emergency Department,24-Hour Observation Area,1
Emergency Department,Adult Step Down Unit (post-critical care),24
Emergency Department,Endoscopy Suite,7
Emergency Department,Pediatric Medical Ward,93
Emergency Department,Medical Ward,518
Emergency Department,Medical/Surgical Ward,164
Emergency Department,Neurology Ward,90
Emergency Department,Neurosurgical Ward,128
Emergency Department,Operating Room/Suite,96
Emergency Department,Postpartum Ward,1
Emergency Department,Pulmonary Ward,35
Emergency Department,Surgical Ward,171
Emergency Department,"Labor, Delivery, Recovery, Postpartum Suite (LDRP)",2
Emergency Department,Medical Cardiac Critical Care,48
Emergency Department,Medical Critical Care,43
Emergency Department,Neurologic Critical Care,39
Emergency Department,Pediatric Cardiothoracic Critical Care,1
Emergency Department,Pediatric Medical/Surgical Critical Care,26
Emergency Department,Pediatric Step Down Unit (post-critical care),19
Emergency Department,Surgical Cardiothoracic Critical Care,4
Emergency Department,Surgical Critical Care,30
Emergency Department,ONC Hematopoietic Stem Cell Transplant Ward,9
Emergency Department,ONC General Hematology/Oncology Ward,180
Emergency Department,ONC Pediatric Hematopoietic Stem Cell Transplant Ward,4
Emergency Department,ONC Pediatric General Hematology/Oncology Ward,90
Emergency Department,Exit,4956
Endoscopy Suite,Adult Step Down Unit (post-critical care),6
Endoscopy Suite,Emergency Department,7
Endoscopy Suite,Medical Ward,67
Endoscopy Suite,Medical/Surgical Ward,22
Endoscopy Suite,Neurology Ward,4
Endoscopy Suite,Neurosurgical Ward,2
Endoscopy Suite,Pulmonary Ward,14
Endoscopy Suite,Surgical Ward,15
Endoscopy Suite,ONC Hematopoietic Stem Cell Transplant Ward,8
Endoscopy Suite,ONC General Hematology/Oncology Ward,33
Endoscopy Suite,Exit,15
Behavioral Health/Psych Ward,Exit,30
Pediatric Medical Ward,Emergency Department,1
Pediatric Medical Ward,Operating Room/Suite,41
Pediatric Medical Ward,Pediatric Cardiothoracic Critical Care,3
Pediatric Medical Ward,Pediatric Medical/Surgical Critical Care,10
Pediatric Medical Ward,ONC Pediatric General Hematology/Oncology Ward,1
Pediatric Medical Ward,Exit,250
Medical Ward,Emergency Department,4
Medical Ward,Endoscopy Suite,67
Medical Ward,Medical/Surgical Ward,1
Medical Ward,Neurology Ward,2
Medical Ward,Operating Room/Suite,83
Medical Ward,Pulmonary Ward,9
Medical Ward,Surgical Ward,4
Medical Ward,Medical Cardiac Critical Care,32
Medical Ward,Medical Critical Care,12
Medical Ward,Neurologic Critical Care,5
Medical Ward,Surgical Critical Care,7
Medical Ward,ONC General Hematology/Oncology Ward,21
Medical Ward,Exit,968
Medical/Surgical Ward,Emergency Department,2
Medical/Surgical Ward,Endoscopy Suite,22
Medical/Surgical Ward,Medical Ward,8
Medical/Surgical Ward,Operating Room/Suite,164
Medical/Surgical Ward,Postpartum Ward,2
Medical/Surgical Ward,Pulmonary Ward,7
Medical/Surgical Ward,Surgical Ward,15
Medical/Surgical Ward,"Labor, Delivery, Recovery, Postpartum Suite (LDRP)",3
Medical/Surgical Ward,Medical Cardiac Critical Care,2
Medical/Surgical Ward,Neurologic Critical Care,1
Medical/Surgical Ward,Surgical Cardiothoracic Critical Care,9
Medical/Surgical Ward,Surgical Critical Care,3
Medical/Surgical Ward,ONC General Hematology/Oncology Ward,14
Medical/Surgical Ward,Exit,477
Neurology Ward,Emergency Department,2
Neurology Ward,Endoscopy Suite,4
Neurology Ward,Medical Ward,2
Neurology Ward,Operating Room/Suite,28
Neurology Ward,Surgical Ward,2
Neurology Ward,Medical Cardiac Critical Care,2
Neurology Ward,Neurologic Critical Care,7
Neurology Ward,Surgical Critical Care,3
Neurology Ward,ONC General Hematology/Oncology Ward,3
Neurology Ward,Exit,187
Neurosurgical Ward,Endoscopy Suite,2
Neurosurgical Ward,Medical Ward,4
Neurosurgical Ward,Operating Room/Suite,74
Neurosurgical Ward,Neurologic Critical Care,9
Neurosurgical Ward,ONC General Hematology/Oncology Ward,5
Neurosurgical Ward,Exit,245
Operating Room/Suite,24-Hour Observation Area,139
Operating Room/Suite,Adult Step Down Unit (post-critical care),40
Operating Room/Suite,Pediatric Medical Ward,96
Operating Room/Suite,Medical Ward,74
Operating Room/Suite,Medical/Surgical Ward,216
Operating Room/Suite,Neurology Ward,75
Operating Room/Suite,Neurosurgical Ward,66
Operating Room/Suite,Pulmonary Ward,11
Operating Room/Suite,Surgical Ward,427
Operating Room/Suite,Medical Cardiac Critical Care,13
Operating Room/Suite,Medical Critical Care,11
Operating Room/Suite,Neonatal Critical Care (Level III),14
Operating Room/Suite,Neurologic Critical Care,100
Operating Room/Suite,Pediatric Cardiothoracic Critical Care,34
Operating Room/Suite,Pediatric Medical/Surgical Critical Care,32
Operating Room/Suite,Pediatric Step Down Unit (post-critical care),11
Operating Room/Suite,Surgical Cardiothoracic Critical Care,239
Operating Room/Suite,Surgical Critical Care,117
Operating Room/Suite,ONC Hematopoietic Stem Cell Transplant Ward,2
Operating Room/Suite,ONC General Hematology/Oncology Ward,173
Operating Room/Suite,ONC Pediatric Hematopoietic Stem Cell Transplant Ward,6
Operating Room/Suite,ONC Pediatric General Hematology/Oncology Ward,22
Operating Room/Suite,Exit,841
Postpartum Ward,Pediatric Medical Ward,1
Postpartum Ward,Medical/Surgical Ward,3
Postpartum Ward,"Labor, Delivery, Recovery, Postpartum Suite (LDRP)",12
Postpartum Ward,Neonatal Critical Care (Level III),4
Postpartum Ward,ONC Pediatric Hematopoietic Stem Cell Transplant Ward,2
Postpartum Ward,ONC Pediatric General Hematology/Oncology Ward,1
Postpartum Ward,Exit,531
Pulmonary Ward,Endoscopy Suite,14
Pulmonary Ward,Medical Ward,4
Pulmonary Ward,Operating Room/Suite,16
Pulmonary Ward,Medical Cardiac Critical Care,1
Pulmonary Ward,Medical Critical Care,6
Pulmonary Ward,Surgical Critical Care,1
Pulmonary Ward,ONC General Hematology/Oncology Ward,2
Pulmonary Ward,Exit,85
Surgical Ward,Emergency Department,6
Surgical Ward,Endoscopy Suite,15
Surgical Ward,Medical Ward,4
Surgical Ward,Medical/Surgical Ward,1
Surgical Ward,Neurology Ward,2
Surgical Ward,Operating Room/Suite,131
Surgical Ward,Medical Critical Care,3
Surgical Ward,Surgical Critical Care,11
Surgical Ward,ONC General Hematology/Oncology Ward,7
Surgical Ward,Exit,598
"Labor, Delivery, Recovery, Postpartum Suite (LDRP)",Medical/Surgical Ward,30
"Labor, Delivery, Recovery, Postpartum Suite (LDRP)",Postpartum Ward,401
"Labor, Delivery, Recovery, Postpartum Suite (LDRP)",Neonatal Critical Care (Level III),15
"Labor, Delivery, Recovery, Postpartum Suite (LDRP)",Pediatric Cardiothoracic Critical Care,1
"Labor, Delivery, Recovery, Postpartum Suite (LDRP)",Pediatric Medical/Surgical Critical Care,1
"Labor, Delivery, Recovery, Postpartum Suite (LDRP)",Exit,62
Medical Cardiac Critical Care,Medical Ward,94
Medical Cardiac Critical Care,Medical/Surgical Ward,1
Medical Cardiac Critical Care,Neurosurgical Ward,1
Medical Cardiac Critical Care,Operating Room/Suite,23
Medical Cardiac Critical Care,Pulmonary Ward,4
Medical Cardiac Critical Care,Medical Critical Care,2
Medical Cardiac Critical Care,Surgical Cardiothoracic Critical Care,4
Medical Cardiac Critical Care,ONC General Hematology/Oncology Ward,3
Medical Cardiac Critical Care,Exit,10
Medical Critical Care,Medical Ward,60
Medical Critical Care,Medical/Surgical Ward,1
Medical Critical Care,Operating Room/Suite,14
Medical Critical Care,Pulmonary Ward,17
Medical Critical Care,Surgical Ward,3
Medical Critical Care,"Labor, Delivery, Recovery, Postpartum Suite (LDRP)",1
Medical Critical Care,Neurologic Critical Care,2
Medical Critical Care,Surgical Critical Care,2
Medical Critical Care,ONC Hematopoietic Stem Cell Transplant Ward,1
Medical Critical Care,ONC General Hematology/Oncology Ward,14
Medical Critical Care,Exit,28
Neonatal Critical Care (Level III),Pediatric Medical Ward,3
Neonatal Critical Care (Level III),Operating Room/Suite,14
Neonatal Critical Care (Level III),Postpartum Ward,2
Neonatal Critical Care (Level III),"Labor, Delivery, Recovery, Postpartum Suite (LDRP)",1
Neonatal Critical Care (Level III),Pediatric Cardiothoracic Critical Care,1
Neonatal Critical Care (Level III),Pediatric Medical/Surgical Critical Care,5
Neonatal Critical Care (Level III),Pediatric Step Down Unit (post-critical care),1
Neonatal Critical Care (Level III),Step down Neonatal Nursery (Level II),35
Neonatal Critical Care (Level III),ONC Pediatric Hematopoietic Stem Cell Transplant Ward,1
Neonatal Critical Care (Level III),ONC Pediatric General Hematology/Oncology Ward,2
Neonatal Critical Care (Level III),Exit,40
Neurologic Critical Care,Medical Ward,15
Neurologic Critical Care,Neurology Ward,21
Neurologic Critical Care,Neurosurgical Ward,65
Neurologic Critical Care,Operating Room/Suite,18
Neurologic Critical Care,Surgical Ward,1
Neurologic Critical Care,Medical Cardiac Critical Care,1
Neurologic Critical Care,Medical Critical Care,2
Neurologic Critical Care,ONC General Hematology/Oncology Ward,3
Neurologic Critical Care,Exit,68
Pediatric Cardiothoracic Critical Care,Pediatric Medical Ward,14
Pediatric Cardiothoracic Critical Care,Operating Room/Suite,12
Pediatric Cardiothoracic Critical Care,Neonatal Critical Care (Level III),1
Pediatric Cardiothoracic Critical Care,Pediatric Medical/Surgical Critical Care,4
Pediatric Cardiothoracic Critical Care,Pediatric Step Down Unit (post-critical care),19
Pediatric Cardiothoracic Critical Care,Exit,5
Pediatric Medical/Surgical Critical Care,Pediatric Medical Ward,27
Pediatric Medical/Surgical Critical Care,Operating Room/Suite,11
Pediatric Medical/Surgical Critical Care,Pediatric Step Down Unit (post-critical care),14
Pediatric Medical/Surgical Critical Care,ONC Pediatric Hematopoietic Stem Cell Transplant Ward,3
Pediatric Medical/Surgical Critical Care,ONC Pediatric General Hematology/Oncology Ward,31
Pediatric Medical/Surgical Critical Care,Exit,25
Pediatric Step Down Unit (post-critical care),Pediatric Medical Ward,17
Pediatric Step Down Unit (post-critical care),Operating Room/Suite,5
Pediatric Step Down Unit (post-critical care),Pediatric Cardiothoracic Critical Care,5
Pediatric Step Down Unit (post-critical care),Pediatric Medical/Surgical Critical Care,8
Pediatric Step Down Unit (post-critical care),ONC Pediatric General Hematology/Oncology Ward,10
Pediatric Step Down Unit (post-critical care),Exit,23
Step down Neonatal Nursery (Level II),Pediatric Medical Ward,2
Step down Neonatal Nursery (Level II),Operating Room/Suite,1
Step down Neonatal Nursery (Level II),Neonatal Critical Care (Level III),17
Step down Neonatal Nursery (Level II),Pediatric Step Down Unit (post-critical care),2
Step down Neonatal Nursery (Level II),Exit,11
Surgical Cardiothoracic Critical Care,Adult Step Down Unit (post-critical care),60
Surgical Cardiothoracic Critical Care,Medical Ward,2
Surgical Cardiothoracic Critical Care,Medical/Surgical Ward,131
Surgical Cardiothoracic Critical Care,Operating Room/Suite,65
Surgical Cardiothoracic Critical Care,Pulmonary Ward,1
Surgical Cardiothoracic Critical Care,Medical Cardiac Critical Care,4
Surgical Cardiothoracic Critical Care,Medical Critical Care,4
Surgical Cardiothoracic Critical Care,Exit,10
Surgical Critical Care,Medical Ward,13
Surgical Critical Care,Medical/Surgical Ward,17
Surgical Critical Care,Neurology Ward,5
Surgical Critical Care,Neurosurgical Ward,2
Surgical Critical Care,Operating Room/Suite,57
Surgical Critical Care,Pulmonary Ward,1
Surgical Critical Care,Surgical Ward,50
Surgical Critical Care,Medical Critical Care,5
Surgical Critical Care,Neurologic Critical Care,1
Surgical Critical Care,ONC Hematopoietic Stem Cell Transplant Ward,1
Surgical Critical Care,ONC General Hematology/Oncology Ward,9
Surgical Critical Care,Exit,23
ONC Hematopoietic Stem Cell Transplant Ward,Endoscopy Suite,8
ONC Hematopoietic Stem Cell Transplant Ward,Medical Ward,1
ONC Hematopoietic Stem Cell Transplant Ward,Operating Room/Suite,1
ONC Hematopoietic Stem Cell Transplant Ward,Medical Cardiac Critical Care,1
ONC Hematopoietic Stem Cell Transplant Ward,Medical Critical Care,2
ONC Hematopoietic Stem Cell Transplant Ward,ONC General Hematology/Oncology Ward,4
ONC Hematopoietic Stem Cell Transplant Ward,Exit,34
ONC General Hematology/Oncology Ward,Emergency Department,1
ONC General Hematology/Oncology Ward,Endoscopy Suite,34
ONC General Hematology/Oncology Ward,Medical Ward,8
ONC General Hematology/Oncology Ward,Operating Room/Suite,48
ONC General Hematology/Oncology Ward,Surgical Ward,1
ONC General Hematology/Oncology Ward,Medical Cardiac Critical Care,1
ONC General Hematology/Oncology Ward,Medical Critical Care,11
ONC General Hematology/Oncology Ward,Neurologic Critical Care,4
ONC General Hematology/Oncology Ward,Surgical Cardiothoracic Critical Care,1
ONC General Hematology/Oncology Ward,Surgical Critical Care,3
ONC General Hematology/Oncology Ward,ONC Hematopoietic Stem Cell Transplant Ward,1
ONC General Hematology/Oncology Ward,Exit,518
ONC Pediatric Hematopoietic Stem Cell Transplant Ward,Operating Room/Suite,4
ONC Pediatric Hematopoietic Stem Cell Transplant Ward,Exit,34
ONC Pediatric General Hematology/Oncology Ward,Pediatric Medical Ward,3
ONC Pediatric General Hematology/Oncology Ward,Operating Room/Suite,20
ONC Pediatric General Hematology/Oncology Ward,Pediatric Medical/Surgical Critical Care,6
ONC Pediatric General Hematology/Oncology Ward,ONC Pediatric Hematopoietic Stem Cell Transplant Ward,4
ONC Pediatric General Hematology/Oncology Ward,Exit,201
