source,destination,count
Entry,24-Hour Observation Area,96
Entry,Adult Step Down Unit (post-critical care),21
Entry,Ambulatory Surgery Center,575
Entry,Emergency Department,6363
Entry,Endoscopy Suite,10
Entry,Behavioral Health/Psych Ward,27
Entry,Pediatric Medical Ward,54
Entry,Medical Ward,295
Entry,Medical/Surgical Ward,143
Entry,Neurology Ward,41
Entry,Neurosurgical Ward,46
Entry,Operating Room/Suite,1798
Entry,Postpartum Ward,131
Entry,Pulmonary Ward,52
Entry,Surgical Ward,78
Entry,"Labor, Delivery, Recovery, Postpartum Suite (LDRP)",460
Entry,Medical Cardiac Critical Care,45
Entry,Medical Critical Care,35
Entry,Neonatal Critical Care (Level III),44
Entry,Neurologic Critical Care,19
Entry,Pediatric Cardiothoracic Critical Care,8
Entry,Pediatric Medical/Surgical Critical Care,17
Entry,Pediatric Step Down Unit (post-critical care),2
Entry,Surgical Cardiothoracic Critical Care,10
Entry,Surgical Critical Care,8
Entry,ONC Hematopoietic Stem Cell Transplant Ward,34
Entry,ONC General Hematology/Oncology Ward,180
Entry,ONC Pediatric Hematopoietic Stem Cell Transplant Ward,9
Entry,ONC Pediatric General Hematology/Oncology Ward,97
24-Hour Observation Area,Medical Ward,9
24-Hour Observation Area,Operating Room/Suite,15
24-Hour Observation Area,Surgical Ward,4
24-Hour Observation Area,ONC General Hematology/Oncology Ward,5
24-Hour Observation Area,Exit,216
Adult Step Down Unit (post-critical care),Endoscopy Suite,10
Adult Step Down Unit (post-critical care),Medical Ward,1
Adult Step Down Unit (post-critical care),Operating Room/Suite,28
Adult Step Down Unit (post-critical care),Pulmonary Ward,2
Adult Step Down Unit (post-critical care),Surgical Ward,2
Adult Step Down Unit (post-critical care),Neurologic Critical Care,1
Adult Step Down Unit (post-critical care),Surgical Cardiothoracic Critical Care,6
Adult Step Down Unit (post-critical care),ONC General Hematology/Oncology Ward,2
Adult Step Down Unit (post-critical care),Exit,98
Ambulatory Surgery Center,24-Hour Observation Area,1
Ambulatory Surgery Center,Neurosurgical Ward,1
Ambulatory Surgery Center,Operating Room/Suite,5
Ambulatory Surgery Center,Surgical Critical Care,1
Ambulatory Surgery Center,ONC General Hematology/Oncology Ward,1
Ambulatory Surgery Center,Exit,568
Emergency Department,Adult Step Down Unit (post-critical care),23
Emergency Department,Endoscopy Suite,3
Emergency Department,Pediatric Medical Ward,68
Emergency Department,Medical Ward,532
Emergency Department,Medical/Surgical Ward,140
Emergency Department,Neurology Ward,81
Emergency Department,Neurosurgical Ward,110
Emergency Department,Operating Room/Suite,94
Emergency Department,Postpartum Ward,1
Emergency Department,Pulmonary Ward,48
Emergency Department,Surgical Ward,169
Emergency Department,"Labor, Delivery, Recovery, Postpartum Suite (LDRP)",4
Emergency Department,Medical Cardiac Critical Care,35
Emergency Department,Medical Critical Care,44
Emergency Department,Neurologic Critical Care,39
Emergency Department,Pediatric Cardiothoracic Critical Care,1
Emergency Department,Pediatric Medical/Surgical Critical Care,11
Emergency Department,Pediatric Step Down Unit (post-critical care),7
Emergency Department,Surgical Cardiothoracic Critical Care,2
Emergency Department,Surgical Critical Care,41
Emergency Department,ONC Hematopoietic Stem Cell Transplant Ward,10
Emergency Department,ONC General Hematology/Oncology Ward,190
Emergency Department,ONC Pediatric General Hematology/Oncology Ward,94
Emergency Department,Exit,4641
Endoscopy Suite,Adult Step Down Unit (post-critical care),10
Endoscopy Suite,Emergency Department,3
Endoscopy Suite,Medical Ward,65
Endoscopy Suite,Medical/Surgical Ward,34
Endoscopy Suite,Neurology Ward,5
Endoscopy Suite,Neurosurgical Ward,3
Endoscopy Suite,Pulmonary Ward,25
Endoscopy Suite,Surgical Ward,11
Endoscopy Suite,Medical Cardiac Critical Care,1
Endoscopy Suite,Medical Critical Care,3
Endoscopy Suite,Neurologic Critical Care,1
Endoscopy Suite,Surgical Cardiothoracic Critical Care,2
Endoscopy Suite,Surgical Critical Care,1
Endoscopy Suite,ONC Hematopoietic Stem Cell Transplant Ward,1
Endoscopy Suite,ONC General Hematology/Oncology Ward,28
Endoscopy Suite,ONC Pediatric General Hematology/Oncology Ward,1
Endoscopy Suite,Exit,9
Behavioral Health/Psych Ward,Exit,28
Pediatric Medical Ward,Operating Room/Suite,38
Pediatric Medical Ward,Pediatric Cardiothoracic Critical Care,2
Pediatric Medical Ward,Pediatric Medical/Surgical Critical Care,9
Pediatric Medical Ward,Exit,259
Medical Ward,Emergency Department,4
Medical Ward,Endoscopy Suite,66
Medical Ward,Medical/Surgical Ward,1
Medical Ward,Neurosurgical Ward,2
Medical Ward,Operating Room/Suite,109
Medical Ward,Pulmonary Ward,2
Medical Ward,Surgical Ward,4
Medical Ward,Medical Cardiac Critical Care,35
Medical Ward,Medical Critical Care,11
Medical Ward,Neurologic Critical Care,5
Medical Ward,Surgical Critical Care,8
Medical Ward,ONC General Hematology/Oncology Ward,14
Medical Ward,Exit,922
Medical/Surgical Ward,Endoscopy Suite,34
Medical/Surgical Ward,Medical Ward,7
Medical/Surgical Ward,Neurosurgical Ward,1
Medical/Surgical Ward,Operating Room/Suite,147
Medical/Surgical Ward,Pulmonary Ward,7
Medical/Surgical Ward,Surgical Ward,16
Medical/Surgical Ward,Medical Cardiac Critical Care,5
Medical/Surgical Ward,Medical Critical Care,4
Medical/Surgical Ward,Neurologic Critical Care,2
Medical/Surgical Ward,Surgical Cardiothoracic Critical Care,9
Medical/Surgical Ward,Surgical Critical Care,3
Medical/Surgical Ward,ONC General Hematology/Oncology Ward,10
Medical/Surgical Ward,Exit,428
Neurology Ward,Emergency Department,1
Neurology Ward,Endoscopy Suite,5
Neurology Ward,Medical Ward,4
Neurology Ward,Operating Room/Suite,31
Neurology Ward,Pulmonary Ward,1
Neurology Ward,Surgical Ward,1
Neurology Ward,Medical Cardiac Critical Care,1
Neurology Ward,Medical Critical Care,1
Neurology Ward,Neurologic Critical Care,2
Neurology Ward,Surgical Critical Care,1
Neurology Ward,ONC General Hematology/Oncology Ward,5
Neurology Ward,Exit,207
Neurosurgical Ward,Ambulatory Surgery Center,1
Neurosurgical Ward,Emergency Department,1
Neurosurgical Ward,Endoscopy Suite,3
Neurosurgical Ward,Medical Ward,4
Neurosurgical Ward,Operating Room/Suite,65
Neurosurgical Ward,Surgical Ward,2
Neurosurgical Ward,Medical Critical Care,1
Neurosurgical Ward,Neurologic Critical Care,4
Neurosurgical Ward,ONC General Hematology/Oncology Ward,3
Neurosurgical Ward,Exit,194
Operating Room/Suite,24-Hour Observation Area,146
Operating Room/Suite,Adult Step Down Unit (post-critical care),30
Operating Room/Suite,Ambulatory Surgery Center,1
Operating Room/Suite,Pediatric Medical Ward,115
Operating Room/Suite,Medical Ward,86
Operating Room/Suite,Medical/Surgical Ward,186
Operating Room/Suite,Neurology Ward,106
Operating Room/Suite,Neurosurgical Ward,63
Operating Room/Suite,Postpartum Ward,2
Operating Room/Suite,Pulmonary Ward,8
Operating Room/Suite,Surgical Ward,408
Operating Room/Suite,Medical Cardiac Critical Care,11
Operating Room/Suite,Medical Critical Care,11
Operating Room/Suite,Neonatal Critical Care (Level III),12
Operating Room/Suite,Neurologic Critical Care,95
Operating Room/Suite,Pediatric Cardiothoracic Critical Care,26
Operating Room/Suite,Pediatric Medical/Surgical Critical Care,37
Operating Room/Suite,Pediatric Step Down Unit (post-critical care),14
Operating Room/Suite,Surgical Cardiothoracic Critical Care,228
Operating Room/Suite,Surgical Critical Care,102
Operating Room/Suite,ONC Hematopoietic Stem Cell Transplant Ward,1
Operating Room/Suite,ONC General Hematology/Oncology Ward,154
Operating Room/Suite,ONC Pediatric Hematopoietic Stem Cell Transplant Ward,8
Operating Room/Suite,ONC Pediatric General Hematology/Oncology Ward,17
Operating Room/Suite,Exit,850
Postpartum Ward,"Labor, Delivery, Recovery, Postpartum Suite (LDRP)",27
Postpartum Ward,Neonatal Critical Care (Level III),6
Postpartum Ward,ONC General Hematology/Oncology Ward,1
Postpartum Ward,ONC Pediatric General Hematology/Oncology Ward,1
Postpartum Ward,Exit,499
Pulmonary Ward,Emergency Department,1
Pulmonary Ward,Endoscopy Suite,24
Pulmonary Ward,Medical Ward,7
Pulmonary Ward,Operating Room/Suite,9
Pulmonary Ward,Medical Cardiac Critical Care,1
Pulmonary Ward,Medical Critical Care,8
Pulmonary Ward,Surgical Critical Care,2
Pulmonary Ward,ONC General Hematology/Oncology Ward,1
Pulmonary Ward,Exit,110
Surgical Ward,24-Hour Observation Area,1
Surgical Ward,Emergency Department,6
Surgical Ward,Endoscopy Suite,11
Surgical Ward,Medical Ward,9
Surgical Ward,Medical/Surgical Ward,1
Surgical Ward,Neurology Ward,1
Surgical Ward,Operating Room/Suite,118
Surgical Ward,Pulmonary Ward,1
Surgical Ward,Medical Critical Care,2
Surgical Ward,Neurologic Critical Care,1
Surgical Ward,Surgical Critical Care,6
Surgical Ward,ONC General Hematology/Oncology Ward,9
Surgical Ward,Exit,586
"Labor, Delivery, Recovery, Postpartum Suite (LDRP)",Operating Room/Suite,1
"Labor, Delivery, Recovery, Postpartum Suite (LDRP)",Postpartum Ward,413
"Labor, Delivery, Recovery, Postpartum Suite (LDRP)",Medical Cardiac Critical Care,1
"Labor, Delivery, Recovery, Postpartum Suite (LDRP)",Neonatal Critical Care (Level III),13
"Labor, Delivery, Recovery, Postpartum Suite (LDRP)",Exit,64
Medical Cardiac Critical Care,Adult Step Down Unit (post-critical care),2
Medical Cardiac Critical Care,Medical Ward,80
Medical Cardiac Critical Care,Medical/Surgical Ward,10
Medical Cardiac Critical Care,Neurology Ward,1
Medical Cardiac Critical Care,Operating Room/Suite,22
Medical Cardiac Critical Care,Pulmonary Ward,1
Medical Cardiac Critical Care,Medical Critical Care,3
Medical Cardiac Critical Care,Neurologic Critical Care,2
Medical Cardiac Critical Care,Surgical Cardiothoracic Critical Care,2
Medical Cardiac Critical Care,ONC Hematopoietic Stem Cell Transplant Ward,1
Medical Cardiac Critical Care,ONC General Hematology/Oncology Ward,3
Medical Cardiac Critical Care,Exit,21
Medical Critical Care,Endoscopy Suite,3
Medical Critical Care,Medical Ward,49
Medical Critical Care,Neurology Ward,1
Medical Critical Care,Operating Room/Suite,12
Medical Critical Care,Pulmonary Ward,22
Medical Critical Care,Surgical Ward,1
Medical Critical Care,Medical Cardiac Critical Care,2
Medical Critical Care,Surgical Critical Care,1
Medical Critical Care,ONC Hematopoietic Stem Cell Transplant Ward,2
Medical Critical Care,ONC General Hematology/Oncology Ward,9
Medical Critical Care,Exit,27
Neonatal Critical Care (Level III),Operating Room/Suite,11
Neonatal Critical Care (Level III),Postpartum Ward,3
Neonatal Critical Care (Level III),"Labor, Delivery, Recovery, Postpartum Suite (LDRP)",1
Neonatal Critical Care (Level III),Step down Neonatal Nursery (Level II),57
Neonatal Critical Care (Level III),ONC Pediatric General Hematology/Oncology Ward,1
Neonatal Critical Care (Level III),Exit,41
Neurologic Critical Care,Endoscopy Suite,1
Neurologic Critical Care,Medical Ward,7
Neurologic Critical Care,Neurology Ward,25
Neurologic Critical Care,Neurosurgical Ward,55
Neurologic Critical Care,Operating Room/Suite,17
Neurologic Critical Care,Surgical Ward,3
Neurologic Critical Care,Surgical Cardiothoracic Critical Care,1
Neurologic Critical Care,ONC General Hematology/Oncology Ward,4
Neurologic Critical Care,Exit,64
Pediatric Cardiothoracic Critical Care,Pediatric Medical Ward,11
Pediatric Cardiothoracic Critical Care,Medical/Surgical Ward,1
Pediatric Cardiothoracic Critical Care,Operating Room/Suite,7
Pediatric Cardiothoracic Critical Care,Neonatal Critical Care (Level III),2
Pediatric Cardiothoracic Critical Care,Pediatric Medical/Surgical Critical Care,1
Pediatric Cardiothoracic Critical Care,Pediatric Step Down Unit (post-critical care),17
Pediatric Cardiothoracic Critical Care,Exit,7
Pediatric Medical/Surgical Critical Care,Pediatric Medical Ward,37
Pediatric Medical/Surgical Critical Care,Operating Room/Suite,6
Pediatric Medical/Surgical Critical Care,Neonatal Critical Care (Level III),1
Pediatric Medical/Surgical Critical Care,Pediatric Cardiothoracic Critical Care,2
Pediatric Medical/Surgical Critical Care,Pediatric Step Down Unit (post-critical care),9
Pediatric Medical/Surgical Critical Care,ONC Pediatric Hematopoietic Stem Cell Transplant Ward,1
Pediatric Medical/Surgical Critical Care,ONC Pediatric General Hematology/Oncology Ward,22
Pediatric Medical/Surgical Critical Care,Exit,11
Pediatric Step Down Unit (post-critical care),Pediatric Medical Ward,15
Pediatric Step Down Unit (post-critical care),Operating Room/Suite,6
Pediatric Step Down Unit (post-critical care),Pediatric Cardiothoracic Critical Care,1
Pediatric Step Down Unit (post-critical care),Pediatric Medical/Surgical Critical Care,2
Pediatric Step Down Unit (post-critical care),ONC Pediatric General Hematology/Oncology Ward,6
Pediatric Step Down Unit (post-critical care),Exit,18
Step down Neonatal Nursery (Level II),Operating Room/Suite,2
Step down Neonatal Nursery (Level II),Neonatal Critical Care (Level III),32
Step down Neonatal Nursery (Level II),Exit,22
Surgical Cardiothoracic Critical Care,Adult Step Down Unit (post-critical care),61
Surgical Cardiothoracic Critical Care,Endoscopy Suite,2
Surgical Cardiothoracic Critical Care,Medical/Surgical Ward,131
Surgical Cardiothoracic Critical Care,Operating Room/Suite,55
Surgical Cardiothoracic Critical Care,Medical Cardiac Critical Care,5
Surgical Cardiothoracic Critical Care,Medical Critical Care,1
Surgical Cardiothoracic Critical Care,Surgical Critical Care,1
Surgical Cardiothoracic Critical Care,Exit,7
Surgical Critical Care,Emergency Department,1
Surgical Critical Care,Endoscopy Suite,1
Surgical Critical Care,Medical Ward,20
Surgical Critical Care,Medical/Surgical Ward,18
Surgical Critical Care,Neurology Ward,1
Surgical Critical Care,Operating Room/Suite,48
Surgical Critical Care,Pulmonary Ward,2
Surgical Critical Care,Surgical Ward,42
Surgical Critical Care,Medical Cardiac Critical Care,1
Surgical Critical Care,Medical Critical Care,3
Surgical Critical Care,Neurologic Critical Care,2
Surgical Critical Care,Surgical Cardiothoracic Critical Care,1
Surgical Critical Care,ONC General Hematology/Oncology Ward,17
Surgical Critical Care,Exit,23
ONC Hematopoietic Stem Cell Transplant Ward,Endoscopy Suite,1
ONC Hematopoietic Stem Cell Transplant Ward,Operating Room/Suite,1
ONC Hematopoietic Stem Cell Transplant Ward,Medical Cardiac Critical Care,1
ONC Hematopoietic Stem Cell Transplant Ward,Medical Critical Care,2
ONC Hematopoietic Stem Cell Transplant Ward,ONC General Hematology/Oncology Ward,4
ONC Hematopoietic Stem Cell Transplant Ward,Exit,42
ONC General Hematology/Oncology Ward,Endoscopy Suite,28
ONC General Hematology/Oncology Ward,Pediatric Medical Ward,1
ONC General Hematology/Oncology Ward,Medical Ward,10
ONC General Hematology/Oncology Ward,Neurosurgical Ward,1
ONC General Hematology/Oncology Ward,Operating Room/Suite,54
ONC General Hematology/Oncology Ward,Surgical Ward,4
ONC General Hematology/Oncology Ward,Medical Cardiac Critical Care,1
ONC General Hematology/Oncology Ward,Medical Critical Care,3
ONC General Hematology/Oncology Ward,Neurologic Critical Care,2
ONC General Hematology/Oncology Ward,Surgical Critical Care,6
ONC General Hematology/Oncology Ward,ONC Hematopoietic Stem Cell Transplant Ward,2
ONC General Hematology/Oncology Ward,Exit,527
ONC Pediatric Hematopoietic Stem Cell Transplant Ward,Operating Room/Suite,5
ONC Pediatric Hematopoietic Stem Cell Transplant Ward,Pediatric Medical/Surgical Critical Care,2
ONC Pediatric Hematopoietic Stem Cell Transplant Ward,Exit,12
ONC Pediatric General Hematology/Oncology Ward,Endoscopy Suite,1
ONC Pediatric General Hematology/Oncology Ward,Pediatric Medical Ward,1
ONC Pediatric General Hematology/Oncology Ward,Neurology Ward,1
ONC Pediatric General Hematology/Oncology Ward,Operating Room/Suite,10
ONC Pediatric General Hematology/Oncology Ward,Pediatric Medical/Surgical Critical Care,10
ONC Pediatric General Hematology/Oncology Ward,Exit,207
