source,destination,count
Entry,24-Hour Observation Area,133
Entry,Adult Step Down Unit (post-critical care),45
Entry,Ambulatory Surgery Center,688
Entry,Emergency Department,5877
Entry,Endoscopy Suite,8
Entry,Behavioral Health/Psych Ward,37
Entry,Pediatric Medical Ward,46
Entry,Medical Ward,228
Entry,Medical/Surgical Ward,125
Entry,Neurology Ward,32
Entry,Neurosurgical Ward,32
Entry,Operating Room/Suite,1887
Entry,Postpartum Ward,112
Entry,Pulmonary Ward,25
Entry,Surgical Ward,67
Entry,"Labor, Delivery, Recovery, Postpartum Suite (LDRP)",493
Entry,Medical Cardiac Critical Care,25
Entry,Medical Critical Care,27
Entry,Neurologic Critical Care,20
Entry,Pediatric Cardiothoracic Critical Care,8
Entry,Pediatric Medical/Surgical Critical Care,14
Entry,Pediatric Step Down Unit (post-critical care),18
Entry,Surgical Cardiothoracic Critical Care,7
Entry,Surgical Critical Care,4
Entry,ONC Hematopoietic Stem Cell Transplant Ward,32
Entry,ONC General Hematology/Oncology Ward,127
Entry,ONC Pediatric Hematopoietic Stem Cell Transplant Ward,15
Entry,ONC Pediatric General Hematology/Oncology Ward,82
Entry,Adult Mixed Acuity Unit,7
Entry,Neonatal Critical Care (Level IV),54
24-Hour Observation Area,Adult Step Down Unit (post-critical care),1
24-Hour Observation Area,Medical Ward,9
24-Hour Observation Area,Medical/Surgical Ward,1
24-Hour Observation Area,Neurology Ward,1
24-Hour Observation Area,Operating Room/Suite,3
24-Hour Observation Area,Surgical Ward,12
24-Hour Observation Area,Pediatric Step Down Unit (post-critical care),1
24-Hour Observation Area,ONC General Hematology/Oncology Ward,1
24-Hour Observation Area,Exit,342
Adult Step Down Unit (post-critical care),Endoscopy Suite,9
Adult Step Down Unit (post-critical care),Medical/Surgical Ward,1
Adult Step Down Unit (post-critical care),Operating Room/Suite,34
Adult Step Down Unit (post-critical care),Pulmonary Ward,1
Adult Step Down Unit (post-critical care),Medical Cardiac Critical Care,6
Adult Step Down Unit (post-critical care),Surgical Cardiothoracic Critical Care,4
Adult Step Down Unit (post-critical care),Surgical Critical Care,2
Adult Step Down Unit (post-critical care),Exit,109
Ambulatory Surgery Center,24-Hour Observation Area,1
Ambulatory Surgery Center,Exit,687
Emergency Department,Adult Step Down Unit (post-critical care),29
Emergency Department,Endoscopy Suite,11
Emergency Department,Pediatric Medical Ward,90
Emergency Department,Medical Ward,527
Emergency Department,Medical/Surgical Ward,176
Emergency Department,Neurology Ward,53
Emergency Department,Neurosurgical Ward,108
Emergency Department,Operating Room/Suite,124
Emergency Department,Postpartum Ward,2
Emergency Department,Pulmonary Ward,39
Emergency Department,Surgical Ward,177
Emergency Department,Medical Cardiac Critical Care,53
Emergency Department,Medical Critical Care,35
Emergency Department,Neurologic Critical Care,50
Emergency Department,Pediatric Cardiothoracic Critical Care,1
Emergency Department,Pediatric Medical/Surgical Critical Care,24
Emergency Department,Pediatric Step Down Unit (post-critical care),9
Emergency Department,Surgical Cardiothoracic Critical Care,6
Emergency Department,Surgical Critical Care,39
Emergency Department,ONC Hematopoietic Stem Cell Transplant Ward,10
Emergency Department,ONC General Hematology/Oncology Ward,166
Emergency Department,ONC Pediatric General Hematology/Oncology Ward,100
Emergency Department,Adult Mixed Acuity Unit,75
Emergency Department,Neonatal Critical Care (Level IV),1
Emergency Department,Exit,3959
Endoscopy Suite,Adult Step Down Unit (post-critical care),9
Endoscopy Suite,Emergency Department,10
Endoscopy Suite,Medical Ward,56
Endoscopy Suite,Medical/Surgical Ward,35
Endoscopy Suite,Neurology Ward,5
Endoscopy Suite,Neurosurgical Ward,3
Endoscopy Suite,Operating Room/Suite,1
Endoscopy Suite,Pulmonary Ward,12
Endoscopy Suite,Surgical Ward,13
Endoscopy Suite,Medical Critical Care,1
Endoscopy Suite,Surgical Critical Care,1
Endoscopy Suite,ONC Hematopoietic Stem Cell Transplant Ward,8
Endoscopy Suite,ONC General Hematology/Oncology Ward,32
Endoscopy Suite,ONC Pediatric General Hematology/Oncology Ward,2
Endoscopy Suite,Exit,8
Behavioral Health/Psych Ward,Exit,39
Pediatric Medical Ward,Neurosurgical Ward,1
Pediatric Medical Ward,Operating Room/Suite,60
Pediatric Medical Ward,Neurologic Critical Care,1
Pediatric Medical Ward,Pediatric Medical/Surgical Critical Care,7
Pediatric Medical Ward,ONC Pediatric General Hematology/Oncology Ward,2
Pediatric Medical Ward,Exit,219
Medical Ward,Endoscopy Suite,56
Medical Ward,Neurosurgical Ward,4
Medical Ward,Operating Room/Suite,100
Medical Ward,Pulmonary Ward,7
Medical Ward,Surgical Ward,3
Medical Ward,Medical Cardiac Critical Care,29
Medical Ward,Medical Critical Care,7
Medical Ward,Neurologic Critical Care,6
Medical Ward,Surgical Cardiothoracic Critical Care,5
Medical Ward,Surgical Critical Care,5
Medical Ward,ONC General Hematology/Oncology Ward,7
Medical Ward,Adult Mixed Acuity Unit,6
Medical Ward,Exit,836
Medical/Surgical Ward,Endoscopy Suite,35
Medical/Surgical Ward,Medical Ward,8
Medical/Surgical Ward,Operating Room/Suite,165
Medical/Surgical Ward,Pulmonary Ward,1
Medical/Surgical Ward,Surgical Ward,14
Medical/Surgical Ward,Medical Cardiac Critical Care,4
Medical/Surgical Ward,Medical Critical Care,7
Medical/Surgical Ward,Neurologic Critical Care,1
Medical/Surgical Ward,Surgical Cardiothoracic Critical Care,16
Medical/Surgical Ward,Surgical Critical Care,2
Medical/Surgical Ward,ONC General Hematology/Oncology Ward,9
Medical/Surgical Ward,Adult Mixed Acuity Unit,3
Medical/Surgical Ward,Exit,452
Neurology Ward,Endoscopy Suite,5
Neurology Ward,Medical Ward,2
Neurology Ward,Medical/Surgical Ward,1
Neurology Ward,Operating Room/Suite,14
Neurology Ward,Surgical Ward,1
Neurology Ward,Medical Critical Care,1
Neurology Ward,Neurologic Critical Care,1
Neurology Ward,Exit,151
Neurosurgical Ward,Adult Step Down Unit (post-critical care),1
Neurosurgical Ward,Endoscopy Suite,3
Neurosurgical Ward,Medical Ward,3
Neurosurgical Ward,Operating Room/Suite,49
Neurosurgical Ward,Surgical Ward,2
Neurosurgical Ward,Medical Critical Care,1
Neurosurgical Ward,Neurologic Critical Care,6
Neurosurgical Ward,Surgical Critical Care,1
Neurosurgical Ward,ONC General Hematology/Oncology Ward,2
Neurosurgical Ward,Adult Mixed Acuity Unit,1
Neurosurgical Ward,Exit,246
Operating Room/Suite,24-Hour Observation Area,248
Operating Room/Suite,Adult Step Down Unit (post-critical care),32
Operating Room/Suite,Pediatric Medical Ward,121
Operating Room/Suite,Medical Ward,79
Operating Room/Suite,Medical/Surgical Ward,208
Operating Room/Suite,Neurology Ward,65
Operating Room/Suite,Neurosurgical Ward,89
Operating Room/Suite,Pulmonary Ward,17
Operating Room/Suite,Surgical Ward,342
Operating Room/Suite,"Labor, Delivery, Recovery, Postpartum Suite (LDRP)",2
Operating Room/Suite,Medical Cardiac Critical Care,22
Operating Room/Suite,Medical Critical Care,9
Operating Room/Suite,Neurologic Critical Care,86
Operating Room/Suite,Pediatric Cardiothoracic Critical Care,38
Operating Room/Suite,Pediatric Medical/Surgical Critical Care,38
Operating Room/Suite,Pediatric Step Down Unit (post-critical care),4
Operating Room/Suite,Surgical Cardiothoracic Critical Care,211
Operating Room/Suite,Surgical Critical Care,101
Operating Room/Suite,ONC Hematopoietic Stem Cell Transplant Ward,1
Operating Room/Suite,ONC General Hematology/Oncology Ward,180
Operating Room/Suite,ONC Pediatric Hematopoietic Stem Cell Transplant Ward,12
Operating Room/Suite,ONC Pediatric General Hematology/Oncology Ward,26
Operating Room/Suite,Adult Mixed Acuity Unit,3
Operating Room/Suite,Neonatal Critical Care (Level IV),20
Operating Room/Suite,Exit,913
Postpartum Ward,Pediatric Medical Ward,1
Postpartum Ward,Medical Ward,1
Postpartum Ward,Medical/Surgical Ward,1
Postpartum Ward,Surgical Ward,2
Postpartum Ward,"Labor, Delivery, Recovery, Postpartum Suite (LDRP)",24
Postpartum Ward,Pediatric Medical/Surgical Critical Care,1
Postpartum Ward,ONC General Hematology/Oncology Ward,3
Postpartum Ward,ONC Pediatric General Hematology/Oncology Ward,3
Postpartum Ward,Neonatal Critical Care (Level IV),14
Postpartum Ward,Exit,536
Pulmonary Ward,Endoscopy Suite,13
Pulmonary Ward,Medical Ward,5
Pulmonary Ward,Operating Room/Suite,14
Pulmonary Ward,Medical Cardiac Critical Care,1
Pulmonary Ward,Medical Critical Care,5
Pulmonary Ward,Surgical Cardiothoracic Critical Care,3
Pulmonary Ward,Surgical Critical Care,3
Pulmonary Ward,ONC General Hematology/Oncology Ward,1
Pulmonary Ward,Exit,76
Surgical Ward,Adult Step Down Unit (post-critical care),1
Surgical Ward,Endoscopy Suite,13
Surgical Ward,Medical Ward,1
Surgical Ward,Neurosurgical Ward,1
Surgical Ward,Operating Room/Suite,118
Surgical Ward,Pulmonary Ward,2
Surgical Ward,Neurologic Critical Care,1
Surgical Ward,Surgical Cardiothoracic Critical Care,1
Surgical Ward,Surgical Critical Care,8
Surgical Ward,ONC General Hematology/Oncology Ward,13
Surgical Ward,Exit,515
"Labor, Delivery, Recovery, Postpartum Suite (LDRP)",Pediatric Medical Ward,1
"Labor, Delivery, Recovery, Postpartum Suite (LDRP)",Postpartum Ward,452
"Labor, Delivery, Recovery, Postpartum Suite (LDRP)",Medical Cardiac Critical Care,2
"Labor, Delivery, Recovery, Postpartum Suite (LDRP)",Pediatric Cardiothoracic Critical Care,2
"Labor, Delivery, Recovery, Postpartum Suite (LDRP)",Pediatric Medical/Surgical Critical Care,1
"Labor, Delivery, Recovery, Postpartum Suite (LDRP)",Surgical Critical Care,1
"Labor, Delivery, Recovery, Postpartum Suite (LDRP)",ONC General Hematology/Oncology Ward,1
"Labor, Delivery, Recovery, Postpartum Suite (LDRP)",Neonatal Critical Care (Level IV),18
"Labor, Delivery, Recovery, Postpartum Suite (LDRP)",Exit,47
Medical Cardiac Critical Care,Adult Step Down Unit (post-critical care),3
Medical Cardiac Critical Care,Medical Ward,72
Medical Cardiac Critical Care,Medical/Surgical Ward,9
Medical Cardiac Critical Care,Neurology Ward,1
Medical Cardiac Critical Care,Neurosurgical Ward,1
Medical Cardiac Critical Care,Operating Room/Suite,24
Medical Cardiac Critical Care,Surgical Ward,1
Medical Cardiac Critical Care,"Labor, Delivery, Recovery, Postpartum Suite (LDRP)",2
Medical Cardiac Critical Care,Medical Critical Care,1
Medical Cardiac Critical Care,Neurologic Critical Care,1
Medical Cardiac Critical Care,Surgical Cardiothoracic Critical Care,3
Medical Cardiac Critical Care,ONC General Hematology/Oncology Ward,2
Medical Cardiac Critical Care,Exit,29
Medical Critical Care,Medical Ward,41
Medical Critical Care,Medical/Surgical Ward,3
Medical Critical Care,Neurosurgical Ward,2
Medical Critical Care,Operating Room/Suite,10
Medical Critical Care,Pulmonary Ward,9
Medical Critical Care,Surgical Cardiothoracic Critical Care,1
Medical Critical Care,Surgical Critical Care,2
Medical Critical Care,ONC General Hematology/Oncology Ward,8
Medical Critical Care,Adult Mixed Acuity Unit,6
Medical Critical Care,Exit,23
Neurologic Critical Care,Medical Ward,13
Neurologic Critical Care,Medical/Surgical Ward,1
Neurologic Critical Care,Neurology Ward,14
Neurologic Critical Care,Neurosurgical Ward,70
Neurologic Critical Care,Operating Room/Suite,16
Neurologic Critical Care,Surgical Ward,2
Neurologic Critical Care,"Labor, Delivery, Recovery, Postpartum Suite (LDRP)",1
Neurologic Critical Care,Medical Critical Care,2
Neurologic Critical Care,Surgical Cardiothoracic Critical Care,1
Neurologic Critical Care,Surgical Critical Care,1
Neurologic Critical Care,ONC General Hematology/Oncology Ward,4
Neurologic Critical Care,Exit,53
Pediatric Cardiothoracic Critical Care,Pediatric Medical Ward,6
Pediatric Cardiothoracic Critical Care,Operating Room/Suite,22
Pediatric Cardiothoracic Critical Care,Pediatric Medical/Surgical Critical Care,3
Pediatric Cardiothoracic Critical Care,Pediatric Step Down Unit (post-critical care),28
Pediatric Cardiothoracic Critical Care,Neonatal Critical Care (Level IV),1
Pediatric Cardiothoracic Critical Care,Exit,3
Pediatric Medical/Surgical Critical Care,Pediatric Medical Ward,26
Pediatric Medical/Surgical Critical Care,Medical Ward,1
Pediatric Medical/Surgical Critical Care,Operating Room/Suite,16
Pediatric Medical/Surgical Critical Care,Postpartum Ward,2
Pediatric Medical/Surgical Critical Care,Medical Cardiac Critical Care,1
Pediatric Medical/Surgical Critical Care,Pediatric Cardiothoracic Critical Care,3
Pediatric Medical/Surgical Critical Care,Pediatric Step Down Unit (post-critical care),8
Pediatric Medical/Surgical Critical Care,Surgical Critical Care,1
Pediatric Medical/Surgical Critical Care,ONC Pediatric Hematopoietic Stem Cell Transplant Ward,6
Pediatric Medical/Surgical Critical Care,ONC Pediatric General Hematology/Oncology Ward,29
Pediatric Medical/Surgical Critical Care,Neonatal Critical Care (Level IV),1
Pediatric Medical/Surgical Critical Care,Exit,16
Pediatric Step Down Unit (post-critical care),Pediatric Medical Ward,5
Pediatric Step Down Unit (post-critical care),Operating Room/Suite,5
Pediatric Step Down Unit (post-critical care),Pediatric Cardiothoracic Critical Care,9
Pediatric Step Down Unit (post-critical care),Pediatric Medical/Surgical Critical Care,4
Pediatric Step Down Unit (post-critical care),ONC Pediatric General Hematology/Oncology Ward,1
Pediatric Step Down Unit (post-critical care),Exit,43
Step down Neonatal Nursery (Level II),Neonatal Critical Care (Level IV),28
Step down Neonatal Nursery (Level II),Exit,13
Surgical Cardiothoracic Critical Care,Adult Step Down Unit (post-critical care),45
Surgical Cardiothoracic Critical Care,Medical Ward,3
Surgical Cardiothoracic Critical Care,Medical/Surgical Ward,135
Surgical Cardiothoracic Critical Care,Operating Room/Suite,51
Surgical Cardiothoracic Critical Care,Pulmonary Ward,2
Surgical Cardiothoracic Critical Care,Surgical Ward,2
Surgical Cardiothoracic Critical Care,Medical Cardiac Critical Care,4
Surgical Cardiothoracic Critical Care,Medical Critical Care,2
Surgical Cardiothoracic Critical Care,Surgical Critical Care,1
Surgical Cardiothoracic Critical Care,ONC Hematopoietic Stem Cell Transplant Ward,1
Surgical Cardiothoracic Critical Care,ONC General Hematology/Oncology Ward,1
Surgical Cardiothoracic Critical Care,Exit,9
Surgical Critical Care,Adult Step Down Unit (post-critical care),1
Surgical Critical Care,Medical Ward,19
Surgical Critical Care,Medical/Surgical Ward,17
Surgical Critical Care,Neurology Ward,4
Surgical Critical Care,Neurosurgical Ward,4
Surgical Critical Care,Operating Room/Suite,49
Surgical Critical Care,Pulmonary Ward,3
Surgical Critical Care,Surgical Ward,35
Surgical Critical Care,"Labor, Delivery, Recovery, Postpartum Suite (LDRP)",1
Surgical Critical Care,Medical Cardiac Critical Care,1
Surgical Critical Care,Medical Critical Care,1
Surgical Critical Care,Neurologic Critical Care,1
Surgical Critical Care,Pediatric Medical/Surgical Critical Care,1
Surgical Critical Care,Surgical Cardiothoracic Critical Care,1
Surgical Critical Care,ONC Hematopoietic Stem Cell Transplant Ward,2
Surgical Critical Care,ONC General Hematology/Oncology Ward,14
Surgical Critical Care,Adult Mixed Acuity Unit,4
Surgical Critical Care,Exit,18
ONC Hematopoietic Stem Cell Transplant Ward,Endoscopy Suite,8
ONC Hematopoietic Stem Cell Transplant Ward,Operating Room/Suite,1
ONC Hematopoietic Stem Cell Transplant Ward,Medical Cardiac Critical Care,1
ONC Hematopoietic Stem Cell Transplant Ward,Surgical Cardiothoracic Critical Care,1
ONC Hematopoietic Stem Cell Transplant Ward,Surgical Critical Care,1
ONC Hematopoietic Stem Cell Transplant Ward,ONC General Hematology/Oncology Ward,2
ONC Hematopoietic Stem Cell Transplant Ward,Exit,43
ONC General Hematology/Oncology Ward,Endoscopy Suite,33
ONC General Hematology/Oncology Ward,Medical/Surgical Ward,2
ONC General Hematology/Oncology Ward,Operating Room/Suite,53
ONC General Hematology/Oncology Ward,Pulmonary Ward,1
ONC General Hematology/Oncology Ward,Surgical Ward,1
ONC General Hematology/Oncology Ward,Medical Cardiac Critical Care,3
ONC General Hematology/Oncology Ward,Medical Critical Care,3
ONC General Hematology/Oncology Ward,Neurologic Critical Care,5
ONC General Hematology/Oncology Ward,Surgical Cardiothoracic Critical Care,1
ONC General Hematology/Oncology Ward,Surgical Critical Care,3
ONC General Hematology/Oncology Ward,Adult Mixed Acuity Unit,1
ONC General Hematology/Oncology Ward,Exit,460
ONC Pediatric Hematopoietic Stem Cell Transplant Ward,Operating Room/Suite,8
ONC Pediatric Hematopoietic Stem Cell Transplant Ward,Pediatric Medical/Surgical Critical Care,4
ONC Pediatric Hematopoietic Stem Cell Transplant Ward,Exit,26
ONC Pediatric General Hematology/Oncology Ward,Endoscopy Suite,2
ONC Pediatric General Hematology/Oncology Ward,Medical Ward,3
ONC Pediatric General Hematology/Oncology Ward,Operating Room/Suite,20
ONC Pediatric General Hematology/Oncology Ward,Pediatric Medical/Surgical Critical Care,10
ONC Pediatric General Hematology/Oncology Ward,ONC Pediatric Hematopoietic Stem Cell Transplant Ward,2
ONC Pediatric General Hematology/Oncology Ward,Exit,212
Adult Mixed Acuity Unit,Adult Step Down Unit (post-critical care),1
Adult Mixed Acuity Unit,Medical Ward,10
Adult Mixed Acuity Unit,Medical/Surgical Ward,3
Adult Mixed Acuity Unit,Operating Room/Suite,4
Adult Mixed Acuity Unit,Pulmonary Ward,2
Adult Mixed Acuity Unit,Medical Critical Care,6
Adult Mixed Acuity Unit,Surgical Critical Care,4
Adult Mixed Acuity Unit,ONC General Hematology/Oncology Ward,2
Adult Mixed Acuity Unit,Exit,78
Neonatal Critical Care (Level IV),Pediatric Medical Ward,2
Neonatal Critical Care (Level IV),Operating Room/Suite,21
Neonatal Critical Care (Level IV),Postpartum Ward,5
Neonatal Critical Care (Level IV),"Labor, Delivery, Recovery, Postpartum Suite (LDRP)",1
Neonatal Critical Care (Level IV),Pediatric Cardiothoracic Critical Care,2
Neonatal Critical Care (Level IV),Pediatric Medical/Surgical Critical Care,3
Neonatal Critical Care (Level IV),Step down Neonatal Nursery (Level II),42
Neonatal Critical Care (Level IV),ONC Pediatric General Hematology/Oncology Ward,3
Neonatal Critical Care (Level IV),Exit,64
