source,destination,count
Entry,24-Hour Observation Area,105
Entry,Adult Step Down Unit (post-critical care),25
Entry,Ambulatory Surgery Center,546
Entry,Emergency Department,6557
Entry,Endoscopy Suite,6
Entry,Pediatric Medical Ward,45
Entry,Medical Ward,230
Entry,Medical/Surgical Ward,130
Entry,Neurology Ward,37
Entry,Neurosurgical Ward,36
Entry,Operating Room/Suite,1700
Entry,Postpartum Ward,167
Entry,Pulmonary Ward,27
Entry,Surgical Ward,64
Entry,"Labor, Delivery, Recovery, Postpartum Suite (LDRP)",498
Entry,Medical Cardiac Critical Care,29
Entry,Medical Critical Care,21
Entry,Neurologic Critical Care,17
Entry,Pediatric Cardiothoracic Critical Care,17
Entry,Pediatric Medical/Surgical Critical Care,29
Entry,Pediatric Step Down Unit (post-critical care),18
Entry,Surgical Cardiothoracic Critical Care,11
Entry,Surgical Critical Care,2
Entry,ONC Leukemia/Lymphoma Ward,78
Entry,ONC Hematopoietic Stem Cell Transplant Ward,30
Entry,ONC General Hematology/Oncology Ward,77
Entry,ONC Pediatric Hematopoietic Stem Cell Transplant Ward,20
Entry,ONC Pediatric General Hematology/Oncology Ward,73
Entry,Adult Mixed Acuity Unit,9
Entry,Neonatal Critical Care (Level IV),44
24-Hour Observation Area,Medical Ward,6
24-Hour Observation Area,Medical/Surgical Ward,3
24-Hour Observation Area,Operating Room/Suite,18
24-Hour Observation Area,Surgical Ward,8
24-Hour Observation Area,Medical Cardiac Critical Care,5
24-Hour Observation Area,ONC General Hematology/Oncology Ward,2
24-Hour Observation Area,Exit,296
Adult Step Down Unit (post-critical care),Endoscopy Suite,14
Adult Step Down Unit (post-critical care),Medical Ward,1
Adult Step Down Unit (post-critical care),Operating Room/Suite,27
Adult Step Down Unit (post-critical care),Pulmonary Ward,1
Adult Step Down Unit (post-critical care),Medical Cardiac Critical Care,1
Adult Step Down Unit (post-critical care),Medical Critical Care,2
Adult Step Down Unit (post-critical care),Surgical Cardiothoracic Critical Care,3
Adult Step Down Unit (post-critical care),Surgical Critical Care,2
Adult Step Down Unit (post-critical care),ONC General Hematology/Oncology Ward,1
Adult Step Down Unit (post-critical care),Exit,69
Ambulatory Surgery Center,Operating Room/Suite,1
Ambulatory Surgery Center,Exit,545
Emergency Department,Adult Step Down Unit (post-critical care),17
Emergency Department,Endoscopy Suite,11
Emergency Department,Pediatric Medical Ward,125
Emergency Department,Medical Ward,564
Emergency Department,Medical/Surgical Ward,151
Emergency Department,Neurology Ward,46
Emergency Department,Neurosurgical Ward,102
Emergency Department,Operating Room/Suite,149
Emergency Department,Postpartum Ward,3
Emergency Department,Pulmonary Ward,46
Emergency Department,Surgical Ward,144
Emergency Department,"Labor, Delivery, Recovery, Postpartum Suite (LDRP)",1
Emergency Department,Medical Cardiac Critical Care,56
Emergency Department,Medical Critical Care,63
Emergency Department,Neurologic Critical Care,50
Emergency Department,Pediatric Cardiothoracic Critical Care,2
Emergency Department,Pediatric Medical/Surgical Critical Care,30
Emergency Department,Pediatric Step Down Unit (post-critical care),6
Emergency Department,Surgical Cardiothoracic Critical Care,6
Emergency Department,Surgical Critical Care,42
Emergency Department,ONC Leukemia/Lymphoma Ward,13
Emergency Department,ONC Hematopoietic Stem Cell Transplant Ward,21
Emergency Department,ONC General Hematology/Oncology Ward,140
Emergency Department,ONC Pediatric Hematopoietic Stem Cell Transplant Ward,3
Emergency Department,ONC Pediatric General Hematology/Oncology Ward,96
Emergency Department,Adult Mixed Acuity Unit,55
Emergency Department,Exit,4628
Endoscopy Suite,Adult Step Down Unit (post-critical care),14
Endoscopy Suite,Emergency Department,11
Endoscopy Suite,Pediatric Medical Ward,1
Endoscopy Suite,Medical Ward,54
Endoscopy Suite,Medical/Surgical Ward,41
Endoscopy Suite,Neurology Ward,2
Endoscopy Suite,Neurosurgical Ward,6
Endoscopy Suite,Pulmonary Ward,16
Endoscopy Suite,Surgical Ward,14
Endoscopy Suite,Medical Critical Care,1
Endoscopy Suite,Surgical Critical Care,1
Endoscopy Suite,ONC Leukemia/Lymphoma Ward,2
Endoscopy Suite,ONC Hematopoietic Stem Cell Transplant Ward,10
Endoscopy Suite,ONC General Hematology/Oncology Ward,18
Endoscopy Suite,ONC Pediatric General Hematology/Oncology Ward,1
Endoscopy Suite,Adult Mixed Acuity Unit,4
Endoscopy Suite,Exit,6
Pediatric Medical Ward,Endoscopy Suite,1
Pediatric Medical Ward,Medical/Surgical Ward,1
Pediatric Medical Ward,Operating Room/Suite,53
Pediatric Medical Ward,Pediatric Medical/Surgical Critical Care,12
Pediatric Medical Ward,Exit,273
Medical Ward,24-Hour Observation Area,1
Medical Ward,Endoscopy Suite,54
Medical Ward,Medical/Surgical Ward,2
Medical Ward,Neurosurgical Ward,1
Medical Ward,Operating Room/Suite,92
Medical Ward,Pulmonary Ward,1
Medical Ward,Surgical Ward,3
Medical Ward,Medical Cardiac Critical Care,36
Medical Ward,Medical Critical Care,15
Medical Ward,Neurologic Critical Care,6
Medical Ward,Surgical Cardiothoracic Critical Care,3
Medical Ward,Surgical Critical Care,4
Medical Ward,ONC Leukemia/Lymphoma Ward,9
Medical Ward,ONC General Hematology/Oncology Ward,8
Medical Ward,Adult Mixed Acuity Unit,1
Medical Ward,Exit,909
Medical/Surgical Ward,Endoscopy Suite,42
Medical/Surgical Ward,Medical Ward,5
Medical/Surgical Ward,Neurology Ward,1
Medical/Surgical Ward,Neurosurgical Ward,1
Medical/Surgical Ward,Operating Room/Suite,137
Medical/Surgical Ward,Surgical Ward,7
Medical/Surgical Ward,Medical Cardiac Critical Care,6
Medical/Surgical Ward,Neurologic Critical Care,1
Medical/Surgical Ward,Surgical Cardiothoracic Critical Care,18
Medical/Surgical Ward,ONC General Hematology/Oncology Ward,5
Medical/Surgical Ward,Adult Mixed Acuity Unit,2
Medical/Surgical Ward,Exit,451
Neurology Ward,Endoscopy Suite,3
Neurology Ward,Medical Ward,3
Neurology Ward,Operating Room/Suite,25
Neurology Ward,Neurologic Critical Care,2
Neurology Ward,Adult Mixed Acuity Unit,1
Neurology Ward,Exit,144
Neurosurgical Ward,Endoscopy Suite,6
Neurosurgical Ward,Medical Ward,3
Neurosurgical Ward,Neurology Ward,1
Neurosurgical Ward,Operating Room/Suite,47
Neurosurgical Ward,Surgical Ward,1
Neurosurgical Ward,Medical Cardiac Critical Care,1
Neurosurgical Ward,Neurologic Critical Care,10
Neurosurgical Ward,Adult Mixed Acuity Unit,2
Neurosurgical Ward,Exit,209
Operating Room/Suite,24-Hour Observation Area,222
Operating Room/Suite,Adult Step Down Unit (post-critical care),22
Operating Room/Suite,Pediatric Medical Ward,119
Operating Room/Suite,Medical Ward,90
Operating Room/Suite,Medical/Surgical Ward,163
Operating Room/Suite,Neurology Ward,61
Operating Room/Suite,Neurosurgical Ward,68
Operating Room/Suite,Postpartum Ward,3
Operating Room/Suite,Pulmonary Ward,8
Operating Room/Suite,Surgical Ward,327
Operating Room/Suite,"Labor, Delivery, Recovery, Postpartum Suite (LDRP)",2
Operating Room/Suite,Medical Cardiac Critical Care,13
Operating Room/Suite,Medical Critical Care,13
Operating Room/Suite,Neurologic Critical Care,92
Operating Room/Suite,Pediatric Cardiothoracic Critical Care,35
Operating Room/Suite,Pediatric Medical/Surgical Critical Care,25
Operating Room/Suite,Surgical Cardiothoracic Critical Care,216
Operating Room/Suite,Surgical Critical Care,111
Operating Room/Suite,ONC Leukemia/Lymphoma Ward,4
Operating Room/Suite,ONC Hematopoietic Stem Cell Transplant Ward,3
Operating Room/Suite,ONC General Hematology/Oncology Ward,137
Operating Room/Suite,ONC Pediatric Hematopoietic Stem Cell Transplant Ward,15
Operating Room/Suite,ONC Pediatric General Hematology/Oncology Ward,25
Operating Room/Suite,Adult Mixed Acuity Unit,3
Operating Room/Suite,Neonatal Critical Care (Level IV),9
Operating Room/Suite,Exit,873
Postpartum Ward,Pediatric Medical Ward,1
Postpartum Ward,Medical/Surgical Ward,1
Postpartum Ward,Operating Room/Suite,2
Postpartum Ward,"Labor, Delivery, Recovery, Postpartum Suite (LDRP)",18
Postpartum Ward,Pediatric Medical/Surgical Critical Care,1
Postpartum Ward,ONC General Hematology/Oncology Ward,1
Postpartum Ward,ONC Pediatric Hematopoietic Stem Cell Transplant Ward,1
Postpartum Ward,ONC Pediatric General Hematology/Oncology Ward,6
Postpartum Ward,Neonatal Critical Care (Level IV),6
Postpartum Ward,Exit,564
Pulmonary Ward,Endoscopy Suite,16
Pulmonary Ward,Medical Ward,3
Pulmonary Ward,Operating Room/Suite,9
Pulmonary Ward,Surgical Ward,1
Pulmonary Ward,Medical Cardiac Critical Care,2
Pulmonary Ward,Medical Critical Care,9
Pulmonary Ward,Surgical Cardiothoracic Critical Care,1
Pulmonary Ward,Surgical Critical Care,1
Pulmonary Ward,ONC General Hematology/Oncology Ward,1
Pulmonary Ward,Exit,82
Surgical Ward,Endoscopy Suite,14
Surgical Ward,Medical Ward,3
Surgical Ward,Medical/Surgical Ward,2
Surgical Ward,Neurology Ward,1
Surgical Ward,Neurosurgical Ward,1
Surgical Ward,Operating Room/Suite,112
Surgical Ward,Pulmonary Ward,1
Surgical Ward,Medical Cardiac Critical Care,4
Surgical Ward,Medical Critical Care,1
Surgical Ward,Neurologic Critical Care,1
Surgical Ward,Surgical Critical Care,8
Surgical Ward,ONC Leukemia/Lymphoma Ward,1
Surgical Ward,ONC General Hematology/Oncology Ward,1
Surgical Ward,Adult Mixed Acuity Unit,1
Surgical Ward,Exit,471
"Labor, Delivery, Recovery, Postpartum Suite (LDRP)",Operating Room/Suite,3
"Labor, Delivery, Recovery, Postpartum Suite (LDRP)",Postpartum Ward,402
"Labor, Delivery, Recovery, Postpartum Suite (LDRP)",Medical Cardiac Critical Care,1
"Labor, Delivery, Recovery, Postpartum Suite (LDRP)",Pediatric Cardiothoracic Critical Care,2
"Labor, Delivery, Recovery, Postpartum Suite (LDRP)",Pediatric Medical/Surgical Critical Care,4
"Labor, Delivery, Recovery, Postpartum Suite (LDRP)",Surgical Critical Care,1
"Labor, Delivery, Recovery, Postpartum Suite (LDRP)",Neonatal Critical Care (Level IV),33
"Labor, Delivery, Recovery, Postpartum Suite (LDRP)",Exit,74
Medical Cardiac Critical Care,Adult Step Down Unit (post-critical care),1
Medical Cardiac Critical Care,Medical Ward,81
Medical Cardiac Critical Care,Medical/Surgical Ward,3
Medical Cardiac Critical Care,Neurosurgical Ward,1
Medical Cardiac Critical Care,Operating Room/Suite,26
Medical Cardiac Critical Care,Postpartum Ward,1
Medical Cardiac Critical Care,Pulmonary Ward,2
Medical Cardiac Critical Care,Surgical Ward,1
Medical Cardiac Critical Care,Medical Critical Care,2
Medical Cardiac Critical Care,Surgical Critical Care,1
Medical Cardiac Critical Care,ONC Hematopoietic Stem Cell Transplant Ward,3
Medical Cardiac Critical Care,ONC General Hematology/Oncology Ward,3
Medical Cardiac Critical Care,Adult Mixed Acuity Unit,1
Medical Cardiac Critical Care,Exit,37
Medical Critical Care,Medical Ward,59
Medical Critical Care,Neurology Ward,1
Medical Critical Care,Operating Room/Suite,13
Medical Critical Care,Pulmonary Ward,17
Medical Critical Care,Neurologic Critical Care,1
Medical Critical Care,ONC Leukemia/Lymphoma Ward,4
Medical Critical Care,ONC Hematopoietic Stem Cell Transplant Ward,1
Medical Critical Care,ONC General Hematology/Oncology Ward,5
Medical Critical Care,Adult Mixed Acuity Unit,9
Medical Critical Care,Exit,33
Neurologic Critical Care,Medical Ward,15
Neurologic Critical Care,Medical/Surgical Ward,2
Neurologic Critical Care,Neurology Ward,23
Neurologic Critical Care,Neurosurgical Ward,62
Neurologic Critical Care,Operating Room/Suite,18
Neurologic Critical Care,Surgical Ward,4
Neurologic Critical Care,Surgical Critical Care,1
Neurologic Critical Care,ONC Leukemia/Lymphoma Ward,3
Neurologic Critical Care,ONC Hematopoietic Stem Cell Transplant Ward,2
Neurologic Critical Care,ONC General Hematology/Oncology Ward,4
Neurologic Critical Care,Adult Mixed Acuity Unit,1
Neurologic Critical Care,Exit,47
Pediatric Cardiothoracic Critical Care,Pediatric Medical Ward,7
Pediatric Cardiothoracic Critical Care,Operating Room/Suite,12
Pediatric Cardiothoracic Critical Care,Postpartum Ward,2
Pediatric Cardiothoracic Critical Care,Pediatric Medical/Surgical Critical Care,2
Pediatric Cardiothoracic Critical Care,Pediatric Step Down Unit (post-critical care),34
Pediatric Cardiothoracic Critical Care,Exit,4
Pediatric Medical/Surgical Critical Care,Pediatric Medical Ward,36
Pediatric Medical/Surgical Critical Care,Neurosurgical Ward,1
Pediatric Medical/Surgical Critical Care,Operating Room/Suite,8
Pediatric Medical/Surgical Critical Care,Medical Critical Care,1
Pediatric Medical/Surgical Critical Care,Pediatric Cardiothoracic Critical Care,1
Pediatric Medical/Surgical Critical Care,Pediatric Step Down Unit (post-critical care),5
Pediatric Medical/Surgical Critical Care,ONC General Hematology/Oncology Ward,1
Pediatric Medical/Surgical Critical Care,ONC Pediatric Hematopoietic Stem Cell Transplant Ward,2
Pediatric Medical/Surgical Critical Care,ONC Pediatric General Hematology/Oncology Ward,36
Pediatric Medical/Surgical Critical Care,Exit,26
Pediatric Step Down Unit (post-critical care),Emergency Department,1
Pediatric Step Down Unit (post-critical care),Pediatric Medical Ward,2
Pediatric Step Down Unit (post-critical care),Operating Room/Suite,3
Pediatric Step Down Unit (post-critical care),Pediatric Cardiothoracic Critical Care,6
Pediatric Step Down Unit (post-critical care),Pediatric Medical/Surgical Critical Care,4
Pediatric Step Down Unit (post-critical care),ONC Pediatric General Hematology/Oncology Ward,1
Pediatric Step Down Unit (post-critical care),Exit,46
Step down Neonatal Nursery (Level II),Neonatal Critical Care (Level IV),12
Step down Neonatal Nursery (Level II),Exit,13
Surgical Cardiothoracic Critical Care,Adult Step Down Unit (post-critical care),43
Surgical Cardiothoracic Critical Care,Medical Ward,3
Surgical Cardiothoracic Critical Care,Medical/Surgical Ward,138
Surgical Cardiothoracic Critical Care,Operating Room/Suite,54
Surgical Cardiothoracic Critical Care,Postpartum Ward,1
Surgical Cardiothoracic Critical Care,Pulmonary Ward,2
Surgical Cardiothoracic Critical Care,Medical Cardiac Critical Care,3
Surgical Cardiothoracic Critical Care,Medical Critical Care,1
Surgical Cardiothoracic Critical Care,Surgical Critical Care,1
Surgical Cardiothoracic Critical Care,ONC Hematopoietic Stem Cell Transplant Ward,1
Surgical Cardiothoracic Critical Care,ONC General Hematology/Oncology Ward,2
Surgical Cardiothoracic Critical Care,Exit,11
Surgical Critical Care,Adult Step Down Unit (post-critical care),1
Surgical Critical Care,Medical Ward,17
Surgical Critical Care,Medical/Surgical Ward,23
Surgical Critical Care,Neurology Ward,2
Surgical Critical Care,Neurosurgical Ward,2
Surgical Critical Care,Operating Room/Suite,61
Surgical Critical Care,Postpartum Ward,1
Surgical Critical Care,Surgical Ward,41
Surgical Critical Care,Medical Cardiac Critical Care,1
Surgical Critical Care,Medical Critical Care,1
Surgical Critical Care,Neurologic Critical Care,2
Surgical Critical Care,ONC Leukemia/Lymphoma Ward,2
Surgical Critical Care,ONC Hematopoietic Stem Cell Transplant Ward,1
Surgical Critical Care,ONC General Hematology/Oncology Ward,12
Surgical Critical Care,Adult Mixed Acuity Unit,1
Surgical Critical Care,Exit,15
ONC Leukemia/Lymphoma Ward,Endoscopy Suite,2
ONC Leukemia/Lymphoma Ward,Operating Room/Suite,7
ONC Leukemia/Lymphoma Ward,Medical Critical Care,3
ONC Leukemia/Lymphoma Ward,Neurologic Critical Care,1
ONC Leukemia/Lymphoma Ward,Surgical Critical Care,2
ONC Leukemia/Lymphoma Ward,ONC Hematopoietic Stem Cell Transplant Ward,1
ONC Leukemia/Lymphoma Ward,Exit,102
ONC Hematopoietic Stem Cell Transplant Ward,Endoscopy Suite,10
ONC Hematopoietic Stem Cell Transplant Ward,Operating Room/Suite,4
ONC Hematopoietic Stem Cell Transplant Ward,Medical Cardiac Critical Care,2
ONC Hematopoietic Stem Cell Transplant Ward,Medical Critical Care,3
ONC Hematopoietic Stem Cell Transplant Ward,ONC Leukemia/Lymphoma Ward,1
ONC Hematopoietic Stem Cell Transplant Ward,ONC General Hematology/Oncology Ward,2
ONC Hematopoietic Stem Cell Transplant Ward,Exit,54
ONC General Hematology/Oncology Ward,Endoscopy Suite,18
ONC General Hematology/Oncology Ward,Medical Ward,3
ONC General Hematology/Oncology Ward,Medical/Surgical Ward,1
ONC General Hematology/Oncology Ward,Operating Room/Suite,38
ONC General Hematology/Oncology Ward,Surgical Ward,2
ONC General Hematology/Oncology Ward,Medical Cardiac Critical Care,3
ONC General Hematology/Oncology Ward,Medical Critical Care,5
ONC General Hematology/Oncology Ward,Neurologic Critical Care,5
ONC General Hematology/Oncology Ward,Surgical Cardiothoracic Critical Care,1
ONC General Hematology/Oncology Ward,Surgical Critical Care,2
ONC General Hematology/Oncology Ward,ONC Leukemia/Lymphoma Ward,2
ONC General Hematology/Oncology Ward,Exit,349
ONC Pediatric Hematopoietic Stem Cell Transplant Ward,Pediatric Medical Ward,1
ONC Pediatric Hematopoietic Stem Cell Transplant Ward,Operating Room/Suite,10
ONC Pediatric Hematopoietic Stem Cell Transplant Ward,Pediatric Medical/Surgical Critical Care,1
ONC Pediatric Hematopoietic Stem Cell Transplant Ward,Exit,28
ONC Pediatric General Hematology/Oncology Ward,Endoscopy Suite,1
ONC Pediatric General Hematology/Oncology Ward,Pediatric Medical Ward,1
ONC Pediatric General Hematology/Oncology Ward,Operating Room/Suite,21
ONC Pediatric General Hematology/Oncology Ward,Pediatric Medical/Surgical Critical Care,6
ONC Pediatric General Hematology/Oncology Ward,Exit,209
Adult Mixed Acuity Unit,Adult Step Down Unit (post-critical care),1
Adult Mixed Acuity Unit,Endoscopy Suite,4
Adult Mixed Acuity Unit,Medical Ward,7
Adult Mixed Acuity Unit,Medical/Surgical Ward,3
Adult Mixed Acuity Unit,Neurology Ward,1
Adult Mixed Acuity Unit,Operating Room/Suite,2
Adult Mixed Acuity Unit,Pulmonary Ward,2
Adult Mixed Acuity Unit,Surgical Ward,1
Adult Mixed Acuity Unit,Medical Critical Care,6
Adult Mixed Acuity Unit,Surgical Critical Care,4
Adult Mixed Acuity Unit,ONC Leukemia/Lymphoma Ward,1
Adult Mixed Acuity Unit,ONC General Hematology/Oncology Ward,1
Adult Mixed Acuity Unit,Exit,63
Neonatal Critical Care (Level IV),Pediatric Medical Ward,5
Neonatal Critical Care (Level IV),Operating Room/Suite,9
Neonatal Critical Care (Level IV),Postpartum Ward,13
Neonatal Critical Care (Level IV),"Labor, Delivery, Recovery, Postpartum Suite (LDRP)",3
Neonatal Critical Care (Level IV),Pediatric Cardiothoracic Critical Care,1
Neonatal Critical Care (Level IV),Pediatric Medical/Surgical Critical Care,4
Neonatal Critical Care (Level IV),Pediatric Step Down Unit (post-critical care),1
Neonatal Critical Care (Level IV),Step down Neonatal Nursery (Level II),25
Neonatal Critical Care (Level IV),ONC Pediatric Hematopoietic Stem Cell Transplant Ward,2
Neonatal Critical Care (Level IV),ONC Pediatric General Hematology/Oncology Ward,8
Neonatal Critical Care (Level IV),Exit,28
