source,destination,count
Entry,24-Hour Observation Area,120
Entry,Adult Step Down Unit (post-critical care),30
Entry,Ambulatory Surgery Center,560
Entry,Emergency Department,6254
Entry,Endoscopy Suite,7
Entry,Pediatric Medical Ward,36
Entry,Medical Ward,191
Entry,Medical/Surgical Ward,122
Entry,Neurology Ward,40
Entry,Neurosurgical Ward,24
Entry,Operating Room/Suite,1664
Entry,Postpartum Ward,195
Entry,Pulmonary Ward,21
Entry,Surgical Ward,55
Entry,"Labor, Delivery, Recovery, Postpartum Suite (LDRP)",460
Entry,Medical Cardiac Critical Care,40
Entry,Medical Critical Care,15
Entry,Neurologic Critical Care,17
Entry,Pediatric Cardiothoracic Critical Care,18
Entry,Pediatric Medical/Surgical Critical Care,23
Entry,Pediatric Step Down Unit (post-critical care),12
Entry,Surgical Cardiothoracic Critical Care,16
Entry,Surgical Critical Care,4
Entry,ONC Leukemia/Lymphoma Ward,54
Entry,ONC Hematopoietic Stem Cell Transplant Ward,27
Entry,ONC General Hematology/Oncology Ward,69
Entry,ONC Pediatric Hematopoietic Stem Cell Transplant Ward,26
Entry,ONC Pediatric General Hematology/Oncology Ward,53
Entry,Adult Mixed Acuity Unit,8
Entry,Neonatal Critical Care (Level IV),55
24-Hour Observation Area,Medical Ward,13
24-Hour Observation Area,Medical/Surgical Ward,7
24-Hour Observation Area,Neurology Ward,3
24-Hour Observation Area,Operating Room/Suite,11
24-Hour Observation Area,Surgical Ward,22
24-Hour Observation Area,Medical Cardiac Critical Care,1
24-Hour Observation Area,ONC General Hematology/Oncology Ward,9
24-Hour Observation Area,Exit,340
Adult Step Down Unit (post-critical care),Endoscopy Suite,8
Adult Step Down Unit (post-critical care),Medical Ward,1
Adult Step Down Unit (post-critical care),Operating Room/Suite,35
Adult Step Down Unit (post-critical care),Surgical Ward,1
Adult Step Down Unit (post-critical care),Surgical Cardiothoracic Critical Care,1
Adult Step Down Unit (post-critical care),Exit,97
Ambulatory Surgery Center,Surgical Ward,2
Ambulatory Surgery Center,Surgical Cardiothoracic Critical Care,1
Ambulatory Surgery Center,Exit,558
Emergency Department,Adult Step Down Unit (post-critical care),18
Emergency Department,Endoscopy Suite,14
Emergency Department,Pediatric Medical Ward,93
Emergency Department,Medical Ward,507
Emergency Department,Medical/Surgical Ward,153
Emergency Department,Neurology Ward,76
Emergency Department,Neurosurgical Ward,86
Emergency Department,Operating Room/Suite,133
Emergency Department,Postpartum Ward,1
Emergency Department,Pulmonary Ward,28
Emergency Department,Surgical Ward,171
Emergency Department,"Labor, Delivery, Recovery, Postpartum Suite (LDRP)",2
Emergency Department,Medical Cardiac Critical Care,65
Emergency Department,Medical Critical Care,43
Emergency Department,Neurologic Critical Care,60
Emergency Department,Pediatric Cardiothoracic Critical Care,2
Emergency Department,Pediatric Medical/Surgical Critical Care,47
Emergency Department,Pediatric Step Down Unit (post-critical care),6
Emergency Department,Surgical Cardiothoracic Critical Care,5
Emergency Department,Surgical Critical Care,29
Emergency Department,ONC Leukemia/Lymphoma Ward,14
Emergency Department,ONC Hematopoietic Stem Cell Transplant Ward,16
Emergency Department,ONC General Hematology/Oncology Ward,149
Emergency Department,ONC Pediatric Hematopoietic Stem Cell Transplant Ward,5
Emergency Department,ONC Pediatric General Hematology/Oncology Ward,103
Emergency Department,Adult Mixed Acuity Unit,41
Emergency Department,Neonatal Critical Care (Level IV),1
Emergency Department,Exit,4401
Endoscopy Suite,Adult Step Down Unit (post-critical care),8
Endoscopy Suite,Emergency Department,14
Endoscopy Suite,Medical Ward,69
Endoscopy Suite,Medical/Surgical Ward,32
Endoscopy Suite,Neurology Ward,2
Endoscopy Suite,Neurosurgical Ward,2
Endoscopy Suite,Pulmonary Ward,9
Endoscopy Suite,Surgical Ward,17
Endoscopy Suite,Surgical Cardiothoracic Critical Care,1
Endoscopy Suite,ONC Leukemia/Lymphoma Ward,6
Endoscopy Suite,ONC Hematopoietic Stem Cell Transplant Ward,9
Endoscopy Suite,ONC General Hematology/Oncology Ward,17
Endoscopy Suite,Exit,7
Pediatric Medical Ward,Emergency Department,1
Pediatric Medical Ward,Operating Room/Suite,40
Pediatric Medical Ward,Pediatric Medical/Surgical Critical Care,13
Pediatric Medical Ward,ONC Pediatric Hematopoietic Stem Cell Transplant Ward,1
Pediatric Medical Ward,ONC Pediatric General Hematology/Oncology Ward,1
Pediatric Medical Ward,Exit,227
Medical Ward,Endoscopy Suite,69
Medical Ward,Neurosurgical Ward,4
Medical Ward,Operating Room/Suite,93
Medical Ward,Pulmonary Ward,9
Medical Ward,Surgical Ward,1
Medical Ward,Medical Cardiac Critical Care,43
Medical Ward,Medical Critical Care,10
Medical Ward,Neurologic Critical Care,5
Medical Ward,Surgical Cardiothoracic Critical Care,9
Medical Ward,Surgical Critical Care,7
Medical Ward,ONC Leukemia/Lymphoma Ward,3
Medical Ward,ONC General Hematology/Oncology Ward,7
Medical Ward,Adult Mixed Acuity Unit,2
Medical Ward,Exit,811
Medical/Surgical Ward,Adult Step Down Unit (post-critical care),1
Medical/Surgical Ward,Endoscopy Suite,32
Medical/Surgical Ward,Medical Ward,13
Medical/Surgical Ward,Operating Room/Suite,151
Medical/Surgical Ward,Pulmonary Ward,5
Medical/Surgical Ward,Surgical Ward,5
Medical/Surgical Ward,Medical Cardiac Critical Care,3
Medical/Surgical Ward,Medical Critical Care,2
Medical/Surgical Ward,Neurologic Critical Care,1
Medical/Surgical Ward,Surgical Cardiothoracic Critical Care,17
Medical/Surgical Ward,Surgical Critical Care,4
Medical/Surgical Ward,ONC General Hematology/Oncology Ward,7
Medical/Surgical Ward,Adult Mixed Acuity Unit,2
Medical/Surgical Ward,Exit,419
Neurology Ward,Endoscopy Suite,2
Neurology Ward,Medical Ward,3
Neurology Ward,Operating Room/Suite,38
Neurology Ward,Surgical Ward,1
Neurology Ward,Medical Cardiac Critical Care,1
Neurology Ward,Neurologic Critical Care,6
Neurology Ward,Surgical Critical Care,1
Neurology Ward,ONC Leukemia/Lymphoma Ward,1
Neurology Ward,ONC General Hematology/Oncology Ward,1
Neurology Ward,Exit,158
Neurosurgical Ward,Endoscopy Suite,2
Neurosurgical Ward,Medical Ward,2
Neurosurgical Ward,Medical/Surgical Ward,1
Neurosurgical Ward,Operating Room/Suite,29
Neurosurgical Ward,Surgical Ward,2
Neurosurgical Ward,Neurologic Critical Care,11
Neurosurgical Ward,Surgical Critical Care,1
Neurosurgical Ward,ONC Leukemia/Lymphoma Ward,1
Neurosurgical Ward,Exit,191
Operating Room/Suite,24-Hour Observation Area,272
Operating Room/Suite,Adult Step Down Unit (post-critical care),35
Operating Room/Suite,Pediatric Medical Ward,93
Operating Room/Suite,Medical Ward,67
Operating Room/Suite,Medical/Surgical Ward,186
Operating Room/Suite,Neurology Ward,71
Operating Room/Suite,Neurosurgical Ward,65
Operating Room/Suite,Postpartum Ward,1
Operating Room/Suite,Pulmonary Ward,10
Operating Room/Suite,Surgical Ward,304
Operating Room/Suite,"Labor, Delivery, Recovery, Postpartum Suite (LDRP)",2
Operating Room/Suite,Medical Cardiac Critical Care,13
Operating Room/Suite,Medical Critical Care,12
Operating Room/Suite,Neurologic Critical Care,76
Operating Room/Suite,Pediatric Cardiothoracic Critical Care,28
Operating Room/Suite,Pediatric Medical/Surgical Critical Care,44
Operating Room/Suite,Pediatric Step Down Unit (post-critical care),2
Operating Room/Suite,Surgical Cardiothoracic Critical Care,222
Operating Room/Suite,Surgical Critical Care,115
Operating Room/Suite,ONC Leukemia/Lymphoma Ward,3
Operating Room/Suite,ONC General Hematology/Oncology Ward,126
Operating Room/Suite,ONC Pediatric Hematopoietic Stem Cell Transplant Ward,16
Operating Room/Suite,ONC Pediatric General Hematology/Oncology Ward,28
Operating Room/Suite,Neonatal Critical Care (Level IV),11
Operating Room/Suite,Exit,831
Postpartum Ward,"Labor, Delivery, Recovery, Postpartum Suite (LDRP)",18
Postpartum Ward,Medical Cardiac Critical Care,1
Postpartum Ward,ONC General Hematology/Oncology Ward,2
Postpartum Ward,ONC Pediatric Hematopoietic Stem Cell Transplant Ward,1
Postpartum Ward,ONC Pediatric General Hematology/Oncology Ward,5
Postpartum Ward,Neonatal Critical Care (Level IV),14
Postpartum Ward,Exit,554
Pulmonary Ward,Endoscopy Suite,9
Pulmonary Ward,Medical Ward,5
Pulmonary Ward,Operating Room/Suite,8
Pulmonary Ward,Medical Cardiac Critical Care,1
Pulmonary Ward,Medical Critical Care,5
Pulmonary Ward,Surgical Critical Care,1
Pulmonary Ward,Exit,69
Surgical Ward,Endoscopy Suite,17
Surgical Ward,Medical Ward,2
Surgical Ward,Medical/Surgical Ward,2
Surgical Ward,Neurology Ward,2
Surgical Ward,Operating Room/Suite,120
Surgical Ward,Medical Cardiac Critical Care,2
Surgical Ward,Surgical Critical Care,4
Surgical Ward,ONC Leukemia/Lymphoma Ward,1
Surgical Ward,ONC General Hematology/Oncology Ward,10
Surgical Ward,Exit,467
"Labor, Delivery, Recovery, Postpartum Suite (LDRP)",Pediatric Medical Ward,1
"Labor, Delivery, Recovery, Postpartum Suite (LDRP)",Operating Room/Suite,1
"Labor, Delivery, Recovery, Postpartum Suite (LDRP)",Postpartum Ward,380
"Labor, Delivery, Recovery, Postpartum Suite (LDRP)",Surgical Ward,3
"Labor, Delivery, Recovery, Postpartum Suite (LDRP)",Medical Critical Care,1
"Labor, Delivery, Recovery, Postpartum Suite (LDRP)",Pediatric Cardiothoracic Critical Care,1
"Labor, Delivery, Recovery, Postpartum Suite (LDRP)",ONC General Hematology/Oncology Ward,3
"Labor, Delivery, Recovery, Postpartum Suite (LDRP)",Neonatal Critical Care (Level IV),27
"Labor, Delivery, Recovery, Postpartum Suite (LDRP)",Exit,71
Medical Cardiac Critical Care,Ambulatory Surgery Center,1
Medical Cardiac Critical Care,Medical Ward,92
Medical Cardiac Critical Care,Medical/Surgical Ward,1
Medical Cardiac Critical Care,Neurology Ward,1
Medical Cardiac Critical Care,Neurosurgical Ward,1
Medical Cardiac Critical Care,Operating Room/Suite,21
Medical Cardiac Critical Care,Pulmonary Ward,7
Medical Cardiac Critical Care,Surgical Ward,1
Medical Cardiac Critical Care,Surgical Cardiothoracic Critical Care,3
Medical Cardiac Critical Care,ONC Leukemia/Lymphoma Ward,1
Medical Cardiac Critical Care,ONC General Hematology/Oncology Ward,2
Medical Cardiac Critical Care,Exit,37
Medical Critical Care,Medical Ward,42
Medical Critical Care,Medical/Surgical Ward,1
Medical Critical Care,Neurology Ward,1
Medical Critical Care,Operating Room/Suite,12
Medical Critical Care,Pulmonary Ward,7
Medical Critical Care,Surgical Ward,2
Medical Critical Care,"Labor, Delivery, Recovery, Postpartum Suite (LDRP)",1
Medical Critical Care,Surgical Critical Care,2
Medical Critical Care,ONC Leukemia/Lymphoma Ward,2
Medical Critical Care,ONC Hematopoietic Stem Cell Transplant Ward,1
Medical Critical Care,ONC General Hematology/Oncology Ward,1
Medical Critical Care,Adult Mixed Acuity Unit,8
Medical Critical Care,Exit,25
Neurologic Critical Care,Medical Ward,17
Neurologic Critical Care,Neurology Ward,18
Neurologic Critical Care,Neurosurgical Ward,51
Neurologic Critical Care,Operating Room/Suite,22
Neurologic Critical Care,Surgical Ward,3
Neurologic Critical Care,Medical Cardiac Critical Care,1
Neurologic Critical Care,Surgical Cardiothoracic Critical Care,1
Neurologic Critical Care,Surgical Critical Care,1
Neurologic Critical Care,ONC General Hematology/Oncology Ward,2
Neurologic Critical Care,Adult Mixed Acuity Unit,1
Neurologic Critical Care,Exit,65
Pediatric Cardiothoracic Critical Care,Pediatric Medical Ward,5
Pediatric Cardiothoracic Critical Care,Operating Room/Suite,15
Pediatric Cardiothoracic Critical Care,Postpartum Ward,1
Pediatric Cardiothoracic Critical Care,Pediatric Step Down Unit (post-critical care),24
Pediatric Cardiothoracic Critical Care,ONC Pediatric General Hematology/Oncology Ward,1
Pediatric Cardiothoracic Critical Care,Neonatal Critical Care (Level IV),3
Pediatric Cardiothoracic Critical Care,Exit,9
Pediatric Medical/Surgical Critical Care,Pediatric Medical Ward,36
Pediatric Medical/Surgical Critical Care,Medical Ward,1
Pediatric Medical/Surgical Critical Care,Operating Room/Suite,26
Pediatric Medical/Surgical Critical Care,Pediatric Step Down Unit (post-critical care),2
Pediatric Medical/Surgical Critical Care,ONC Pediatric Hematopoietic Stem Cell Transplant Ward,1
Pediatric Medical/Surgical Critical Care,ONC Pediatric General Hematology/Oncology Ward,31
Pediatric Medical/Surgical Critical Care,Neonatal Critical Care (Level IV),1
Pediatric Medical/Surgical Critical Care,Exit,41
Pediatric Step Down Unit (post-critical care),Pediatric Medical Ward,3
Pediatric Step Down Unit (post-critical care),Operating Room/Suite,5
Pediatric Step Down Unit (post-critical care),Pediatric Cardiothoracic Critical Care,7
Pediatric Step Down Unit (post-critical care),Pediatric Medical/Surgical Critical Care,2
Pediatric Step Down Unit (post-critical care),Exit,30
Step down Neonatal Nursery (Level II),Operating Room/Suite,1
Step down Neonatal Nursery (Level II),ONC Pediatric General Hematology/Oncology Ward,1
Step down Neonatal Nursery (Level II),Neonatal Critical Care (Level IV),25
Step down Neonatal Nursery (Level II),Exit,13
Surgical Cardiothoracic Critical Care,Adult Step Down Unit (post-critical care),49
Surgical Cardiothoracic Critical Care,Endoscopy Suite,1
Surgical Cardiothoracic Critical Care,Medical Ward,8
Surgical Cardiothoracic Critical Care,Medical/Surgical Ward,138
Surgical Cardiothoracic Critical Care,Operating Room/Suite,60
Surgical Cardiothoracic Critical Care,Pulmonary Ward,1
Surgical Cardiothoracic Critical Care,Surgical Ward,2
Surgical Cardiothoracic Critical Care,Medical Critical Care,3
Surgical Cardiothoracic Critical Care,Surgical Critical Care,1
Surgical Cardiothoracic Critical Care,ONC General Hematology/Oncology Ward,3
Surgical Cardiothoracic Critical Care,Adult Mixed Acuity Unit,1
Surgical Cardiothoracic Critical Care,Exit,10
Surgical Critical Care,Medical Ward,15
Surgical Critical Care,Medical/Surgical Ward,14
Surgical Critical Care,Neurology Ward,1
Surgical Critical Care,Neurosurgical Ward,4
Surgical Critical Care,Operating Room/Suite,64
Surgical Critical Care,Pulmonary Ward,1
Surgical Critical Care,Surgical Ward,33
Surgical Critical Care,Medical Cardiac Critical Care,1
Surgical Critical Care,Medical Critical Care,2
Surgical Critical Care,ONC Leukemia/Lymphoma Ward,1
Surgical Critical Care,ONC General Hematology/Oncology Ward,16
Surgical Critical Care,Adult Mixed Acuity Unit,6
Surgical Critical Care,Exit,15
ONC Leukemia/Lymphoma Ward,Emergency Department,1
ONC Leukemia/Lymphoma Ward,Endoscopy Suite,6
ONC Leukemia/Lymphoma Ward,Medical Ward,1
ONC Leukemia/Lymphoma Ward,Operating Room/Suite,3
ONC Leukemia/Lymphoma Ward,Medical Cardiac Critical Care,1
ONC Leukemia/Lymphoma Ward,Medical Critical Care,3
ONC Leukemia/Lymphoma Ward,Neurologic Critical Care,2
ONC Leukemia/Lymphoma Ward,Exit,70
ONC Hematopoietic Stem Cell Transplant Ward,Endoscopy Suite,9
ONC Hematopoietic Stem Cell Transplant Ward,Operating Room/Suite,1
ONC Hematopoietic Stem Cell Transplant Ward,Medical Critical Care,1
ONC Hematopoietic Stem Cell Transplant Ward,Neurologic Critical Care,1
ONC Hematopoietic Stem Cell Transplant Ward,Surgical Critical Care,1
ONC Hematopoietic Stem Cell Transplant Ward,ONC Leukemia/Lymphoma Ward,4
ONC Hematopoietic Stem Cell Transplant Ward,ONC General Hematology/Oncology Ward,1
ONC Hematopoietic Stem Cell Transplant Ward,Exit,38
ONC General Hematology/Oncology Ward,Endoscopy Suite,17
ONC General Hematology/Oncology Ward,Medical Ward,1
ONC General Hematology/Oncology Ward,Operating Room/Suite,36
ONC General Hematology/Oncology Ward,Surgical Ward,1
ONC General Hematology/Oncology Ward,Medical Cardiac Critical Care,1
ONC General Hematology/Oncology Ward,Medical Critical Care,1
ONC General Hematology/Oncology Ward,Neurologic Critical Care,1
ONC General Hematology/Oncology Ward,Surgical Cardiothoracic Critical Care,3
ONC General Hematology/Oncology Ward,Surgical Critical Care,2
ONC General Hematology/Oncology Ward,Adult Mixed Acuity Unit,1
ONC General Hematology/Oncology Ward,Exit,365
ONC Pediatric Hematopoietic Stem Cell Transplant Ward,Operating Room/Suite,10
ONC Pediatric Hematopoietic Stem Cell Transplant Ward,Pediatric Medical/Surgical Critical Care,2
ONC Pediatric Hematopoietic Stem Cell Transplant Ward,ONC Pediatric General Hematology/Oncology Ward,1
ONC Pediatric Hematopoietic Stem Cell Transplant Ward,Exit,40
ONC Pediatric General Hematology/Oncology Ward,Pediatric Medical Ward,2
ONC Pediatric General Hematology/Oncology Ward,Operating Room/Suite,25
ONC Pediatric General Hematology/Oncology Ward,Pediatric Medical/Surgical Critical Care,8
ONC Pediatric General Hematology/Oncology Ward,ONC Pediatric Hematopoietic Stem Cell Transplant Ward,1
ONC Pediatric General Hematology/Oncology Ward,Exit,192
Adult Mixed Acuity Unit,Medical Ward,6
Adult Mixed Acuity Unit,Neurosurgical Ward,2
Adult Mixed Acuity Unit,"Labor, Delivery, Recovery, Postpartum Suite (LDRP)",1
Adult Mixed Acuity Unit,Medical Critical Care,7
Adult Mixed Acuity Unit,ONC General Hematology/Oncology Ward,2
Adult Mixed Acuity Unit,Exit,58
Neonatal Critical Care (Level IV),Pediatric Medical Ward,6
Neonatal Critical Care (Level IV),Operating Room/Suite,10
Neonatal Critical Care (Level IV),Postpartum Ward,16
Neonatal Critical Care (Level IV),"Labor, Delivery, Recovery, Postpartum Suite (LDRP)",2
Neonatal Critical Care (Level IV),Pediatric Cardiothoracic Critical Care,3
Neonatal Critical Care (Level IV),Pediatric Medical/Surgical Critical Care,3
Neonatal Critical Care (Level IV),Pediatric Step Down Unit (post-critical care),1
Neonatal Critical Care (Level IV),Step down Neonatal Nursery (Level II),39
Neonatal Critical Care (Level IV),ONC Pediatric Hematopoietic Stem Cell Transplant Ward,3
Neonatal Critical Care (Level IV),ONC Pediatric General Hematology/Oncology Ward,5
Neonatal Critical Care (Level IV),Exit,46
