source,destination,count
Entry,24-Hour Observation Area,99
Entry,Adult Step Down Unit (post-critical care),36
Entry,Ambulatory Surgery Center,576
Entry,Emergency Department,5970
Entry,Endoscopy Suite,5
Entry,Pediatric Medical Ward,42
Entry,Medical Ward,293
Entry,Medical/Surgical Ward,147
Entry,Neurology Ward,53
Entry,Neurosurgical Ward,58
Entry,Operating Room/Suite,1598
Entry,Postpartum Ward,176
Entry,Pulmonary Ward,33
Entry,Surgical Ward,91
Entry,"Labor, Delivery, Recovery, Postpartum Suite (LDRP)",476
Entry,Medical Cardiac Critical Care,31
Entry,Medical Critical Care,29
Entry,Neurologic Critical Care,29
Entry,Pediatric Cardiothoracic Critical Care,21
Entry,Pediatric Medical/Surgical Critical Care,26
Entry,Pediatric Step Down Unit (post-critical care),21
Entry,Surgical Cardiothoracic Critical Care,14
Entry,Surgical Critical Care,15
Entry,ONC Leukemia/Lymphoma Ward,49
Entry,ONC Hematopoietic Stem Cell Transplant Ward,29
Entry,ONC General Hematology/Oncology Ward,111
Entry,ONC Pediatric Hematopoietic Stem Cell Transplant Ward,27
Entry,ONC Pediatric General Hematology/Oncology Ward,93
Entry,Adult Mixed Acuity Unit,13
Entry,Neonatal Critical Care (Level IV),61
24-Hour Observation Area,Adult Step Down Unit (post-critical care),1
24-Hour Observation Area,Medical Ward,4
24-Hour Observation Area,Medical/Surgical Ward,4
24-Hour Observation Area,Operating Room/Suite,7
24-Hour Observation Area,Surgical Ward,10
24-Hour Observation Area,ONC General Hematology/Oncology Ward,4
24-Hour Observation Area,Exit,268
Adult Step Down Unit (post-critical care),Emergency Department,3
Adult Step Down Unit (post-critical care),Endoscopy Suite,7
Adult Step Down Unit (post-critical care),Operating Room/Suite,38
Adult Step Down Unit (post-critical care),Pulmonary Ward,1
Adult Step Down Unit (post-critical care),Surgical Ward,1
Adult Step Down Unit (post-critical care),Surgical Cardiothoracic Critical Care,9
Adult Step Down Unit (post-critical care),Surgical Critical Care,1
Adult Step Down Unit (post-critical care),ONC Leukemia/Lymphoma Ward,1
Adult Step Down Unit (post-critical care),Exit,63
Ambulatory Surgery Center,Surgical Ward,1
Ambulatory Surgery Center,Exit,575
Emergency Department,Adult Step Down Unit (post-critical care),16
Emergency Department,Endoscopy Suite,16
Emergency Department,Pediatric Medical Ward,84
Emergency Department,Medical Ward,546
Emergency Department,Medical/Surgical Ward,148
Emergency Department,Neurology Ward,58
Emergency Department,Neurosurgical Ward,62
Emergency Department,Operating Room/Suite,138
Emergency Department,Postpartum Ward,3
Emergency Department,Pulmonary Ward,48
Emergency Department,Surgical Ward,184
Emergency Department,"Labor, Delivery, Recovery, Postpartum Suite (LDRP)",2
Emergency Department,Medical Cardiac Critical Care,51
Emergency Department,Medical Critical Care,41
Emergency Department,Neurologic Critical Care,34
Emergency Department,Pediatric Cardiothoracic Critical Care,2
Emergency Department,Pediatric Medical/Surgical Critical Care,33
Emergency Department,Pediatric Step Down Unit (post-critical care),8
Emergency Department,Surgical Cardiothoracic Critical Care,9
Emergency Department,Surgical Critical Care,39
Emergency Department,ONC Leukemia/Lymphoma Ward,8
Emergency Department,ONC Hematopoietic Stem Cell Transplant Ward,7
Emergency Department,ONC General Hematology/Oncology Ward,161
Emergency Department,ONC Pediatric General Hematology/Oncology Ward,81
Emergency Department,Adult Mixed Acuity Unit,24
Emergency Department,Exit,4513
Endoscopy Suite,Adult Step Down Unit (post-critical care),6
Endoscopy Suite,Emergency Department,14
Endoscopy Suite,Pediatric Medical Ward,1
Endoscopy Suite,Medical Ward,61
Endoscopy Suite,Medical/Surgical Ward,15
Endoscopy Suite,Neurology Ward,2
Endoscopy Suite,Neurosurgical Ward,7
Endoscopy Suite,Pulmonary Ward,15
Endoscopy Suite,Surgical Ward,14
Endoscopy Suite,ONC Leukemia/Lymphoma Ward,2
Endoscopy Suite,ONC Hematopoietic Stem Cell Transplant Ward,6
Endoscopy Suite,ONC General Hematology/Oncology Ward,15
Endoscopy Suite,ONC Pediatric General Hematology/Oncology Ward,2
Endoscopy Suite,Adult Mixed Acuity Unit,2
Endoscopy Suite,Exit,21
Pediatric Medical Ward,Emergency Department,15
Pediatric Medical Ward,Endoscopy Suite,1
Pediatric Medical Ward,Neurosurgical Ward,1
Pediatric Medical Ward,Operating Room/Suite,56
Pediatric Medical Ward,Pediatric Cardiothoracic Critical Care,1
Pediatric Medical Ward,Pediatric Medical/Surgical Critical Care,13
Pediatric Medical Ward,Exit,210
Medical Ward,Adult Step Down Unit (post-critical care),1
Medical Ward,Emergency Department,87
Medical Ward,Endoscopy Suite,66
Medical Ward,Medical/Surgical Ward,5
Medical Ward,Neurosurgical Ward,2
Medical Ward,Operating Room/Suite,95
Medical Ward,Pulmonary Ward,1
Medical Ward,Surgical Ward,5
Medical Ward,Medical Cardiac Critical Care,28
Medical Ward,Medical Critical Care,12
Medical Ward,Neurologic Critical Care,3
Medical Ward,Surgical Cardiothoracic Critical Care,2
Medical Ward,Surgical Critical Care,9
Medical Ward,ONC Leukemia/Lymphoma Ward,8
Medical Ward,ONC General Hematology/Oncology Ward,5
Medical Ward,Adult Mixed Acuity Unit,1
Medical Ward,Exit,811
Medical/Surgical Ward,Adult Step Down Unit (post-critical care),2
Medical/Surgical Ward,Emergency Department,24
Medical/Surgical Ward,Endoscopy Suite,19
Medical/Surgical Ward,Medical Ward,8
Medical/Surgical Ward,Operating Room/Suite,173
Medical/Surgical Ward,Pulmonary Ward,2
Medical/Surgical Ward,Surgical Ward,9
Medical/Surgical Ward,Medical Cardiac Critical Care,1
Medical/Surgical Ward,Medical Critical Care,2
Medical/Surgical Ward,Surgical Cardiothoracic Critical Care,9
Medical/Surgical Ward,Surgical Critical Care,2
Medical/Surgical Ward,ONC Leukemia/Lymphoma Ward,1
Medical/Surgical Ward,ONC Hematopoietic Stem Cell Transplant Ward,1
Medical/Surgical Ward,ONC General Hematology/Oncology Ward,8
Medical/Surgical Ward,Adult Mixed Acuity Unit,1
Medical/Surgical Ward,Exit,429
Neurology Ward,Emergency Department,7
Neurology Ward,Endoscopy Suite,2
Neurology Ward,Medical Ward,1
Neurology Ward,Neurosurgical Ward,1
Neurology Ward,Operating Room/Suite,20
Neurology Ward,Medical Critical Care,3
Neurology Ward,Neurologic Critical Care,1
Neurology Ward,Surgical Critical Care,2
Neurology Ward,Exit,159
Neurosurgical Ward,Emergency Department,21
Neurosurgical Ward,Endoscopy Suite,7
Neurosurgical Ward,Operating Room/Suite,46
Neurosurgical Ward,Pulmonary Ward,1
Neurosurgical Ward,Surgical Ward,1
Neurosurgical Ward,Medical Cardiac Critical Care,1
Neurosurgical Ward,Neurologic Critical Care,11
Neurosurgical Ward,ONC General Hematology/Oncology Ward,1
Neurosurgical Ward,Exit,162
Operating Room/Suite,24-Hour Observation Area,191
Operating Room/Suite,Adult Step Down Unit (post-critical care),19
Operating Room/Suite,Emergency Department,1
Operating Room/Suite,Endoscopy Suite,2
Operating Room/Suite,Pediatric Medical Ward,119
Operating Room/Suite,Medical Ward,76
Operating Room/Suite,Medical/Surgical Ward,190
Operating Room/Suite,Neurology Ward,59
Operating Room/Suite,Neurosurgical Ward,68
Operating Room/Suite,Postpartum Ward,1
Operating Room/Suite,Pulmonary Ward,6
Operating Room/Suite,Surgical Ward,290
Operating Room/Suite,"Labor, Delivery, Recovery, Postpartum Suite (LDRP)",2
Operating Room/Suite,Medical Cardiac Critical Care,8
Operating Room/Suite,Medical Critical Care,6
Operating Room/Suite,Neurologic Critical Care,82
Operating Room/Suite,Pediatric Cardiothoracic Critical Care,25
Operating Room/Suite,Pediatric Medical/Surgical Critical Care,29
Operating Room/Suite,Pediatric Step Down Unit (post-critical care),1
Operating Room/Suite,Surgical Cardiothoracic Critical Care,219
Operating Room/Suite,Surgical Critical Care,99
Operating Room/Suite,ONC Leukemia/Lymphoma Ward,3
Operating Room/Suite,ONC Hematopoietic Stem Cell Transplant Ward,2
Operating Room/Suite,ONC General Hematology/Oncology Ward,133
Operating Room/Suite,ONC Pediatric Hematopoietic Stem Cell Transplant Ward,5
Operating Room/Suite,ONC Pediatric General Hematology/Oncology Ward,19
Operating Room/Suite,Adult Mixed Acuity Unit,5
Operating Room/Suite,Neonatal Critical Care (Level IV),9
Operating Room/Suite,Exit,909
Postpartum Ward,Operating Room/Suite,1
Postpartum Ward,"Labor, Delivery, Recovery, Postpartum Suite (LDRP)",38
Postpartum Ward,ONC Pediatric General Hematology/Oncology Ward,3
Postpartum Ward,Neonatal Critical Care (Level IV),7
Postpartum Ward,Exit,538
Pulmonary Ward,Emergency Department,8
Pulmonary Ward,Endoscopy Suite,16
Pulmonary Ward,Medical Ward,4
Pulmonary Ward,Operating Room/Suite,3
Pulmonary Ward,Surgical Ward,2
Pulmonary Ward,Medical Cardiac Critical Care,2
Pulmonary Ward,Medical Critical Care,6
Pulmonary Ward,Surgical Critical Care,3
Pulmonary Ward,ONC Leukemia/Lymphoma Ward,2
Pulmonary Ward,Exit,81
Surgical Ward,Emergency Department,37
Surgical Ward,Endoscopy Suite,15
Surgical Ward,Medical Ward,1
Surgical Ward,Medical/Surgical Ward,3
Surgical Ward,Neurosurgical Ward,1
Surgical Ward,Operating Room/Suite,123
Surgical Ward,Medical Cardiac Critical Care,3
Surgical Ward,Medical Critical Care,3
Surgical Ward,Neurologic Critical Care,2
Surgical Ward,Surgical Cardiothoracic Critical Care,1
Surgical Ward,Surgical Critical Care,8
Surgical Ward,ONC Leukemia/Lymphoma Ward,1
Surgical Ward,ONC General Hematology/Oncology Ward,4
Surgical Ward,Adult Mixed Acuity Unit,2
Surgical Ward,Exit,468
"Labor, Delivery, Recovery, Postpartum Suite (LDRP)",Emergency Department,1
"Labor, Delivery, Recovery, Postpartum Suite (LDRP)",Medical Ward,1
"Labor, Delivery, Recovery, Postpartum Suite (LDRP)",Operating Room/Suite,2
"Labor, Delivery, Recovery, Postpartum Suite (LDRP)",Postpartum Ward,399
"Labor, Delivery, Recovery, Postpartum Suite (LDRP)",Medical Critical Care,1
"Labor, Delivery, Recovery, Postpartum Suite (LDRP)",Neurologic Critical Care,1
"Labor, Delivery, Recovery, Postpartum Suite (LDRP)",Pediatric Cardiothoracic Critical Care,1
"Labor, Delivery, Recovery, Postpartum Suite (LDRP)",Surgical Critical Care,3
"Labor, Delivery, Recovery, Postpartum Suite (LDRP)",ONC Pediatric Hematopoietic Stem Cell Transplant Ward,1
"Labor, Delivery, Recovery, Postpartum Suite (LDRP)",ONC Pediatric General Hematology/Oncology Ward,1
"Labor, Delivery, Recovery, Postpartum Suite (LDRP)",Neonatal Critical Care (Level IV),20
"Labor, Delivery, Recovery, Postpartum Suite (LDRP)",Exit,96
Medical Cardiac Critical Care,Adult Step Down Unit (post-critical care),2
Medical Cardiac Critical Care,Medical Ward,68
Medical Cardiac Critical Care,Medical/Surgical Ward,2
Medical Cardiac Critical Care,Operating Room/Suite,16
Medical Cardiac Critical Care,Pulmonary Ward,2
Medical Cardiac Critical Care,Medical Critical Care,4
Medical Cardiac Critical Care,Neurologic Critical Care,1
Medical Cardiac Critical Care,Surgical Cardiothoracic Critical Care,4
Medical Cardiac Critical Care,ONC General Hematology/Oncology Ward,3
Medical Cardiac Critical Care,Exit,33
Medical Critical Care,Adult Step Down Unit (post-critical care),1
Medical Critical Care,Medical Ward,36
Medical Critical Care,Medical/Surgical Ward,1
Medical Critical Care,Neurosurgical Ward,2
Medical Critical Care,Operating Room/Suite,5
Medical Critical Care,Pulmonary Ward,9
Medical Critical Care,Surgical Ward,1
Medical Critical Care,Medical Cardiac Critical Care,1
Medical Critical Care,Neurologic Critical Care,2
Medical Critical Care,Surgical Critical Care,1
Medical Critical Care,ONC Leukemia/Lymphoma Ward,5
Medical Critical Care,ONC General Hematology/Oncology Ward,8
Medical Critical Care,Adult Mixed Acuity Unit,15
Medical Critical Care,Exit,41
Neurologic Critical Care,Emergency Department,1
Neurologic Critical Care,Pediatric Medical Ward,1
Neurologic Critical Care,Medical Ward,6
Neurologic Critical Care,Medical/Surgical Ward,1
Neurologic Critical Care,Neurology Ward,20
Neurologic Critical Care,Neurosurgical Ward,49
Neurologic Critical Care,Operating Room/Suite,21
Neurologic Critical Care,Postpartum Ward,2
Neurologic Critical Care,Surgical Ward,4
Neurologic Critical Care,Medical Cardiac Critical Care,1
Neurologic Critical Care,Surgical Critical Care,1
Neurologic Critical Care,ONC General Hematology/Oncology Ward,2
Neurologic Critical Care,Exit,65
Pediatric Cardiothoracic Critical Care,Pediatric Medical Ward,5
Pediatric Cardiothoracic Critical Care,Operating Room/Suite,14
Pediatric Cardiothoracic Critical Care,Postpartum Ward,1
Pediatric Cardiothoracic Critical Care,Pediatric Medical/Surgical Critical Care,1
Pediatric Cardiothoracic Critical Care,Pediatric Step Down Unit (post-critical care),27
Pediatric Cardiothoracic Critical Care,Step down Neonatal Nursery (Level II),1
Pediatric Cardiothoracic Critical Care,ONC Pediatric General Hematology/Oncology Ward,1
Pediatric Cardiothoracic Critical Care,Exit,15
Pediatric Medical/Surgical Critical Care,Emergency Department,3
Pediatric Medical/Surgical Critical Care,Pediatric Medical Ward,45
Pediatric Medical/Surgical Critical Care,Operating Room/Suite,9
Pediatric Medical/Surgical Critical Care,Pediatric Cardiothoracic Critical Care,1
Pediatric Medical/Surgical Critical Care,Pediatric Step Down Unit (post-critical care),7
Pediatric Medical/Surgical Critical Care,ONC Pediatric Hematopoietic Stem Cell Transplant Ward,2
Pediatric Medical/Surgical Critical Care,ONC Pediatric General Hematology/Oncology Ward,28
Pediatric Medical/Surgical Critical Care,Exit,23
Pediatric Step Down Unit (post-critical care),Pediatric Medical Ward,3
Pediatric Step Down Unit (post-critical care),Medical Ward,1
Pediatric Step Down Unit (post-critical care),Operating Room/Suite,5
Pediatric Step Down Unit (post-critical care),Pediatric Cardiothoracic Critical Care,7
Pediatric Step Down Unit (post-critical care),Pediatric Medical/Surgical Critical Care,6
Pediatric Step Down Unit (post-critical care),Neonatal Critical Care (Level IV),1
Pediatric Step Down Unit (post-critical care),Exit,39
Step down Neonatal Nursery (Level II),Neonatal Critical Care (Level IV),22
Step down Neonatal Nursery (Level II),Exit,20
Surgical Cardiothoracic Critical Care,Adult Step Down Unit (post-critical care),44
Surgical Cardiothoracic Critical Care,Emergency Department,1
Surgical Cardiothoracic Critical Care,Medical Ward,4
Surgical Cardiothoracic Critical Care,Medical/Surgical Ward,143
Surgical Cardiothoracic Critical Care,Operating Room/Suite,46
Surgical Cardiothoracic Critical Care,Pulmonary Ward,3
Surgical Cardiothoracic Critical Care,Surgical Ward,1
Surgical Cardiothoracic Critical Care,Medical Cardiac Critical Care,1
Surgical Cardiothoracic Critical Care,ONC Leukemia/Lymphoma Ward,1
Surgical Cardiothoracic Critical Care,ONC General Hematology/Oncology Ward,2
Surgical Cardiothoracic Critical Care,Exit,32
Surgical Critical Care,Adult Step Down Unit (post-critical care),1
Surgical Critical Care,Emergency Department,2
Surgical Critical Care,Pediatric Medical Ward,1
Surgical Critical Care,Medical Ward,19
Surgical Critical Care,Medical/Surgical Ward,14
Surgical Critical Care,Neurology Ward,5
Surgical Critical Care,Neurosurgical Ward,1
Surgical Critical Care,Operating Room/Suite,59
Surgical Critical Care,Pulmonary Ward,4
Surgical Critical Care,Surgical Ward,46
Surgical Critical Care,"Labor, Delivery, Recovery, Postpartum Suite (LDRP)",3
Surgical Critical Care,Medical Cardiac Critical Care,2
Surgical Critical Care,Neurologic Critical Care,1
Surgical Critical Care,ONC Leukemia/Lymphoma Ward,2
Surgical Critical Care,ONC Hematopoietic Stem Cell Transplant Ward,1
Surgical Critical Care,ONC General Hematology/Oncology Ward,5
Surgical Critical Care,Adult Mixed Acuity Unit,1
Surgical Critical Care,Exit,26
ONC Leukemia/Lymphoma Ward,Emergency Department,4
ONC Leukemia/Lymphoma Ward,Endoscopy Suite,2
ONC Leukemia/Lymphoma Ward,Medical Ward,1
ONC Leukemia/Lymphoma Ward,Operating Room/Suite,2
ONC Leukemia/Lymphoma Ward,Medical Critical Care,3
ONC Leukemia/Lymphoma Ward,Surgical Critical Care,1
ONC Leukemia/Lymphoma Ward,Exit,66
ONC Hematopoietic Stem Cell Transplant Ward,Emergency Department,1
ONC Hematopoietic Stem Cell Transplant Ward,Endoscopy Suite,6
ONC Hematopoietic Stem Cell Transplant Ward,Operating Room/Suite,3
ONC Hematopoietic Stem Cell Transplant Ward,Medical Critical Care,1
ONC Hematopoietic Stem Cell Transplant Ward,Neurologic Critical Care,1
ONC Hematopoietic Stem Cell Transplant Ward,Surgical Cardiothoracic Critical Care,1
ONC Hematopoietic Stem Cell Transplant Ward,Surgical Critical Care,1
ONC Hematopoietic Stem Cell Transplant Ward,ONC Leukemia/Lymphoma Ward,1
ONC Hematopoietic Stem Cell Transplant Ward,Exit,30
ONC General Hematology/Oncology Ward,Emergency Department,22
ONC General Hematology/Oncology Ward,Endoscopy Suite,14
ONC General Hematology/Oncology Ward,Medical Ward,2
ONC General Hematology/Oncology Ward,Operating Room/Suite,43
ONC General Hematology/Oncology Ward,Surgical Ward,6
ONC General Hematology/Oncology Ward,Medical Critical Care,11
ONC General Hematology/Oncology Ward,Neurologic Critical Care,2
ONC General Hematology/Oncology Ward,Surgical Cardiothoracic Critical Care,1
ONC General Hematology/Oncology Ward,Surgical Critical Care,3
ONC General Hematology/Oncology Ward,ONC Leukemia/Lymphoma Ward,8
ONC General Hematology/Oncology Ward,ONC Hematopoietic Stem Cell Transplant Ward,1
ONC General Hematology/Oncology Ward,Exit,361
ONC Pediatric Hematopoietic Stem Cell Transplant Ward,Operating Room/Suite,4
ONC Pediatric Hematopoietic Stem Cell Transplant Ward,Pediatric Medical/Surgical Critical Care,3
ONC Pediatric Hematopoietic Stem Cell Transplant Ward,Exit,30
ONC Pediatric General Hematology/Oncology Ward,Emergency Department,13
ONC Pediatric General Hematology/Oncology Ward,Endoscopy Suite,2
ONC Pediatric General Hematology/Oncology Ward,Operating Room/Suite,19
ONC Pediatric General Hematology/Oncology Ward,Postpartum Ward,1
ONC Pediatric General Hematology/Oncology Ward,Pediatric Cardiothoracic Critical Care,1
ONC Pediatric General Hematology/Oncology Ward,Pediatric Medical/Surgical Critical Care,7
ONC Pediatric General Hematology/Oncology Ward,Neonatal Critical Care (Level IV),2
ONC Pediatric General Hematology/Oncology Ward,Exit,187
Adult Mixed Acuity Unit,Emergency Department,5
Adult Mixed Acuity Unit,Endoscopy Suite,1
Adult Mixed Acuity Unit,Medical Ward,3
Adult Mixed Acuity Unit,Medical/Surgical Ward,1
Adult Mixed Acuity Unit,Operating Room/Suite,6
Adult Mixed Acuity Unit,Pulmonary Ward,1
Adult Mixed Acuity Unit,Medical Critical Care,7
Adult Mixed Acuity Unit,ONC Leukemia/Lymphoma Ward,1
Adult Mixed Acuity Unit,ONC General Hematology/Oncology Ward,2
Adult Mixed Acuity Unit,Exit,38
Neonatal Critical Care (Level IV),Pediatric Medical Ward,1
Neonatal Critical Care (Level IV),Operating Room/Suite,9
Neonatal Critical Care (Level IV),Postpartum Ward,6
Neonatal Critical Care (Level IV),"Labor, Delivery, Recovery, Postpartum Suite (LDRP)",5
Neonatal Critical Care (Level IV),Pediatric Cardiothoracic Critical Care,3
Neonatal Critical Care (Level IV),Step down Neonatal Nursery (Level II),44
Neonatal Critical Care (Level IV),ONC Pediatric General Hematology/Oncology Ward,4
Neonatal Critical Care (Level IV),Exit,53
