source,destination,count
Entry,24-Hour Observation Area,114
Entry,Adult Step Down Unit (post-critical care),37
Entry,Ambulatory Surgery Center,554
Entry,Emergency Department,6135
Entry,Endoscopy Suite,9
Entry,Pediatric Medical Ward,59
Entry,Medical Ward,274
Entry,Medical/Surgical Ward,131
Entry,Neurology Ward,58
Entry,Neurosurgical Ward,40
Entry,Operating Room/Suite,1554
Entry,Postpartum Ward,232
Entry,Pulmonary Ward,30
Entry,Surgical Ward,85
Entry,"Labor, Delivery, Recovery, Postpartum Suite (LDRP)",461
Entry,Medical Cardiac Critical Care,31
Entry,Medical Critical Care,25
Entry,Neurologic Critical Care,23
Entry,Pediatric Cardiothoracic Critical Care,17
Entry,Pediatric Medical/Surgical Critical Care,32
Entry,Pediatric Step Down Unit (post-critical care),4
Entry,Step down Neonatal Nursery (Level II),1
Entry,Surgical Cardiothoracic Critical Care,19
Entry,Surgical Critical Care,8
Entry,ONC Leukemia/Lymphoma Ward,60
Entry,ONC Hematopoietic Stem Cell Transplant Ward,30
Entry,ONC General Hematology/Oncology Ward,108
Entry,ONC Pediatric Hematopoietic Stem Cell Transplant Ward,15
Entry,ONC Pediatric General Hematology/Oncology Ward,71
Entry,Adult Mixed Acuity Unit,24
Entry,Neonatal Critical Care (Level IV),58
24-Hour Observation Area,Medical Ward,15
24-Hour Observation Area,Medical/Surgical Ward,1
24-Hour Observation Area,Neurology Ward,1
24-Hour Observation Area,Operating Room/Suite,9
24-Hour Observation Area,Pulmonary Ward,1
24-Hour Observation Area,Surgical Ward,15
24-Hour Observation Area,ONC General Hematology/Oncology Ward,5
24-Hour Observation Area,Exit,291
Adult Step Down Unit (post-critical care),Endoscopy Suite,7
Adult Step Down Unit (post-critical care),Medical Ward,1
Adult Step Down Unit (post-critical care),Medical/Surgical Ward,1
Adult Step Down Unit (post-critical care),Operating Room/Suite,39
Adult Step Down Unit (post-critical care),Pulmonary Ward,1
Adult Step Down Unit (post-critical care),Surgical Ward,2
Adult Step Down Unit (post-critical care),Medical Cardiac Critical Care,1
Adult Step Down Unit (post-critical care),Medical Critical Care,1
Adult Step Down Unit (post-critical care),Surgical Cardiothoracic Critical Care,4
Adult Step Down Unit (post-critical care),ONC General Hematology/Oncology Ward,1
Adult Step Down Unit (post-critical care),Adult Mixed Acuity Unit,1
Adult Step Down Unit (post-critical care),Exit,82
Ambulatory Surgery Center,Exit,554
Emergency Department,24-Hour Observation Area,4
Emergency Department,Adult Step Down Unit (post-critical care),18
Emergency Department,Endoscopy Suite,10
Emergency Department,Pediatric Medical Ward,78
Emergency Department,Medical Ward,455
Emergency Department,Medical/Surgical Ward,127
Emergency Department,Neurology Ward,59
Emergency Department,Neurosurgical Ward,55
Emergency Department,Operating Room/Suite,138
Emergency Department,Pulmonary Ward,38
Emergency Department,Surgical Ward,136
Emergency Department,"Labor, Delivery, Recovery, Postpartum Suite (LDRP)",1
Emergency Department,Medical Cardiac Critical Care,63
Emergency Department,Medical Critical Care,43
Emergency Department,Neurologic Critical Care,56
Emergency Department,Pediatric Cardiothoracic Critical Care,1
Emergency Department,Pediatric Medical/Surgical Critical Care,28
Emergency Department,Pediatric Step Down Unit (post-critical care),1
Emergency Department,Surgical Cardiothoracic Critical Care,8
Emergency Department,Surgical Critical Care,29
Emergency Department,ONC Leukemia/Lymphoma Ward,16
Emergency Department,ONC Hematopoietic Stem Cell Transplant Ward,9
Emergency Department,ONC General Hematology/Oncology Ward,140
Emergency Department,ONC Pediatric General Hematology/Oncology Ward,107
Emergency Department,Adult Mixed Acuity Unit,38
Emergency Department,Exit,4679
Endoscopy Suite,Adult Step Down Unit (post-critical care),7
Endoscopy Suite,Emergency Department,10
Endoscopy Suite,Medical Ward,49
Endoscopy Suite,Medical/Surgical Ward,18
Endoscopy Suite,Neurology Ward,2
Endoscopy Suite,Neurosurgical Ward,1
Endoscopy Suite,Pulmonary Ward,14
Endoscopy Suite,Surgical Ward,8
Endoscopy Suite,Medical Critical Care,1
Endoscopy Suite,ONC Leukemia/Lymphoma Ward,4
Endoscopy Suite,ONC Hematopoietic Stem Cell Transplant Ward,7
Endoscopy Suite,ONC General Hematology/Oncology Ward,19
Endoscopy Suite,Exit,18
Pediatric Medical Ward,Emergency Department,13
Pediatric Medical Ward,Operating Room/Suite,48
Pediatric Medical Ward,Pediatric Cardiothoracic Critical Care,2
Pediatric Medical Ward,Pediatric Medical/Surgical Critical Care,5
Pediatric Medical Ward,Exit,212
Medical Ward,Emergency Department,78
Medical Ward,Endoscopy Suite,55
Medical Ward,Medical/Surgical Ward,3
Medical Ward,Neurology Ward,1
Medical Ward,Operating Room/Suite,94
Medical Ward,Pulmonary Ward,1
Medical Ward,Surgical Ward,3
Medical Ward,Medical Cardiac Critical Care,18
Medical Ward,Medical Critical Care,11
Medical Ward,Neurologic Critical Care,3
Medical Ward,Surgical Cardiothoracic Critical Care,5
Medical Ward,Surgical Critical Care,5
Medical Ward,ONC Leukemia/Lymphoma Ward,3
Medical Ward,ONC General Hematology/Oncology Ward,7
Medical Ward,Adult Mixed Acuity Unit,3
Medical Ward,Exit,700
Medical/Surgical Ward,Adult Step Down Unit (post-critical care),2
Medical/Surgical Ward,Emergency Department,16
Medical/Surgical Ward,Endoscopy Suite,18
Medical/Surgical Ward,Medical Ward,8
Medical/Surgical Ward,Operating Room/Suite,136
Medical/Surgical Ward,Pulmonary Ward,6
Medical/Surgical Ward,Surgical Ward,9
Medical/Surgical Ward,Medical Cardiac Critical Care,2
Medical/Surgical Ward,Medical Critical Care,3
Medical/Surgical Ward,Surgical Cardiothoracic Critical Care,10
Medical/Surgical Ward,Surgical Critical Care,4
Medical/Surgical Ward,Exit,355
Neurology Ward,Emergency Department,13
Neurology Ward,Endoscopy Suite,3
Neurology Ward,Medical Ward,2
Neurology Ward,Operating Room/Suite,34
Neurology Ward,Surgical Ward,2
Neurology Ward,Medical Cardiac Critical Care,2
Neurology Ward,Neurologic Critical Care,4
Neurology Ward,ONC General Hematology/Oncology Ward,1
Neurology Ward,Exit,146
Neurosurgical Ward,24-Hour Observation Area,1
Neurosurgical Ward,Emergency Department,12
Neurosurgical Ward,Endoscopy Suite,1
Neurosurgical Ward,Medical Ward,2
Neurosurgical Ward,Operating Room/Suite,48
Neurosurgical Ward,Surgical Cardiothoracic Critical Care,1
Neurosurgical Ward,Adult Mixed Acuity Unit,1
Neurosurgical Ward,Exit,147
Operating Room/Suite,24-Hour Observation Area,222
Operating Room/Suite,Adult Step Down Unit (post-critical care),26
Operating Room/Suite,Emergency Department,1
Operating Room/Suite,Pediatric Medical Ward,98
Operating Room/Suite,Medical Ward,58
Operating Room/Suite,Medical/Surgical Ward,137
Operating Room/Suite,Neurology Ward,64
Operating Room/Suite,Neurosurgical Ward,53
Operating Room/Suite,Postpartum Ward,2
Operating Room/Suite,Pulmonary Ward,6
Operating Room/Suite,Surgical Ward,282
Operating Room/Suite,"Labor, Delivery, Recovery, Postpartum Suite (LDRP)",1
Operating Room/Suite,Medical Cardiac Critical Care,11
Operating Room/Suite,Medical Critical Care,5
Operating Room/Suite,Neurologic Critical Care,78
Operating Room/Suite,Pediatric Cardiothoracic Critical Care,34
Operating Room/Suite,Pediatric Medical/Surgical Critical Care,30
Operating Room/Suite,Pediatric Step Down Unit (post-critical care),3
Operating Room/Suite,Surgical Cardiothoracic Critical Care,217
Operating Room/Suite,Surgical Critical Care,93
Operating Room/Suite,ONC Leukemia/Lymphoma Ward,3
Operating Room/Suite,ONC General Hematology/Oncology Ward,140
Operating Room/Suite,ONC Pediatric Hematopoietic Stem Cell Transplant Ward,12
Operating Room/Suite,ONC Pediatric General Hematology/Oncology Ward,23
Operating Room/Suite,Neonatal Critical Care (Level IV),12
Operating Room/Suite,Exit,897
Postpartum Ward,Medical Ward,1
Postpartum Ward,Medical/Surgical Ward,2
Postpartum Ward,Operating Room/Suite,3
Postpartum Ward,"Labor, Delivery, Recovery, Postpartum Suite (LDRP)",38
Postpartum Ward,ONC General Hematology/Oncology Ward,1
Postpartum Ward,ONC Pediatric General Hematology/Oncology Ward,4
Postpartum Ward,Adult Mixed Acuity Unit,1
Postpartum Ward,Neonatal Critical Care (Level IV),17
Postpartum Ward,Exit,571
Pulmonary Ward,Emergency Department,7
Pulmonary Ward,Endoscopy Suite,14
Pulmonary Ward,Medical Ward,2
Pulmonary Ward,Operating Room/Suite,10
Pulmonary Ward,Medical Cardiac Critical Care,2
Pulmonary Ward,Medical Critical Care,2
Pulmonary Ward,Neurologic Critical Care,2
Pulmonary Ward,Surgical Cardiothoracic Critical Care,3
Pulmonary Ward,ONC General Hematology/Oncology Ward,1
Pulmonary Ward,Adult Mixed Acuity Unit,1
Pulmonary Ward,Exit,64
Surgical Ward,24-Hour Observation Area,2
Surgical Ward,Emergency Department,28
Surgical Ward,Endoscopy Suite,10
Surgical Ward,Medical Ward,2
Surgical Ward,Medical/Surgical Ward,2
Surgical Ward,Neurology Ward,1
Surgical Ward,Operating Room/Suite,149
Surgical Ward,Pulmonary Ward,2
Surgical Ward,Medical Cardiac Critical Care,5
Surgical Ward,Medical Critical Care,2
Surgical Ward,Surgical Cardiothoracic Critical Care,2
Surgical Ward,Surgical Critical Care,7
Surgical Ward,ONC General Hematology/Oncology Ward,2
Surgical Ward,Exit,373
"Labor, Delivery, Recovery, Postpartum Suite (LDRP)",Medical Ward,2
"Labor, Delivery, Recovery, Postpartum Suite (LDRP)",Medical/Surgical Ward,1
"Labor, Delivery, Recovery, Postpartum Suite (LDRP)",Operating Room/Suite,2
"Labor, Delivery, Recovery, Postpartum Suite (LDRP)",Postpartum Ward,379
"Labor, Delivery, Recovery, Postpartum Suite (LDRP)",Surgical Ward,1
"Labor, Delivery, Recovery, Postpartum Suite (LDRP)",Medical Cardiac Critical Care,2
"Labor, Delivery, Recovery, Postpartum Suite (LDRP)",Pediatric Medical/Surgical Critical Care,1
"Labor, Delivery, Recovery, Postpartum Suite (LDRP)",Surgical Critical Care,2
"Labor, Delivery, Recovery, Postpartum Suite (LDRP)",ONC General Hematology/Oncology Ward,2
"Labor, Delivery, Recovery, Postpartum Suite (LDRP)",ONC Pediatric General Hematology/Oncology Ward,2
"Labor, Delivery, Recovery, Postpartum Suite (LDRP)",Neonatal Critical Care (Level IV),21
"Labor, Delivery, Recovery, Postpartum Suite (LDRP)",Exit,91
Medical Cardiac Critical Care,Medical Ward,75
Medical Cardiac Critical Care,Medical/Surgical Ward,2
Medical Cardiac Critical Care,Neurosurgical Ward,1
Medical Cardiac Critical Care,Operating Room/Suite,18
Medical Cardiac Critical Care,Postpartum Ward,1
Medical Cardiac Critical Care,Pulmonary Ward,1
Medical Cardiac Critical Care,Surgical Ward,4
Medical Cardiac Critical Care,Medical Critical Care,1
Medical Cardiac Critical Care,Neurologic Critical Care,1
Medical Cardiac Critical Care,ONC Leukemia/Lymphoma Ward,1
Medical Cardiac Critical Care,ONC Hematopoietic Stem Cell Transplant Ward,1
Medical Cardiac Critical Care,ONC General Hematology/Oncology Ward,1
Medical Cardiac Critical Care,Exit,32
Medical Critical Care,Emergency Department,6
Medical Critical Care,Endoscopy Suite,2
Medical Critical Care,Medical Ward,33
Medical Critical Care,Medical/Surgical Ward,5
Medical Critical Care,Neurology Ward,1
Medical Critical Care,Operating Room/Suite,3
Medical Critical Care,Pulmonary Ward,6
Medical Critical Care,Surgical Cardiothoracic Critical Care,1
Medical Critical Care,ONC Leukemia/Lymphoma Ward,3
Medical Critical Care,ONC Hematopoietic Stem Cell Transplant Ward,1
Medical Critical Care,ONC General Hematology/Oncology Ward,7
Medical Critical Care,Adult Mixed Acuity Unit,14
Medical Critical Care,Exit,32
Neurologic Critical Care,Emergency Department,2
Neurologic Critical Care,Medical Ward,11
Neurologic Critical Care,Medical/Surgical Ward,1
Neurologic Critical Care,Neurology Ward,22
Neurologic Critical Care,Neurosurgical Ward,56
Neurologic Critical Care,Operating Room/Suite,14
Neurologic Critical Care,Pulmonary Ward,1
Neurologic Critical Care,Surgical Ward,3
Neurologic Critical Care,Medical Cardiac Critical Care,1
Neurologic Critical Care,Surgical Critical Care,3
Neurologic Critical Care,ONC General Hematology/Oncology Ward,1
Neurologic Critical Care,Adult Mixed Acuity Unit,1
Neurologic Critical Care,Exit,52
Pediatric Cardiothoracic Critical Care,Pediatric Medical Ward,12
Pediatric Cardiothoracic Critical Care,Operating Room/Suite,15
Pediatric Cardiothoracic Critical Care,Postpartum Ward,1
Pediatric Cardiothoracic Critical Care,Pediatric Step Down Unit (post-critical care),17
Pediatric Cardiothoracic Critical Care,Neonatal Critical Care (Level IV),2
Pediatric Cardiothoracic Critical Care,Exit,11
Pediatric Medical/Surgical Critical Care,Emergency Department,1
Pediatric Medical/Surgical Critical Care,Pediatric Medical Ward,26
Pediatric Medical/Surgical Critical Care,Medical Ward,2
Pediatric Medical/Surgical Critical Care,Operating Room/Suite,13
Pediatric Medical/Surgical Critical Care,Surgical Ward,1
Pediatric Medical/Surgical Critical Care,Pediatric Step Down Unit (post-critical care),4
Pediatric Medical/Surgical Critical Care,ONC Pediatric Hematopoietic Stem Cell Transplant Ward,1
Pediatric Medical/Surgical Critical Care,ONC Pediatric General Hematology/Oncology Ward,39
Pediatric Medical/Surgical Critical Care,Exit,28
Pediatric Step Down Unit (post-critical care),Emergency Department,1
Pediatric Step Down Unit (post-critical care),Pediatric Medical Ward,2
Pediatric Step Down Unit (post-critical care),Operating Room/Suite,9
Pediatric Step Down Unit (post-critical care),Pediatric Cardiothoracic Critical Care,3
Pediatric Step Down Unit (post-critical care),Pediatric Medical/Surgical Critical Care,2
Pediatric Step Down Unit (post-critical care),Exit,15
Step down Neonatal Nursery (Level II),Neonatal Critical Care (Level IV),17
Step down Neonatal Nursery (Level II),Exit,20
Surgical Cardiothoracic Critical Care,Adult Step Down Unit (post-critical care),45
Surgical Cardiothoracic Critical Care,Emergency Department,2
Surgical Cardiothoracic Critical Care,Endoscopy Suite,1
Surgical Cardiothoracic Critical Care,Medical Ward,5
Surgical Cardiothoracic Critical Care,Medical/Surgical Ward,136
Surgical Cardiothoracic Critical Care,Neurology Ward,1
Surgical Cardiothoracic Critical Care,Operating Room/Suite,54
Surgical Cardiothoracic Critical Care,Pulmonary Ward,4
Surgical Cardiothoracic Critical Care,Surgical Ward,4
Surgical Cardiothoracic Critical Care,Medical Cardiac Critical Care,1
Surgical Cardiothoracic Critical Care,Medical Critical Care,1
Surgical Cardiothoracic Critical Care,Surgical Critical Care,1
Surgical Cardiothoracic Critical Care,ONC Leukemia/Lymphoma Ward,1
Surgical Cardiothoracic Critical Care,ONC General Hematology/Oncology Ward,3
Surgical Cardiothoracic Critical Care,Exit,14
Surgical Critical Care,Adult Step Down Unit (post-critical care),3
Surgical Critical Care,Emergency Department,1
Surgical Critical Care,Medical Ward,11
Surgical Critical Care,Medical/Surgical Ward,6
Surgical Critical Care,Neurology Ward,2
Surgical Critical Care,Neurosurgical Ward,7
Surgical Critical Care,Operating Room/Suite,57
Surgical Critical Care,Postpartum Ward,2
Surgical Critical Care,Pulmonary Ward,1
Surgical Critical Care,Surgical Ward,28
Surgical Critical Care,Medical Critical Care,2
Surgical Critical Care,Neurologic Critical Care,2
Surgical Critical Care,ONC General Hematology/Oncology Ward,7
Surgical Critical Care,Adult Mixed Acuity Unit,4
Surgical Critical Care,Exit,26
ONC Leukemia/Lymphoma Ward,Endoscopy Suite,3
ONC Leukemia/Lymphoma Ward,Medical Ward,1
ONC Leukemia/Lymphoma Ward,Operating Room/Suite,4
ONC Leukemia/Lymphoma Ward,Medical Cardiac Critical Care,1
ONC Leukemia/Lymphoma Ward,Medical Critical Care,5
ONC Leukemia/Lymphoma Ward,Surgical Cardiothoracic Critical Care,1
ONC Leukemia/Lymphoma Ward,Adult Mixed Acuity Unit,2
ONC Leukemia/Lymphoma Ward,Exit,77
ONC Hematopoietic Stem Cell Transplant Ward,Endoscopy Suite,7
ONC Hematopoietic Stem Cell Transplant Ward,Medical Ward,1
ONC Hematopoietic Stem Cell Transplant Ward,Medical Critical Care,1
ONC Hematopoietic Stem Cell Transplant Ward,ONC Leukemia/Lymphoma Ward,1
ONC Hematopoietic Stem Cell Transplant Ward,ONC General Hematology/Oncology Ward,1
ONC Hematopoietic Stem Cell Transplant Ward,Exit,34
ONC General Hematology/Oncology Ward,Emergency Department,25
ONC General Hematology/Oncology Ward,Endoscopy Suite,19
ONC General Hematology/Oncology Ward,Operating Room/Suite,45
ONC General Hematology/Oncology Ward,Medical Critical Care,2
ONC General Hematology/Oncology Ward,Surgical Cardiothoracic Critical Care,1
ONC General Hematology/Oncology Ward,Surgical Critical Care,1
ONC General Hematology/Oncology Ward,ONC Leukemia/Lymphoma Ward,2
ONC General Hematology/Oncology Ward,Exit,350
ONC Pediatric Hematopoietic Stem Cell Transplant Ward,Emergency Department,2
ONC Pediatric Hematopoietic Stem Cell Transplant Ward,Operating Room/Suite,10
ONC Pediatric Hematopoietic Stem Cell Transplant Ward,Exit,18
ONC Pediatric General Hematology/Oncology Ward,Emergency Department,10
ONC Pediatric General Hematology/Oncology Ward,Endoscopy Suite,1
ONC Pediatric General Hematology/Oncology Ward,Operating Room/Suite,22
ONC Pediatric General Hematology/Oncology Ward,Postpartum Ward,1
ONC Pediatric General Hematology/Oncology Ward,Pediatric Medical/Surgical Critical Care,15
ONC Pediatric General Hematology/Oncology Ward,Exit,206
Adult Mixed Acuity Unit,Emergency Department,12
Adult Mixed Acuity Unit,Medical Ward,6
Adult Mixed Acuity Unit,Medical/Surgical Ward,1
Adult Mixed Acuity Unit,Neurosurgical Ward,3
Adult Mixed Acuity Unit,Operating Room/Suite,1
Adult Mixed Acuity Unit,Surgical Ward,1
Adult Mixed Acuity Unit,"Labor, Delivery, Recovery, Postpartum Suite (LDRP)",3
Adult Mixed Acuity Unit,Medical Critical Care,13
Adult Mixed Acuity Unit,Neurologic Critical Care,1
Adult Mixed Acuity Unit,Pediatric Cardiothoracic Critical Care,1
Adult Mixed Acuity Unit,Surgical Critical Care,3
Adult Mixed Acuity Unit,ONC General Hematology/Oncology Ward,1
Adult Mixed Acuity Unit,Exit,50
Neonatal Critical Care (Level IV),Pediatric Medical Ward,5
Neonatal Critical Care (Level IV),Operating Room/Suite,14
Neonatal Critical Care (Level IV),Postpartum Ward,13
Neonatal Critical Care (Level IV),"Labor, Delivery, Recovery, Postpartum Suite (LDRP)",3
Neonatal Critical Care (Level IV),Pediatric Cardiothoracic Critical Care,3
Neonatal Critical Care (Level IV),Pediatric Medical/Surgical Critical Care,1
Neonatal Critical Care (Level IV),Pediatric Step Down Unit (post-critical care),1
Neonatal Critical Care (Level IV),Step down Neonatal Nursery (Level II),38
Neonatal Critical Care (Level IV),ONC Pediatric General Hematology/Oncology Ward,7
Neonatal Critical Care (Level IV),Exit,51
