source,destination,count
Entry,24-Hour Observation Area,102
Entry,Adult Step Down Unit (post-critical care),29
Entry,Ambulatory Surgery Center,561
Entry,Emergency Department,6335
Entry,Endoscopy Suite,5
Entry,Pediatric Medical Ward,52
Entry,Medical Ward,229
Entry,Medical/Surgical Ward,156
Entry,Neurology Ward,32
Entry,Neurosurgical Ward,36
Entry,Operating Room/Suite,1754
Entry,Postpartum Ward,141
Entry,Pulmonary Ward,27
Entry,Surgical Ward,68
Entry,"Labor, Delivery, Recovery, Postpartum Suite (LDRP)",493
Entry,Medical Cardiac Critical Care,33
Entry,Medical Critical Care,19
Entry,Neurologic Critical Care,9
Entry,Pediatric Cardiothoracic Critical Care,12
Entry,Pediatric Medical/Surgical Critical Care,25
Entry,Pediatric Step Down Unit (post-critical care),15
Entry,Surgical Cardiothoracic Critical Care,16
Entry,Surgical Critical Care,7
Entry,ONC Leukemia/Lymphoma Ward,78
Entry,ONC Hematopoietic Stem Cell Transplant Ward,35
Entry,ONC General Hematology/Oncology Ward,84
Entry,ONC Pediatric Hematopoietic Stem Cell Transplant Ward,20
Entry,ONC Pediatric General Hematology/Oncology Ward,54
Entry,Adult Mixed Acuity Unit,10
Entry,Neonatal Critical Care (Level IV),55
24-Hour Observation Area,Adult Step Down Unit (post-critical care),2
24-Hour Observation Area,Medical Ward,9
24-Hour Observation Area,Medical/Surgical Ward,3
24-Hour Observation Area,Neurology Ward,1
24-Hour Observation Area,Operating Room/Suite,9
24-Hour Observation Area,Surgical Ward,10
24-Hour Observation Area,ONC General Hematology/Oncology Ward,5
24-Hour Observation Area,Exit,262
Adult Step Down Unit (post-critical care),Endoscopy Suite,8
Adult Step Down Unit (post-critical care),Medical/Surgical Ward,1
Adult Step Down Unit (post-critical care),Operating Room/Suite,38
Adult Step Down Unit (post-critical care),Surgical Cardiothoracic Critical Care,6
Adult Step Down Unit (post-critical care),ONC General Hematology/Oncology Ward,1
Adult Step Down Unit (post-critical care),Exit,88
Ambulatory Surgery Center,Medical Ward,1
Ambulatory Surgery Center,Exit,560
Emergency Department,Adult Step Down Unit (post-critical care),20
Emergency Department,Endoscopy Suite,10
Emergency Department,Pediatric Medical Ward,106
Emergency Department,Medical Ward,551
Emergency Department,Medical/Surgical Ward,175
Emergency Department,Neurology Ward,54
Emergency Department,Neurosurgical Ward,84
Emergency Department,Operating Room/Suite,127
Emergency Department,Pulmonary Ward,39
Emergency Department,Surgical Ward,166
Emergency Department,Medical Cardiac Critical Care,48
Emergency Department,Medical Critical Care,57
Emergency Department,Neurologic Critical Care,42
Emergency Department,Pediatric Cardiothoracic Critical Care,1
Emergency Department,Pediatric Medical/Surgical Critical Care,28
Emergency Department,Pediatric Step Down Unit (post-critical care),8
Emergency Department,Surgical Cardiothoracic Critical Care,9
Emergency Department,Surgical Critical Care,39
Emergency Department,ONC Leukemia/Lymphoma Ward,18
Emergency Department,ONC Hematopoietic Stem Cell Transplant Ward,19
Emergency Department,ONC General Hematology/Oncology Ward,168
Emergency Department,ONC Pediatric General Hematology/Oncology Ward,103
Emergency Department,Adult Mixed Acuity Unit,39
Emergency Department,Exit,4382
Endoscopy Suite,Adult Step Down Unit (post-critical care),8
Endoscopy Suite,Emergency Department,10
Endoscopy Suite,Medical Ward,67
Endoscopy Suite,Medical/Surgical Ward,30
Endoscopy Suite,Neurosurgical Ward,8
Endoscopy Suite,Pulmonary Ward,18
Endoscopy Suite,Surgical Ward,13
Endoscopy Suite,Medical Critical Care,1
Endoscopy Suite,Surgical Cardiothoracic Critical Care,1
Endoscopy Suite,ONC Leukemia/Lymphoma Ward,5
Endoscopy Suite,ONC Hematopoietic Stem Cell Transplant Ward,7
Endoscopy Suite,ONC General Hematology/Oncology Ward,23
Endoscopy Suite,Adult Mixed Acuity Unit,5
Endoscopy Suite,Exit,5
Pediatric Medical Ward,Emergency Department,1
Pediatric Medical Ward,Operating Room/Suite,57
Pediatric Medical Ward,Pediatric Cardiothoracic Critical Care,2
Pediatric Medical Ward,Pediatric Medical/Surgical Critical Care,13
Pediatric Medical Ward,Pediatric Step Down Unit (post-critical care),2
Pediatric Medical Ward,ONC Pediatric General Hematology/Oncology Ward,1
Pediatric Medical Ward,Exit,263
Medical Ward,Emergency Department,7
Medical Ward,Endoscopy Suite,68
Medical Ward,Operating Room/Suite,81
Medical Ward,Pulmonary Ward,1
Medical Ward,Medical Cardiac Critical Care,24
Medical Ward,Medical Critical Care,20
Medical Ward,Neurologic Critical Care,2
Medical Ward,Surgical Cardiothoracic Critical Care,6
Medical Ward,Surgical Critical Care,6
Medical Ward,ONC Leukemia/Lymphoma Ward,8
Medical Ward,ONC General Hematology/Oncology Ward,6
Medical Ward,Adult Mixed Acuity Unit,2
Medical Ward,Exit,869
Medical/Surgical Ward,Adult Step Down Unit (post-critical care),1
Medical/Surgical Ward,Emergency Department,3
Medical/Surgical Ward,Endoscopy Suite,28
Medical/Surgical Ward,Medical Ward,6
Medical/Surgical Ward,Neurosurgical Ward,1
Medical/Surgical Ward,Operating Room/Suite,186
Medical/Surgical Ward,Pulmonary Ward,6
Medical/Surgical Ward,Surgical Ward,7
Medical/Surgical Ward,Medical Cardiac Critical Care,3
Medical/Surgical Ward,Medical Critical Care,3
Medical/Surgical Ward,Surgical Cardiothoracic Critical Care,8
Medical/Surgical Ward,Surgical Critical Care,8
Medical/Surgical Ward,ONC General Hematology/Oncology Ward,2
Medical/Surgical Ward,Exit,462
Neurology Ward,Emergency Department,1
Neurology Ward,Medical Ward,1
Neurology Ward,Neurosurgical Ward,1
Neurology Ward,Operating Room/Suite,26
Neurology Ward,Neurologic Critical Care,1
Neurology Ward,Surgical Cardiothoracic Critical Care,1
Neurology Ward,ONC General Hematology/Oncology Ward,1
Neurology Ward,Exit,148
Neurosurgical Ward,Emergency Department,3
Neurosurgical Ward,Endoscopy Suite,8
Neurosurgical Ward,Neurology Ward,1
Neurosurgical Ward,Operating Room/Suite,52
Neurosurgical Ward,Surgical Ward,1
Neurosurgical Ward,Neurologic Critical Care,1
Neurosurgical Ward,ONC Leukemia/Lymphoma Ward,1
Neurosurgical Ward,Exit,190
Operating Room/Suite,24-Hour Observation Area,209
Operating Room/Suite,Adult Step Down Unit (post-critical care),26
Operating Room/Suite,Emergency Department,1
Operating Room/Suite,Pediatric Medical Ward,119
Operating Room/Suite,Medical Ward,66
Operating Room/Suite,Medical/Surgical Ward,218
Operating Room/Suite,Neurology Ward,73
Operating Room/Suite,Neurosurgical Ward,56
Operating Room/Suite,Postpartum Ward,4
Operating Room/Suite,Pulmonary Ward,13
Operating Room/Suite,Surgical Ward,296
Operating Room/Suite,"Labor, Delivery, Recovery, Postpartum Suite (LDRP)",1
Operating Room/Suite,Medical Cardiac Critical Care,16
Operating Room/Suite,Medical Critical Care,8
Operating Room/Suite,Neurologic Critical Care,93
Operating Room/Suite,Pediatric Cardiothoracic Critical Care,36
Operating Room/Suite,Pediatric Medical/Surgical Critical Care,44
Operating Room/Suite,Pediatric Step Down Unit (post-critical care),2
Operating Room/Suite,Surgical Cardiothoracic Critical Care,216
Operating Room/Suite,Surgical Critical Care,117
Operating Room/Suite,ONC Leukemia/Lymphoma Ward,3
Operating Room/Suite,ONC Hematopoietic Stem Cell Transplant Ward,2
Operating Room/Suite,ONC General Hematology/Oncology Ward,187
Operating Room/Suite,ONC Pediatric Hematopoietic Stem Cell Transplant Ward,7
Operating Room/Suite,ONC Pediatric General Hematology/Oncology Ward,19
Operating Room/Suite,Adult Mixed Acuity Unit,8
Operating Room/Suite,Neonatal Critical Care (Level IV),11
Operating Room/Suite,Exit,895
Postpartum Ward,Pediatric Medical Ward,2
Postpartum Ward,Operating Room/Suite,2
Postpartum Ward,"Labor, Delivery, Recovery, Postpartum Suite (LDRP)",15
Postpartum Ward,Surgical Critical Care,1
Postpartum Ward,ONC General Hematology/Oncology Ward,1
Postpartum Ward,ONC Pediatric General Hematology/Oncology Ward,2
Postpartum Ward,Neonatal Critical Care (Level IV),14
Postpartum Ward,Exit,562
Pulmonary Ward,Endoscopy Suite,19
Pulmonary Ward,Medical Ward,3
Pulmonary Ward,Neurology Ward,1
Pulmonary Ward,Operating Room/Suite,12
Pulmonary Ward,Surgical Ward,1
Pulmonary Ward,Medical Critical Care,7
Pulmonary Ward,Surgical Cardiothoracic Critical Care,1
Pulmonary Ward,Surgical Critical Care,1
Pulmonary Ward,Exit,75
Surgical Ward,Emergency Department,3
Surgical Ward,Endoscopy Suite,14
Surgical Ward,Medical Ward,4
Surgical Ward,Medical/Surgical Ward,2
Surgical Ward,Operating Room/Suite,104
Surgical Ward,Medical Cardiac Critical Care,1
Surgical Ward,Medical Critical Care,4
Surgical Ward,Neurologic Critical Care,2
Surgical Ward,Surgical Cardiothoracic Critical Care,2
Surgical Ward,Surgical Critical Care,8
Surgical Ward,ONC Leukemia/Lymphoma Ward,2
Surgical Ward,ONC General Hematology/Oncology Ward,7
Surgical Ward,Exit,448
"Labor, Delivery, Recovery, Postpartum Suite (LDRP)",Pediatric Medical Ward,1
"Labor, Delivery, Recovery, Postpartum Suite (LDRP)",Medical Ward,1
"Labor, Delivery, Recovery, Postpartum Suite (LDRP)",Operating Room/Suite,2
"Labor, Delivery, Recovery, Postpartum Suite (LDRP)",Postpartum Ward,442
"Labor, Delivery, Recovery, Postpartum Suite (LDRP)",Surgical Ward,1
"Labor, Delivery, Recovery, Postpartum Suite (LDRP)",Medical Critical Care,2
"Labor, Delivery, Recovery, Postpartum Suite (LDRP)",Pediatric Cardiothoracic Critical Care,3
"Labor, Delivery, Recovery, Postpartum Suite (LDRP)",Surgical Cardiothoracic Critical Care,1
"Labor, Delivery, Recovery, Postpartum Suite (LDRP)",Surgical Critical Care,1
"Labor, Delivery, Recovery, Postpartum Suite (LDRP)",Adult Mixed Acuity Unit,1
"Labor, Delivery, Recovery, Postpartum Suite (LDRP)",Neonatal Critical Care (Level IV),14
"Labor, Delivery, Recovery, Postpartum Suite (LDRP)",Exit,44
Medical Cardiac Critical Care,Adult Step Down Unit (post-critical care),1
Medical Cardiac Critical Care,Medical Ward,66
Medical Cardiac Critical Care,Operating Room/Suite,22
Medical Cardiac Critical Care,Medical Critical Care,7
Medical Cardiac Critical Care,Surgical Cardiothoracic Critical Care,1
Medical Cardiac Critical Care,ONC Leukemia/Lymphoma Ward,1
Medical Cardiac Critical Care,ONC Hematopoietic Stem Cell Transplant Ward,1
Medical Cardiac Critical Care,ONC General Hematology/Oncology Ward,1
Medical Cardiac Critical Care,Adult Mixed Acuity Unit,1
Medical Cardiac Critical Care,Exit,29
Medical Critical Care,Adult Step Down Unit (post-critical care),1
Medical Critical Care,Emergency Department,2
Medical Critical Care,Medical Ward,59
Medical Critical Care,Medical/Surgical Ward,2
Medical Critical Care,Neurosurgical Ward,1
Medical Critical Care,Operating Room/Suite,8
Medical Critical Care,Postpartum Ward,2
Medical Critical Care,Pulmonary Ward,14
Medical Critical Care,Surgical Ward,4
Medical Critical Care,Medical Cardiac Critical Care,5
Medical Critical Care,ONC Hematopoietic Stem Cell Transplant Ward,1
Medical Critical Care,ONC General Hematology/Oncology Ward,5
Medical Critical Care,Adult Mixed Acuity Unit,3
Medical Critical Care,Exit,31
Neurologic Critical Care,Medical Ward,5
Neurologic Critical Care,Neurology Ward,12
Neurologic Critical Care,Neurosurgical Ward,66
Neurologic Critical Care,Operating Room/Suite,25
Neurologic Critical Care,Pulmonary Ward,1
Neurologic Critical Care,Surgical Ward,3
Neurologic Critical Care,Medical Cardiac Critical Care,1
Neurologic Critical Care,Surgical Cardiothoracic Critical Care,1
Neurologic Critical Care,Surgical Critical Care,3
Neurologic Critical Care,Exit,36
Pediatric Cardiothoracic Critical Care,Pediatric Medical Ward,7
Pediatric Cardiothoracic Critical Care,Operating Room/Suite,11
Pediatric Cardiothoracic Critical Care,Pediatric Medical/Surgical Critical Care,1
Pediatric Cardiothoracic Critical Care,Pediatric Step Down Unit (post-critical care),29
Pediatric Cardiothoracic Critical Care,ONC Pediatric General Hematology/Oncology Ward,1
Pediatric Cardiothoracic Critical Care,Exit,10
Pediatric Medical/Surgical Critical Care,Pediatric Medical Ward,40
Pediatric Medical/Surgical Critical Care,Operating Room/Suite,20
Pediatric Medical/Surgical Critical Care,Pediatric Cardiothoracic Critical Care,1
Pediatric Medical/Surgical Critical Care,Pediatric Step Down Unit (post-critical care),1
Pediatric Medical/Surgical Critical Care,ONC Pediatric Hematopoietic Stem Cell Transplant Ward,6
Pediatric Medical/Surgical Critical Care,ONC Pediatric General Hematology/Oncology Ward,40
Pediatric Medical/Surgical Critical Care,Exit,15
Pediatric Step Down Unit (post-critical care),Emergency Department,1
Pediatric Step Down Unit (post-critical care),Pediatric Medical Ward,5
Pediatric Step Down Unit (post-critical care),Operating Room/Suite,5
Pediatric Step Down Unit (post-critical care),Pediatric Cardiothoracic Critical Care,8
Pediatric Step Down Unit (post-critical care),Exit,38
Step down Neonatal Nursery (Level II),Postpartum Ward,1
Step down Neonatal Nursery (Level II),"Labor, Delivery, Recovery, Postpartum Suite (LDRP)",1
Step down Neonatal Nursery (Level II),ONC Pediatric General Hematology/Oncology Ward,1
Step down Neonatal Nursery (Level II),Neonatal Critical Care (Level IV),17
Step down Neonatal Nursery (Level II),Exit,17
Surgical Cardiothoracic Critical Care,Adult Step Down Unit (post-critical care),47
Surgical Cardiothoracic Critical Care,Emergency Department,1
Surgical Cardiothoracic Critical Care,Endoscopy Suite,2
Surgical Cardiothoracic Critical Care,Medical Ward,6
Surgical Cardiothoracic Critical Care,Medical/Surgical Ward,141
Surgical Cardiothoracic Critical Care,Neurosurgical Ward,1
Surgical Cardiothoracic Critical Care,Operating Room/Suite,43
Surgical Cardiothoracic Critical Care,Postpartum Ward,1
Surgical Cardiothoracic Critical Care,Pulmonary Ward,2
Surgical Cardiothoracic Critical Care,Medical Cardiac Critical Care,1
Surgical Cardiothoracic Critical Care,Neurologic Critical Care,1
Surgical Cardiothoracic Critical Care,Surgical Critical Care,1
Surgical Cardiothoracic Critical Care,ONC General Hematology/Oncology Ward,1
Surgical Cardiothoracic Critical Care,Exit,15
Surgical Critical Care,Adult Step Down Unit (post-critical care),3
Surgical Critical Care,Emergency Department,2
Surgical Critical Care,Medical Ward,21
Surgical Critical Care,Medical/Surgical Ward,12
Surgical Critical Care,Neurology Ward,7
Surgical Critical Care,Neurosurgical Ward,1
Surgical Critical Care,Operating Room/Suite,63
Surgical Critical Care,Postpartum Ward,3
Surgical Critical Care,Pulmonary Ward,1
Surgical Critical Care,Surgical Ward,38
Surgical Critical Care,Medical Cardiac Critical Care,2
Surgical Critical Care,Neurologic Critical Care,3
Surgical Critical Care,ONC Hematopoietic Stem Cell Transplant Ward,1
Surgical Critical Care,ONC General Hematology/Oncology Ward,12
Surgical Critical Care,Adult Mixed Acuity Unit,2
Surgical Critical Care,Exit,16
ONC Leukemia/Lymphoma Ward,Endoscopy Suite,5
ONC Leukemia/Lymphoma Ward,Operating Room/Suite,5
ONC Leukemia/Lymphoma Ward,Medical Cardiac Critical Care,2
ONC Leukemia/Lymphoma Ward,Exit,106
ONC Hematopoietic Stem Cell Transplant Ward,Endoscopy Suite,8
ONC Hematopoietic Stem Cell Transplant Ward,Medical Cardiac Critical Care,1
ONC Hematopoietic Stem Cell Transplant Ward,Medical Critical Care,1
ONC Hematopoietic Stem Cell Transplant Ward,ONC General Hematology/Oncology Ward,1
ONC Hematopoietic Stem Cell Transplant Ward,Exit,54
ONC General Hematology/Oncology Ward,Endoscopy Suite,23
ONC General Hematology/Oncology Ward,Medical Ward,3
ONC General Hematology/Oncology Ward,Neurology Ward,1
ONC General Hematology/Oncology Ward,Operating Room/Suite,60
ONC General Hematology/Oncology Ward,Pulmonary Ward,1
ONC General Hematology/Oncology Ward,Medical Cardiac Critical Care,1
ONC General Hematology/Oncology Ward,Medical Critical Care,2
ONC General Hematology/Oncology Ward,Neurologic Critical Care,2
ONC General Hematology/Oncology Ward,Surgical Cardiothoracic Critical Care,2
ONC General Hematology/Oncology Ward,ONC Leukemia/Lymphoma Ward,2
ONC General Hematology/Oncology Ward,Exit,400
ONC Pediatric Hematopoietic Stem Cell Transplant Ward,Operating Room/Suite,5
ONC Pediatric Hematopoietic Stem Cell Transplant Ward,Pediatric Medical/Surgical Critical Care,2
ONC Pediatric Hematopoietic Stem Cell Transplant Ward,Exit,25
ONC Pediatric General Hematology/Oncology Ward,Emergency Department,1
ONC Pediatric General Hematology/Oncology Ward,Operating Room/Suite,22
ONC Pediatric General Hematology/Oncology Ward,Pediatric Medical/Surgical Critical Care,9
ONC Pediatric General Hematology/Oncology Ward,ONC Pediatric Hematopoietic Stem Cell Transplant Ward,1
ONC Pediatric General Hematology/Oncology Ward,Exit,195
Adult Mixed Acuity Unit,Emergency Department,1
Adult Mixed Acuity Unit,Endoscopy Suite,5
Adult Mixed Acuity Unit,Medical Ward,6
Adult Mixed Acuity Unit,Medical/Surgical Ward,1
Adult Mixed Acuity Unit,Neurosurgical Ward,2
Adult Mixed Acuity Unit,Operating Room/Suite,9
Adult Mixed Acuity Unit,Surgical Ward,3
Adult Mixed Acuity Unit,"Labor, Delivery, Recovery, Postpartum Suite (LDRP)",1
Adult Mixed Acuity Unit,Medical Cardiac Critical Care,1
Adult Mixed Acuity Unit,Medical Critical Care,2
Adult Mixed Acuity Unit,ONC General Hematology/Oncology Ward,2
Adult Mixed Acuity Unit,Exit,37
Neonatal Critical Care (Level IV),Pediatric Medical Ward,2
Neonatal Critical Care (Level IV),Operating Room/Suite,11
Neonatal Critical Care (Level IV),Postpartum Ward,15
Neonatal Critical Care (Level IV),"Labor, Delivery, Recovery, Postpartum Suite (LDRP)",3
Neonatal Critical Care (Level IV),Step down Neonatal Nursery (Level II),36
Neonatal Critical Care (Level IV),ONC Pediatric General Hematology/Oncology Ward,2
Neonatal Critical Care (Level IV),Exit,30
