source,destination,count
Entry,24-Hour Observation Area,111
Entry,Adult Step Down Unit (post-critical care),24
Entry,Ambulatory Surgery Center,571
Entry,Emergency Department,4829
Entry,Endoscopy Suite,1
Entry,Behavioral Health/Psych Ward,36
Entry,Pediatric Medical Ward,25
Entry,Medical Ward,170
Entry,Medical/Surgical Ward,121
Entry,Neurology Ward,40
Entry,Neurosurgical Ward,40
Entry,Operating Room/Suite,1573
Entry,Postpartum Ward,115
Entry,Pulmonary Ward,18
Entry,Surgical Ward,57
Entry,"Labor, Delivery, Recovery, Postpartum Suite (LDRP)",442
Entry,Medical Cardiac Critical Care,23
Entry,Medical Critical Care,18
Entry,Neurologic Critical Care,4
Entry,Pediatric Cardiothoracic Critical Care,22
Entry,Pediatric Medical/Surgical Critical Care,16
Entry,Pediatric Step Down Unit (post-critical care),22
Entry,Surgical Cardiothoracic Critical Care,11
Entry,Surgical Critical Care,5
Entry,ONC Hematopoietic Stem Cell Transplant Ward,17
Entry,ONC General Hematology/Oncology Ward,129
Entry,ONC Pediatric Hematopoietic Stem Cell Transplant Ward,8
Entry,ONC Pediatric General Hematology/Oncology Ward,55
Entry,Adult Mixed Acuity Unit,12
Entry,Neonatal Critical Care (Level IV),35
24-Hour Observation Area,Medical Ward,4
24-Hour Observation Area,Medical/Surgical Ward,1
24-Hour Observation Area,Neurology Ward,2
24-Hour Observation Area,Operating Room/Suite,12
24-Hour Observation Area,Surgical Ward,7
24-Hour Observation Area,Medical Cardiac Critical Care,2
24-Hour Observation Area,ONC General Hematology/Oncology Ward,5
24-Hour Observation Area,Exit,301
Adult Step Down Unit (post-critical care),Endoscopy Suite,1
Adult Step Down Unit (post-critical care),Medical Ward,4
Adult Step Down Unit (post-critical care),Neurology Ward,1
Adult Step Down Unit (post-critical care),Operating Room/Suite,30
Adult Step Down Unit (post-critical care),Pulmonary Ward,1
Adult Step Down Unit (post-critical care),Surgical Ward,1
Adult Step Down Unit (post-critical care),Surgical Cardiothoracic Critical Care,2
Adult Step Down Unit (post-critical care),Exit,70
Ambulatory Surgery Center,Operating Room/Suite,10
Ambulatory Surgery Center,Exit,562
Emergency Department,Adult Step Down Unit (post-critical care),15
Emergency Department,Endoscopy Suite,4
Emergency Department,Pediatric Medical Ward,53
Emergency Department,Medical Ward,412
Emergency Department,Medical/Surgical Ward,133
Emergency Department,Neurology Ward,66
Emergency Department,Neurosurgical Ward,81
Emergency Department,Operating Room/Suite,98
Emergency Department,Pulmonary Ward,27
Emergency Department,Surgical Ward,210
Emergency Department,"Labor, Delivery, Recovery, Postpartum Suite (LDRP)",4
Emergency Department,Medical Cardiac Critical Care,40
Emergency Department,Medical Critical Care,22
Emergency Department,Neurologic Critical Care,46
Emergency Department,Pediatric Cardiothoracic Critical Care,1
Emergency Department,Pediatric Medical/Surgical Critical Care,30
Emergency Department,Pediatric Step Down Unit (post-critical care),9
Emergency Department,Surgical Cardiothoracic Critical Care,19
Emergency Department,Surgical Critical Care,33
Emergency Department,ONC Hematopoietic Stem Cell Transplant Ward,11
Emergency Department,ONC General Hematology/Oncology Ward,157
Emergency Department,ONC Pediatric General Hematology/Oncology Ward,82
Emergency Department,Adult Mixed Acuity Unit,51
Emergency Department,Exit,3213
Endoscopy Suite,Adult Step Down Unit (post-critical care),1
Endoscopy Suite,Emergency Department,4
Endoscopy Suite,Pediatric Medical Ward,2
Endoscopy Suite,Medical Ward,46
Endoscopy Suite,Medical/Surgical Ward,49
Endoscopy Suite,Neurology Ward,2
Endoscopy Suite,Neurosurgical Ward,3
Endoscopy Suite,Pulmonary Ward,11
Endoscopy Suite,Surgical Ward,18
Endoscopy Suite,Surgical Cardiothoracic Critical Care,1
Endoscopy Suite,ONC Hematopoietic Stem Cell Transplant Ward,8
Endoscopy Suite,ONC General Hematology/Oncology Ward,29
Endoscopy Suite,ONC Pediatric General Hematology/Oncology Ward,3
Endoscopy Suite,Exit,1
Behavioral Health/Psych Ward,Exit,36
Pediatric Medical Ward,Endoscopy Suite,2
Pediatric Medical Ward,Operating Room/Suite,36
Pediatric Medical Ward,Pediatric Medical/Surgical Critical Care,14
Pediatric Medical Ward,Pediatric Step Down Unit (post-critical care),2
Pediatric Medical Ward,ONC Pediatric General Hematology/Oncology Ward,2
Pediatric Medical Ward,Exit,171
Medical Ward,Endoscopy Suite,46
Medical Ward,Medical/Surgical Ward,2
Medical Ward,Operating Room/Suite,84
Medical Ward,Pulmonary Ward,4
Medical Ward,Surgical Ward,2
Medical Ward,Medical Cardiac Critical Care,31
Medical Ward,Medical Critical Care,9
Medical Ward,Neurologic Critical Care,5
Medical Ward,Surgical Cardiothoracic Critical Care,11
Medical Ward,Surgical Critical Care,4
Medical Ward,ONC Hematopoietic Stem Cell Transplant Ward,1
Medical Ward,ONC General Hematology/Oncology Ward,8
Medical Ward,Adult Mixed Acuity Unit,1
Medical Ward,Exit,677
Medical/Surgical Ward,24-Hour Observation Area,1
Medical/Surgical Ward,Endoscopy Suite,49
Medical/Surgical Ward,Medical Ward,11
Medical/Surgical Ward,Operating Room/Suite,126
Medical/Surgical Ward,Pulmonary Ward,1
Medical/Surgical Ward,Surgical Ward,9
Medical/Surgical Ward,Medical Cardiac Critical Care,3
Medical/Surgical Ward,Medical Critical Care,1
Medical/Surgical Ward,Surgical Cardiothoracic Critical Care,19
Medical/Surgical Ward,Surgical Critical Care,5
Medical/Surgical Ward,ONC General Hematology/Oncology Ward,3
Medical/Surgical Ward,Adult Mixed Acuity Unit,1
Medical/Surgical Ward,Exit,377
Neurology Ward,Endoscopy Suite,2
Neurology Ward,Medical Ward,3
Neurology Ward,Operating Room/Suite,18
Neurology Ward,Surgical Ward,1
Neurology Ward,Neurologic Critical Care,5
Neurology Ward,Surgical Cardiothoracic Critical Care,1
Neurology Ward,ONC General Hematology/Oncology Ward,1
Neurology Ward,Exit,150
Neurosurgical Ward,Endoscopy Suite,3
Neurosurgical Ward,Neurology Ward,1
Neurosurgical Ward,Operating Room/Suite,34
Neurosurgical Ward,Surgical Ward,3
Neurosurgical Ward,Neurologic Critical Care,8
Neurosurgical Ward,Surgical Critical Care,1
Neurosurgical Ward,ONC General Hematology/Oncology Ward,1
Neurosurgical Ward,Exit,169
Operating Room/Suite,24-Hour Observation Area,221
Operating Room/Suite,Adult Step Down Unit (post-critical care),20
Operating Room/Suite,Ambulatory Surgery Center,1
Operating Room/Suite,Pediatric Medical Ward,106
Operating Room/Suite,Medical Ward,72
Operating Room/Suite,Medical/Surgical Ward,135
Operating Room/Suite,Neurology Ward,52
Operating Room/Suite,Neurosurgical Ward,44
Operating Room/Suite,Postpartum Ward,1
Operating Room/Suite,Pulmonary Ward,8
Operating Room/Suite,Surgical Ward,277
Operating Room/Suite,Medical Cardiac Critical Care,16
Operating Room/Suite,Medical Critical Care,9
Operating Room/Suite,Neurologic Critical Care,66
Operating Room/Suite,Pediatric Cardiothoracic Critical Care,32
Operating Room/Suite,Pediatric Medical/Surgical Critical Care,25
Operating Room/Suite,Pediatric Step Down Unit (post-critical care),6
Operating Room/Suite,Surgical Cardiothoracic Critical Care,210
Operating Room/Suite,Surgical Critical Care,69
Operating Room/Suite,ONC General Hematology/Oncology Ward,147
Operating Room/Suite,ONC Pediatric Hematopoietic Stem Cell Transplant Ward,2
Operating Room/Suite,ONC Pediatric General Hematology/Oncology Ward,19
Operating Room/Suite,Adult Mixed Acuity Unit,9
Operating Room/Suite,Neonatal Critical Care (Level IV),9
Operating Room/Suite,Exit,838
Postpartum Ward,Operating Room/Suite,1
Postpartum Ward,"Labor, Delivery, Recovery, Postpartum Suite (LDRP)",18
Postpartum Ward,ONC Pediatric General Hematology/Oncology Ward,1
Postpartum Ward,Neonatal Critical Care (Level IV),14
Postpartum Ward,Exit,471
Pulmonary Ward,Endoscopy Suite,12
Pulmonary Ward,Medical Ward,2
Pulmonary Ward,Operating Room/Suite,8
Pulmonary Ward,Medical Cardiac Critical Care,2
Pulmonary Ward,Medical Critical Care,3
Pulmonary Ward,Neurologic Critical Care,3
Pulmonary Ward,Surgical Critical Care,3
Pulmonary Ward,Exit,61
Surgical Ward,Endoscopy Suite,18
Surgical Ward,Medical Ward,3
Surgical Ward,Medical/Surgical Ward,4
Surgical Ward,Neurosurgical Ward,1
Surgical Ward,Operating Room/Suite,122
Surgical Ward,"Labor, Delivery, Recovery, Postpartum Suite (LDRP)",2
Surgical Ward,Medical Cardiac Critical Care,2
Surgical Ward,Medical Critical Care,3
Surgical Ward,Pediatric Step Down Unit (post-critical care),1
Surgical Ward,Surgical Cardiothoracic Critical Care,2
Surgical Ward,Surgical Critical Care,6
Surgical Ward,ONC General Hematology/Oncology Ward,6
Surgical Ward,Adult Mixed Acuity Unit,1
Surgical Ward,Exit,445
"Labor, Delivery, Recovery, Postpartum Suite (LDRP)",Postpartum Ward,390
"Labor, Delivery, Recovery, Postpartum Suite (LDRP)",Surgical Ward,1
"Labor, Delivery, Recovery, Postpartum Suite (LDRP)",Pediatric Cardiothoracic Critical Care,2
"Labor, Delivery, Recovery, Postpartum Suite (LDRP)",Surgical Critical Care,2
"Labor, Delivery, Recovery, Postpartum Suite (LDRP)",Neonatal Critical Care (Level IV),16
"Labor, Delivery, Recovery, Postpartum Suite (LDRP)",Exit,56
Medical Cardiac Critical Care,24-Hour Observation Area,1
Medical Cardiac Critical Care,Medical Ward,66
Medical Cardiac Critical Care,Medical/Surgical Ward,2
Medical Cardiac Critical Care,Operating Room/Suite,25
Medical Cardiac Critical Care,Pulmonary Ward,4
Medical Cardiac Critical Care,Medical Critical Care,4
Medical Cardiac Critical Care,Surgical Cardiothoracic Critical Care,2
Medical Cardiac Critical Care,Surgical Critical Care,1
Medical Cardiac Critical Care,ONC General Hematology/Oncology Ward,5
Medical Cardiac Critical Care,Exit,17
Medical Critical Care,Medical Ward,19
Medical Critical Care,Medical/Surgical Ward,1
Medical Critical Care,Neurology Ward,1
Medical Critical Care,Operating Room/Suite,11
Medical Critical Care,Pulmonary Ward,7
Medical Critical Care,Surgical Ward,1
Medical Critical Care,Medical Cardiac Critical Care,2
Medical Critical Care,Pediatric Medical/Surgical Critical Care,1
Medical Critical Care,ONC General Hematology/Oncology Ward,4
Medical Critical Care,Adult Mixed Acuity Unit,9
Medical Critical Care,Exit,20
Neurologic Critical Care,Medical Ward,7
Neurologic Critical Care,Medical/Surgical Ward,1
Neurologic Critical Care,Neurology Ward,14
Neurologic Critical Care,Neurosurgical Ward,53
Neurologic Critical Care,Operating Room/Suite,19
Neurologic Critical Care,Pulmonary Ward,2
Neurologic Critical Care,Surgical Ward,3
Neurologic Critical Care,Medical Cardiac Critical Care,1
Neurologic Critical Care,Pediatric Medical/Surgical Critical Care,1
Neurologic Critical Care,Surgical Critical Care,1
Neurologic Critical Care,ONC General Hematology/Oncology Ward,6
Neurologic Critical Care,Exit,40
Pediatric Cardiothoracic Critical Care,Pediatric Medical Ward,2
Pediatric Cardiothoracic Critical Care,Operating Room/Suite,18
Pediatric Cardiothoracic Critical Care,Pediatric Medical/Surgical Critical Care,1
Pediatric Cardiothoracic Critical Care,Pediatric Step Down Unit (post-critical care),39
Pediatric Cardiothoracic Critical Care,Exit,7
Pediatric Medical/Surgical Critical Care,Pediatric Medical Ward,33
Pediatric Medical/Surgical Critical Care,Medical Ward,1
Pediatric Medical/Surgical Critical Care,Operating Room/Suite,13
Pediatric Medical/Surgical Critical Care,Pediatric Step Down Unit (post-critical care),2
Pediatric Medical/Surgical Critical Care,ONC Pediatric Hematopoietic Stem Cell Transplant Ward,2
Pediatric Medical/Surgical Critical Care,ONC Pediatric General Hematology/Oncology Ward,30
Pediatric Medical/Surgical Critical Care,Exit,15
Pediatric Step Down Unit (post-critical care),Pediatric Medical Ward,1
Pediatric Step Down Unit (post-critical care),Medical/Surgical Ward,1
Pediatric Step Down Unit (post-critical care),Operating Room/Suite,6
Pediatric Step Down Unit (post-critical care),Surgical Ward,1
Pediatric Step Down Unit (post-critical care),Pediatric Cardiothoracic Critical Care,11
Pediatric Step Down Unit (post-critical care),Neonatal Critical Care (Level IV),1
Pediatric Step Down Unit (post-critical care),Exit,57
Step down Neonatal Nursery (Level II),Neonatal Critical Care (Level IV),12
Step down Neonatal Nursery (Level II),Exit,12
Surgical Cardiothoracic Critical Care,Adult Step Down Unit (post-critical care),48
Surgical Cardiothoracic Critical Care,Medical Ward,13
Surgical Cardiothoracic Critical Care,Medical/Surgical Ward,146
Surgical Cardiothoracic Critical Care,Neurology Ward,1
Surgical Cardiothoracic Critical Care,Operating Room/Suite,43
Surgical Cardiothoracic Critical Care,Pulmonary Ward,1
Surgical Cardiothoracic Critical Care,Surgical Ward,8
Surgical Cardiothoracic Critical Care,Medical Cardiac Critical Care,1
Surgical Cardiothoracic Critical Care,Medical Critical Care,1
Surgical Cardiothoracic Critical Care,Neurologic Critical Care,2
Surgical Cardiothoracic Critical Care,Surgical Critical Care,2
Surgical Cardiothoracic Critical Care,Adult Mixed Acuity Unit,1
Surgical Cardiothoracic Critical Care,Exit,14
Surgical Critical Care,Medical Ward,21
Surgical Critical Care,Medical/Surgical Ward,9
Surgical Critical Care,Neurology Ward,2
Surgical Critical Care,Neurosurgical Ward,2
Surgical Critical Care,Operating Room/Suite,39
Surgical Critical Care,Postpartum Ward,1
Surgical Critical Care,Pulmonary Ward,8
Surgical Critical Care,Surgical Ward,19
Surgical Critical Care,"Labor, Delivery, Recovery, Postpartum Suite (LDRP)",1
Surgical Critical Care,Medical Cardiac Critical Care,2
Surgical Critical Care,Neurologic Critical Care,3
Surgical Critical Care,Surgical Cardiothoracic Critical Care,2
Surgical Critical Care,ONC General Hematology/Oncology Ward,7
Surgical Critical Care,Adult Mixed Acuity Unit,8
Surgical Critical Care,Exit,15
ONC Hematopoietic Stem Cell Transplant Ward,Endoscopy Suite,8
ONC Hematopoietic Stem Cell Transplant Ward,Medical Cardiac Critical Care,1
ONC Hematopoietic Stem Cell Transplant Ward,Surgical Cardiothoracic Critical Care,1
ONC Hematopoietic Stem Cell Transplant Ward,ONC General Hematology/Oncology Ward,6
ONC Hematopoietic Stem Cell Transplant Ward,Adult Mixed Acuity Unit,1
ONC Hematopoietic Stem Cell Transplant Ward,Exit,22
ONC General Hematology/Oncology Ward,Endoscopy Suite,29
ONC General Hematology/Oncology Ward,Medical Ward,5
ONC General Hematology/Oncology Ward,Operating Room/Suite,33
ONC General Hematology/Oncology Ward,Surgical Ward,1
ONC General Hematology/Oncology Ward,Medical Cardiac Critical Care,3
ONC General Hematology/Oncology Ward,Medical Critical Care,2
ONC General Hematology/Oncology Ward,Neurologic Critical Care,3
ONC General Hematology/Oncology Ward,Surgical Cardiothoracic Critical Care,1
ONC General Hematology/Oncology Ward,Surgical Critical Care,3
ONC General Hematology/Oncology Ward,ONC Hematopoietic Stem Cell Transplant Ward,2
ONC General Hematology/Oncology Ward,Exit,437
ONC Pediatric Hematopoietic Stem Cell Transplant Ward,Operating Room/Suite,2
ONC Pediatric Hematopoietic Stem Cell Transplant Ward,Pediatric Medical/Surgical Critical Care,1
ONC Pediatric Hematopoietic Stem Cell Transplant Ward,Exit,8
ONC Pediatric General Hematology/Oncology Ward,Endoscopy Suite,3
ONC Pediatric General Hematology/Oncology Ward,Pediatric Medical Ward,3
ONC Pediatric General Hematology/Oncology Ward,Operating Room/Suite,16
ONC Pediatric General Hematology/Oncology Ward,Pediatric Cardiothoracic Critical Care,1
ONC Pediatric General Hematology/Oncology Ward,Pediatric Medical/Surgical Critical Care,7
ONC Pediatric General Hematology/Oncology Ward,Exit,177
Adult Mixed Acuity Unit,Adult Step Down Unit (post-critical care),1
Adult Mixed Acuity Unit,Medical Ward,12
Adult Mixed Acuity Unit,Medical/Surgical Ward,3
Adult Mixed Acuity Unit,Operating Room/Suite,8
Adult Mixed Acuity Unit,Pulmonary Ward,2
Adult Mixed Acuity Unit,Surgical Ward,1
Adult Mixed Acuity Unit,Medical Critical Care,4
Adult Mixed Acuity Unit,Surgical Critical Care,2
Adult Mixed Acuity Unit,Exit,61
Neonatal Critical Care (Level IV),Pediatric Medical Ward,2
Neonatal Critical Care (Level IV),Operating Room/Suite,9
Neonatal Critical Care (Level IV),Postpartum Ward,15
Neonatal Critical Care (Level IV),"Labor, Delivery, Recovery, Postpartum Suite (LDRP)",1
Neonatal Critical Care (Level IV),Pediatric Medical/Surgical Critical Care,3
Neonatal Critical Care (Level IV),Step down Neonatal Nursery (Level II),23
Neonatal Critical Care (Level IV),ONC Pediatric General Hematology/Oncology Ward,6
Neonatal Critical Care (Level IV),Exit,29
