source,destination,count
Entry,24-Hour Observation Area,132
Entry,Adult Step Down Unit (post-critical care),43
Entry,Ambulatory Surgery Center,532
Entry,Emergency Department,5797
Entry,Endoscopy Suite,12
Entry,Pediatric Medical Ward,32
Entry,Medical Ward,184
Entry,Medical/Surgical Ward,132
Entry,Neurology Ward,39
Entry,Neurosurgical Ward,36
Entry,Operating Room/Suite,1759
Entry,Postpartum Ward,161
Entry,Pulmonary Ward,30
Entry,Surgical Ward,48
Entry,"Labor, Delivery, Recovery, Postpartum Suite (LDRP)",455
Entry,Medical Cardiac Critical Care,26
Entry,Medical Critical Care,17
Entry,Neurologic Critical Care,28
Entry,Pediatric Cardiothoracic Critical Care,20
Entry,Pediatric Medical/Surgical Critical Care,19
Entry,Pediatric Step Down Unit (post-critical care),16
Entry,Surgical Cardiothoracic Critical Care,11
Entry,Surgical Critical Care,4
Entry,ONC Leukemia/Lymphoma Ward,35
Entry,ONC Hematopoietic Stem Cell Transplant Ward,34
Entry,ONC General Hematology/Oncology Ward,71
Entry,ONC Pediatric Hematopoietic Stem Cell Transplant Ward,21
Entry,ONC Pediatric General Hematology/Oncology Ward,51
Entry,Adult Mixed Acuity Unit,13
Entry,Neonatal Critical Care (Level IV),60
24-Hour Observation Area,Adult Step Down Unit (post-critical care),3
24-Hour Observation Area,Medical Ward,7
24-Hour Observation Area,Medical/Surgical Ward,6
24-Hour Observation Area,Neurology Ward,3
24-Hour Observation Area,Operating Room/Suite,8
24-Hour Observation Area,Surgical Ward,11
24-Hour Observation Area,Medical Cardiac Critical Care,1
24-Hour Observation Area,ONC General Hematology/Oncology Ward,5
24-Hour Observation Area,Exit,340
Adult Step Down Unit (post-critical care),Endoscopy Suite,8
Adult Step Down Unit (post-critical care),Medical Ward,4
Adult Step Down Unit (post-critical care),Operating Room/Suite,48
Adult Step Down Unit (post-critical care),Pulmonary Ward,1
Adult Step Down Unit (post-critical care),Medical Cardiac Critical Care,2
Adult Step Down Unit (post-critical care),Medical Critical Care,1
Adult Step Down Unit (post-critical care),Surgical Cardiothoracic Critical Care,2
Adult Step Down Unit (post-critical care),Exit,91
Ambulatory Surgery Center,Exit,532
Emergency Department,Adult Step Down Unit (post-critical care),20
Emergency Department,Endoscopy Suite,10
Emergency Department,Pediatric Medical Ward,88
Emergency Department,Medical Ward,408
Emergency Department,Medical/Surgical Ward,154
Emergency Department,Neurology Ward,62
Emergency Department,Neurosurgical Ward,79
Emergency Department,Operating Room/Suite,115
Emergency Department,Postpartum Ward,1
Emergency Department,Pulmonary Ward,40
Emergency Department,Surgical Ward,208
Emergency Department,"Labor, Delivery, Recovery, Postpartum Suite (LDRP)",1
Emergency Department,Medical Cardiac Critical Care,58
Emergency Department,Medical Critical Care,58
Emergency Department,Neurologic Critical Care,44
Emergency Department,Pediatric Cardiothoracic Critical Care,2
Emergency Department,Pediatric Medical/Surgical Critical Care,32
Emergency Department,Pediatric Step Down Unit (post-critical care),10
Emergency Department,Surgical Cardiothoracic Critical Care,5
Emergency Department,Surgical Critical Care,38
Emergency Department,ONC Leukemia/Lymphoma Ward,6
Emergency Department,ONC Hematopoietic Stem Cell Transplant Ward,9
Emergency Department,ONC General Hematology/Oncology Ward,148
Emergency Department,ONC Pediatric Hematopoietic Stem Cell Transplant Ward,3
Emergency Department,ONC Pediatric General Hematology/Oncology Ward,103
Emergency Department,Adult Mixed Acuity Unit,70
Emergency Department,Exit,4014
Endoscopy Suite,Adult Step Down Unit (post-critical care),8
Endoscopy Suite,Emergency Department,10
Endoscopy Suite,Medical Ward,57
Endoscopy Suite,Medical/Surgical Ward,27
Endoscopy Suite,Neurology Ward,3
Endoscopy Suite,Neurosurgical Ward,6
Endoscopy Suite,Pulmonary Ward,18
Endoscopy Suite,Surgical Ward,16
Endoscopy Suite,Medical Cardiac Critical Care,1
Endoscopy Suite,Medical Critical Care,1
Endoscopy Suite,Surgical Critical Care,1
Endoscopy Suite,ONC Leukemia/Lymphoma Ward,2
Endoscopy Suite,ONC Hematopoietic Stem Cell Transplant Ward,6
Endoscopy Suite,ONC General Hematology/Oncology Ward,26
Endoscopy Suite,Adult Mixed Acuity Unit,5
Endoscopy Suite,Exit,11
Pediatric Medical Ward,Operating Room/Suite,61
Pediatric Medical Ward,Surgical Ward,1
Pediatric Medical Ward,Pediatric Cardiothoracic Critical Care,2
Pediatric Medical Ward,Pediatric Medical/Surgical Critical Care,4
Pediatric Medical Ward,Pediatric Step Down Unit (post-critical care),2
Pediatric Medical Ward,ONC General Hematology/Oncology Ward,1
Pediatric Medical Ward,ONC Pediatric Hematopoietic Stem Cell Transplant Ward,1
Pediatric Medical Ward,ONC Pediatric General Hematology/Oncology Ward,1
Pediatric Medical Ward,Exit,206
Medical Ward,Adult Step Down Unit (post-critical care),1
Medical Ward,Endoscopy Suite,57
Medical Ward,Medical/Surgical Ward,1
Medical Ward,Neurology Ward,2
Medical Ward,Operating Room/Suite,79
Medical Ward,Pulmonary Ward,1
Medical Ward,Medical Cardiac Critical Care,27
Medical Ward,Medical Critical Care,9
Medical Ward,Neurologic Critical Care,1
Medical Ward,Surgical Cardiothoracic Critical Care,3
Medical Ward,Surgical Critical Care,5
Medical Ward,ONC Leukemia/Lymphoma Ward,6
Medical Ward,ONC General Hematology/Oncology Ward,6
Medical Ward,Adult Mixed Acuity Unit,3
Medical Ward,Exit,692
Medical/Surgical Ward,Adult Step Down Unit (post-critical care),1
Medical/Surgical Ward,Endoscopy Suite,27
Medical/Surgical Ward,Medical Ward,6
Medical/Surgical Ward,Neurology Ward,2
Medical/Surgical Ward,Operating Room/Suite,151
Medical/Surgical Ward,Pulmonary Ward,6
Medical/Surgical Ward,Surgical Ward,8
Medical/Surgical Ward,Medical Cardiac Critical Care,3
Medical/Surgical Ward,Medical Critical Care,2
Medical/Surgical Ward,Neurologic Critical Care,1
Medical/Surgical Ward,Surgical Cardiothoracic Critical Care,11
Medical/Surgical Ward,Surgical Critical Care,4
Medical/Surgical Ward,ONC Leukemia/Lymphoma Ward,1
Medical/Surgical Ward,ONC General Hematology/Oncology Ward,8
Medical/Surgical Ward,Adult Mixed Acuity Unit,2
Medical/Surgical Ward,Exit,395
Neurology Ward,Endoscopy Suite,3
Neurology Ward,Operating Room/Suite,24
Neurology Ward,Surgical Ward,1
Neurology Ward,Medical Cardiac Critical Care,1
Neurology Ward,Medical Critical Care,1
Neurology Ward,ONC General Hematology/Oncology Ward,1
Neurology Ward,Exit,172
Neurosurgical Ward,Endoscopy Suite,6
Neurosurgical Ward,Medical Ward,1
Neurosurgical Ward,Operating Room/Suite,46
Neurosurgical Ward,Surgical Ward,2
Neurosurgical Ward,Medical Critical Care,1
Neurosurgical Ward,Neurologic Critical Care,9
Neurosurgical Ward,ONC General Hematology/Oncology Ward,1
Neurosurgical Ward,Exit,157
Operating Room/Suite,24-Hour Observation Area,267
Operating Room/Suite,Adult Step Down Unit (post-critical care),32
Operating Room/Suite,Pediatric Medical Ward,126
Operating Room/Suite,Medical Ward,67
Operating Room/Suite,Medical/Surgical Ward,146
Operating Room/Suite,Neurology Ward,70
Operating Room/Suite,Neurosurgical Ward,54
Operating Room/Suite,Postpartum Ward,1
Operating Room/Suite,Pulmonary Ward,10
Operating Room/Suite,Surgical Ward,295
Operating Room/Suite,"Labor, Delivery, Recovery, Postpartum Suite (LDRP)",3
Operating Room/Suite,Medical Cardiac Critical Care,12
Operating Room/Suite,Medical Critical Care,6
Operating Room/Suite,Neurologic Critical Care,110
Operating Room/Suite,Pediatric Cardiothoracic Critical Care,24
Operating Room/Suite,Pediatric Medical/Surgical Critical Care,32
Operating Room/Suite,Pediatric Step Down Unit (post-critical care),5
Operating Room/Suite,Surgical Cardiothoracic Critical Care,237
Operating Room/Suite,Surgical Critical Care,121
Operating Room/Suite,ONC Leukemia/Lymphoma Ward,4
Operating Room/Suite,ONC General Hematology/Oncology Ward,130
Operating Room/Suite,ONC Pediatric Hematopoietic Stem Cell Transplant Ward,21
Operating Room/Suite,ONC Pediatric General Hematology/Oncology Ward,17
Operating Room/Suite,Adult Mixed Acuity Unit,4
Operating Room/Suite,Neonatal Critical Care (Level IV),15
Operating Room/Suite,Exit,924
Postpartum Ward,Operating Room/Suite,1
Postpartum Ward,"Labor, Delivery, Recovery, Postpartum Suite (LDRP)",18
Postpartum Ward,ONC Pediatric General Hematology/Oncology Ward,4
Postpartum Ward,Adult Mixed Acuity Unit,1
Postpartum Ward,Neonatal Critical Care (Level IV),14
Postpartum Ward,Exit,530
Pulmonary Ward,Emergency Department,1
Pulmonary Ward,Endoscopy Suite,17
Pulmonary Ward,Medical Ward,4
Pulmonary Ward,Medical/Surgical Ward,1
Pulmonary Ward,Operating Room/Suite,10
Pulmonary Ward,Surgical Ward,1
Pulmonary Ward,Medical Cardiac Critical Care,1
Pulmonary Ward,Medical Critical Care,5
Pulmonary Ward,Surgical Critical Care,1
Pulmonary Ward,ONC Leukemia/Lymphoma Ward,1
Pulmonary Ward,ONC General Hematology/Oncology Ward,1
Pulmonary Ward,Exit,78
Surgical Ward,Endoscopy Suite,17
Surgical Ward,Medical Ward,2
Surgical Ward,Medical/Surgical Ward,2
Surgical Ward,Operating Room/Suite,140
Surgical Ward,Pulmonary Ward,3
Surgical Ward,Medical Critical Care,3
Surgical Ward,Neurologic Critical Care,1
Surgical Ward,Surgical Critical Care,7
Surgical Ward,ONC General Hematology/Oncology Ward,10
Surgical Ward,Exit,467
"Labor, Delivery, Recovery, Postpartum Suite (LDRP)",Operating Room/Suite,3
"Labor, Delivery, Recovery, Postpartum Suite (LDRP)",Postpartum Ward,399
"Labor, Delivery, Recovery, Postpartum Suite (LDRP)",Surgical Ward,1
"Labor, Delivery, Recovery, Postpartum Suite (LDRP)",Medical Critical Care,2
"Labor, Delivery, Recovery, Postpartum Suite (LDRP)",Surgical Critical Care,2
"Labor, Delivery, Recovery, Postpartum Suite (LDRP)",Neonatal Critical Care (Level IV),17
"Labor, Delivery, Recovery, Postpartum Suite (LDRP)",Exit,59
Medical Cardiac Critical Care,Adult Step Down Unit (post-critical care),2
Medical Cardiac Critical Care,Endoscopy Suite,1
Medical Cardiac Critical Care,Medical Ward,72
Medical Cardiac Critical Care,Medical/Surgical Ward,7
Medical Cardiac Critical Care,Operating Room/Suite,16
Medical Cardiac Critical Care,Pulmonary Ward,1
Medical Cardiac Critical Care,Medical Critical Care,1
Medical Cardiac Critical Care,Neurologic Critical Care,1
Medical Cardiac Critical Care,Surgical Cardiothoracic Critical Care,1
Medical Cardiac Critical Care,ONC Leukemia/Lymphoma Ward,1
Medical Cardiac Critical Care,ONC Hematopoietic Stem Cell Transplant Ward,1
Medical Cardiac Critical Care,Adult Mixed Acuity Unit,4
Medical Cardiac Critical Care,Exit,39
Medical Critical Care,Medical Ward,40
Medical Critical Care,Medical/Surgical Ward,2
Medical Critical Care,Operating Room/Suite,9
Medical Critical Care,Pulmonary Ward,8
Medical Critical Care,Surgical Ward,2
Medical Critical Care,"Labor, Delivery, Recovery, Postpartum Suite (LDRP)",2
Medical Critical Care,Medical Cardiac Critical Care,3
Medical Critical Care,ONC Leukemia/Lymphoma Ward,4
Medical Critical Care,ONC Hematopoietic Stem Cell Transplant Ward,1
Medical Critical Care,ONC General Hematology/Oncology Ward,8
Medical Critical Care,Adult Mixed Acuity Unit,17
Medical Critical Care,Exit,33
Neurologic Critical Care,Medical Ward,21
Neurologic Critical Care,Neurology Ward,13
Neurologic Critical Care,Neurosurgical Ward,46
Neurologic Critical Care,Operating Room/Suite,30
Neurologic Critical Care,Surgical Ward,3
Neurologic Critical Care,Surgical Cardiothoracic Critical Care,1
Neurologic Critical Care,ONC General Hematology/Oncology Ward,4
Neurologic Critical Care,Adult Mixed Acuity Unit,4
Neurologic Critical Care,Exit,74
Pediatric Cardiothoracic Critical Care,Pediatric Medical Ward,1
Pediatric Cardiothoracic Critical Care,Operating Room/Suite,9
Pediatric Cardiothoracic Critical Care,Neurologic Critical Care,1
Pediatric Cardiothoracic Critical Care,Pediatric Medical/Surgical Critical Care,1
Pediatric Cardiothoracic Critical Care,Pediatric Step Down Unit (post-critical care),28
Pediatric Cardiothoracic Critical Care,ONC Pediatric Hematopoietic Stem Cell Transplant Ward,1
Pediatric Cardiothoracic Critical Care,ONC Pediatric General Hematology/Oncology Ward,1
Pediatric Cardiothoracic Critical Care,Exit,14
Pediatric Medical/Surgical Critical Care,Pediatric Medical Ward,26
Pediatric Medical/Surgical Critical Care,Medical Ward,1
Pediatric Medical/Surgical Critical Care,Operating Room/Suite,11
Pediatric Medical/Surgical Critical Care,Surgical Ward,1
Pediatric Medical/Surgical Critical Care,Pediatric Step Down Unit (post-critical care),1
Pediatric Medical/Surgical Critical Care,ONC Pediatric Hematopoietic Stem Cell Transplant Ward,5
Pediatric Medical/Surgical Critical Care,ONC Pediatric General Hematology/Oncology Ward,35
Pediatric Medical/Surgical Critical Care,Exit,17
Pediatric Step Down Unit (post-critical care),Pediatric Medical Ward,7
Pediatric Step Down Unit (post-critical care),Operating Room/Suite,4
Pediatric Step Down Unit (post-critical care),Pediatric Cardiothoracic Critical Care,7
Pediatric Step Down Unit (post-critical care),Pediatric Medical/Surgical Critical Care,1
Pediatric Step Down Unit (post-critical care),Step down Neonatal Nursery (Level II),1
Pediatric Step Down Unit (post-critical care),Exit,45
Step down Neonatal Nursery (Level II),ONC Pediatric General Hematology/Oncology Ward,1
Step down Neonatal Nursery (Level II),Neonatal Critical Care (Level IV),22
Step down Neonatal Nursery (Level II),Exit,20
Surgical Cardiothoracic Critical Care,Adult Step Down Unit (post-critical care),51
Surgical Cardiothoracic Critical Care,Medical Ward,2
Surgical Cardiothoracic Critical Care,Medical/Surgical Ward,146
Surgical Cardiothoracic Critical Care,Operating Room/Suite,57
Surgical Cardiothoracic Critical Care,Pulmonary Ward,1
Surgical Cardiothoracic Critical Care,Medical Cardiac Critical Care,4
Surgical Cardiothoracic Critical Care,Neurologic Critical Care,1
Surgical Cardiothoracic Critical Care,Surgical Critical Care,1
Surgical Cardiothoracic Critical Care,ONC General Hematology/Oncology Ward,2
Surgical Cardiothoracic Critical Care,Adult Mixed Acuity Unit,1
Surgical Cardiothoracic Critical Care,Exit,13
Surgical Critical Care,Medical Ward,10
Surgical Critical Care,Medical/Surgical Ward,10
Surgical Critical Care,Neurology Ward,5
Surgical Critical Care,Operating Room/Suite,62
Surgical Critical Care,Postpartum Ward,1
Surgical Critical Care,Pulmonary Ward,1
Surgical Critical Care,Surgical Ward,53
Surgical Critical Care,"Labor, Delivery, Recovery, Postpartum Suite (LDRP)",2
Surgical Critical Care,Neurologic Critical Care,1
Surgical Critical Care,Surgical Cardiothoracic Critical Care,1
Surgical Critical Care,ONC General Hematology/Oncology Ward,11
Surgical Critical Care,Adult Mixed Acuity Unit,5
Surgical Critical Care,Exit,22
ONC Leukemia/Lymphoma Ward,Endoscopy Suite,2
ONC Leukemia/Lymphoma Ward,Operating Room/Suite,5
ONC Leukemia/Lymphoma Ward,Medical Critical Care,3
ONC Leukemia/Lymphoma Ward,Exit,55
ONC Hematopoietic Stem Cell Transplant Ward,Endoscopy Suite,6
ONC Hematopoietic Stem Cell Transplant Ward,Medical Ward,1
ONC Hematopoietic Stem Cell Transplant Ward,Medical Cardiac Critical Care,2
ONC Hematopoietic Stem Cell Transplant Ward,Neurologic Critical Care,1
ONC Hematopoietic Stem Cell Transplant Ward,ONC Leukemia/Lymphoma Ward,1
ONC Hematopoietic Stem Cell Transplant Ward,ONC General Hematology/Oncology Ward,1
ONC Hematopoietic Stem Cell Transplant Ward,Exit,37
ONC General Hematology/Oncology Ward,Endoscopy Suite,27
ONC General Hematology/Oncology Ward,Medical Ward,1
ONC General Hematology/Oncology Ward,Medical/Surgical Ward,1
ONC General Hematology/Oncology Ward,Operating Room/Suite,39
ONC General Hematology/Oncology Ward,Pulmonary Ward,2
ONC General Hematology/Oncology Ward,Medical Cardiac Critical Care,2
ONC General Hematology/Oncology Ward,Medical Critical Care,3
ONC General Hematology/Oncology Ward,Neurologic Critical Care,1
ONC General Hematology/Oncology Ward,Surgical Critical Care,2
ONC General Hematology/Oncology Ward,ONC Leukemia/Lymphoma Ward,3
ONC General Hematology/Oncology Ward,Exit,356
ONC Pediatric Hematopoietic Stem Cell Transplant Ward,Pediatric Medical Ward,1
ONC Pediatric Hematopoietic Stem Cell Transplant Ward,Operating Room/Suite,10
ONC Pediatric Hematopoietic Stem Cell Transplant Ward,Pediatric Medical/Surgical Critical Care,1
ONC Pediatric Hematopoietic Stem Cell Transplant Ward,ONC Pediatric General Hematology/Oncology Ward,1
ONC Pediatric Hematopoietic Stem Cell Transplant Ward,Exit,41
ONC Pediatric General Hematology/Oncology Ward,Pediatric Medical Ward,1
ONC Pediatric General Hematology/Oncology Ward,Operating Room/Suite,17
ONC Pediatric General Hematology/Oncology Ward,Pediatric Medical/Surgical Critical Care,7
ONC Pediatric General Hematology/Oncology Ward,Exit,193
Adult Mixed Acuity Unit,Endoscopy Suite,5
Adult Mixed Acuity Unit,Medical Ward,5
Adult Mixed Acuity Unit,Medical/Surgical Ward,4
Adult Mixed Acuity Unit,Operating Room/Suite,6
Adult Mixed Acuity Unit,Pulmonary Ward,1
Adult Mixed Acuity Unit,Surgical Ward,1
Adult Mixed Acuity Unit,"Labor, Delivery, Recovery, Postpartum Suite (LDRP)",1
Adult Mixed Acuity Unit,Medical Critical Care,13
Adult Mixed Acuity Unit,Neurologic Critical Care,1
Adult Mixed Acuity Unit,Exit,82
Neonatal Critical Care (Level IV),Pediatric Medical Ward,2
Neonatal Critical Care (Level IV),Operating Room/Suite,15
Neonatal Critical Care (Level IV),Postpartum Ward,12
Neonatal Critical Care (Level IV),Pediatric Cardiothoracic Critical Care,1
Neonatal Critical Care (Level IV),Pediatric Medical/Surgical Critical Care,1
Neonatal Critical Care (Level IV),Step down Neonatal Nursery (Level II),40
Neonatal Critical Care (Level IV),ONC Pediatric Hematopoietic Stem Cell Transplant Ward,2
Neonatal Critical Care (Level IV),ONC Pediatric General Hematology/Oncology Ward,4
Neonatal Critical Care (Level IV),Exit,45
