source,destination,count
Entry,24-Hour Observation Area,90
Entry,Adult Step Down Unit (post-critical care),31
Entry,Ambulatory Surgery Center,572
Entry,Emergency Department,6667
Entry,Endoscopy Suite,40
Entry,Behavioral Health/Psych Ward,41
Entry,Pediatric Medical Ward,44
Entry,Medical Ward,278
Entry,Medical/Surgical Ward,109
Entry,Neurology Ward,58
Entry,Neurosurgical Ward,48
Entry,Operating Room/Suite,1529
Entry,Postpartum Ward,103
Entry,Pulmonary Ward,40
Entry,Surgical Ward,72
Entry,"Labor, Delivery, Recovery, Postpartum Suite (LDRP)",451
Entry,Medical Cardiac Critical Care,39
Entry,Medical Critical Care,26
Entry,Neonatal Critical Care (Level III),60
Entry,Neurologic Critical Care,20
Entry,Pediatric Cardiothoracic Critical Care,18
Entry,Pediatric Medical/Surgical Critical Care,25
Entry,Step down Neonatal Nursery (Level II),4
Entry,Surgical Cardiothoracic Critical Care,21
Entry,Surgical Critical Care,8
Entry,ONC Hematopoietic Stem Cell Transplant Ward,31
Entry,ONC General Hematology/Oncology Ward,194
Entry,ONC Pediatric Hematopoietic Stem Cell Transplant Ward,3
Entry,ONC Pediatric General Hematology/Oncology Ward,81
24-Hour Observation Area,Medical Ward,1
24-Hour Observation Area,Neurosurgical Ward,1
24-Hour Observation Area,Operating Room/Suite,10
24-Hour Observation Area,Surgical Ward,3
24-Hour Observation Area,ONC General Hematology/Oncology Ward,2
24-Hour Observation Area,Exit,209
Adult Step Down Unit (post-critical care),Endoscopy Suite,5
Adult Step Down Unit (post-critical care),Medical Ward,4
Adult Step Down Unit (post-critical care),Medical/Surgical Ward,1
Adult Step Down Unit (post-critical care),Operating Room/Suite,18
Adult Step Down Unit (post-critical care),Pulmonary Ward,1
Adult Step Down Unit (post-critical care),Surgical Ward,2
Adult Step Down Unit (post-critical care),Medical Critical Care,1
Adult Step Down Unit (post-critical care),Surgical Cardiothoracic Critical Care,6
Adult Step Down Unit (post-critical care),ONC General Hematology/Oncology Ward,1
Adult Step Down Unit (post-critical care),Exit,81
Ambulatory Surgery Center,Medical/Surgical Ward,2
Ambulatory Surgery Center,Operating Room/Suite,2
Ambulatory Surgery Center,Exit,568
Emergency Department,Adult Step Down Unit (post-critical care),12
Emergency Department,Endoscopy Suite,4
Emergency Department,Pediatric Medical Ward,71
Emergency Department,Medical Ward,435
Emergency Department,Medical/Surgical Ward,69
Emergency Department,Neurology Ward,80
Emergency Department,Neurosurgical Ward,67
Emergency Department,Operating Room/Suite,91
Emergency Department,Postpartum Ward,2
Emergency Department,Pulmonary Ward,74
Emergency Department,Surgical Ward,171
Emergency Department,"Labor, Delivery, Recovery, Postpartum Suite (LDRP)",2
Emergency Department,Medical Cardiac Critical Care,33
Emergency Department,Medical Critical Care,65
Emergency Department,Neonatal Critical Care (Level III),1
Emergency Department,Neurologic Critical Care,39
Emergency Department,Pediatric Cardiothoracic Critical Care,5
Emergency Department,Pediatric Medical/Surgical Critical Care,23
Emergency Department,Surgical Cardiothoracic Critical Care,7
Emergency Department,Surgical Critical Care,22
Emergency Department,ONC Hematopoietic Stem Cell Transplant Ward,10
Emergency Department,ONC General Hematology/Oncology Ward,240
Emergency Department,ONC Pediatric General Hematology/Oncology Ward,95
Emergency Department,Exit,4986
Endoscopy Suite,Adult Step Down Unit (post-critical care),5
Endoscopy Suite,Emergency Department,4
Endoscopy Suite,Medical Ward,30
Endoscopy Suite,Medical/Surgical Ward,22
Endoscopy Suite,Neurology Ward,5
Endoscopy Suite,Neurosurgical Ward,3
Endoscopy Suite,Pulmonary Ward,17
Endoscopy Suite,Surgical Ward,8
Endoscopy Suite,ONC Hematopoietic Stem Cell Transplant Ward,6
Endoscopy Suite,ONC General Hematology/Oncology Ward,21
Endoscopy Suite,ONC Pediatric General Hematology/Oncology Ward,1
Endoscopy Suite,Exit,24
Behavioral Health/Psych Ward,Exit,38
Pediatric Medical Ward,Operating Room/Suite,28
Pediatric Medical Ward,Pediatric Cardiothoracic Critical Care,8
Pediatric Medical Ward,Pediatric Medical/Surgical Critical Care,7
Pediatric Medical Ward,ONC Pediatric General Hematology/Oncology Ward,14
Pediatric Medical Ward,Exit,159
Medical Ward,Endoscopy Suite,26
Medical Ward,Medical/Surgical Ward,1
Medical Ward,Neurology Ward,1
Medical Ward,Neurosurgical Ward,1
Medical Ward,Operating Room/Suite,84
Medical Ward,Pulmonary Ward,2
Medical Ward,Medical Cardiac Critical Care,31
Medical Ward,Medical Critical Care,19
Medical Ward,Surgical Cardiothoracic Critical Care,3
Medical Ward,Surgical Critical Care,3
Medical Ward,ONC General Hematology/Oncology Ward,2
Medical Ward,Exit,681
Medical/Surgical Ward,Adult Step Down Unit (post-critical care),3
Medical/Surgical Ward,Endoscopy Suite,19
Medical/Surgical Ward,Medical Ward,4
Medical/Surgical Ward,Neurology Ward,2
Medical/Surgical Ward,Operating Room/Suite,90
Medical/Surgical Ward,Pulmonary Ward,4
Medical/Surgical Ward,Surgical Ward,32
Medical/Surgical Ward,Medical Cardiac Critical Care,1
Medical/Surgical Ward,Medical Critical Care,1
Medical/Surgical Ward,Surgical Cardiothoracic Critical Care,15
Medical/Surgical Ward,Surgical Critical Care,4
Medical/Surgical Ward,ONC Hematopoietic Stem Cell Transplant Ward,1
Medical/Surgical Ward,ONC General Hematology/Oncology Ward,4
Medical/Surgical Ward,Exit,246
Neurology Ward,Endoscopy Suite,5
Neurology Ward,Medical Ward,4
Neurology Ward,Operating Room/Suite,33
Neurology Ward,Pulmonary Ward,1
Neurology Ward,Surgical Ward,1
Neurology Ward,Neurologic Critical Care,2
Neurology Ward,Surgical Cardiothoracic Critical Care,1
Neurology Ward,ONC General Hematology/Oncology Ward,1
Neurology Ward,Exit,180
Neurosurgical Ward,Emergency Department,1
Neurosurgical Ward,Endoscopy Suite,2
Neurosurgical Ward,Medical Ward,2
Neurosurgical Ward,Neurology Ward,2
Neurosurgical Ward,Operating Room/Suite,46
Neurosurgical Ward,Surgical Ward,1
Neurosurgical Ward,Medical Cardiac Critical Care,1
Neurosurgical Ward,Medical Critical Care,4
Neurosurgical Ward,Neurologic Critical Care,6
Neurosurgical Ward,Surgical Critical Care,2
Neurosurgical Ward,ONC General Hematology/Oncology Ward,2
Neurosurgical Ward,Exit,158
Operating Room/Suite,24-Hour Observation Area,136
Operating Room/Suite,Adult Step Down Unit (post-critical care),27
Operating Room/Suite,Pediatric Medical Ward,62
Operating Room/Suite,Medical Ward,54
Operating Room/Suite,Medical/Surgical Ward,124
Operating Room/Suite,Neurology Ward,81
Operating Room/Suite,Neurosurgical Ward,66
Operating Room/Suite,Postpartum Ward,5
Operating Room/Suite,Pulmonary Ward,6
Operating Room/Suite,Surgical Ward,332
Operating Room/Suite,"Labor, Delivery, Recovery, Postpartum Suite (LDRP)",1
Operating Room/Suite,Medical Cardiac Critical Care,3
Operating Room/Suite,Medical Critical Care,6
Operating Room/Suite,Neonatal Critical Care (Level III),9
Operating Room/Suite,Neurologic Critical Care,49
Operating Room/Suite,Pediatric Cardiothoracic Critical Care,14
Operating Room/Suite,Pediatric Medical/Surgical Critical Care,29
Operating Room/Suite,Surgical Cardiothoracic Critical Care,171
Operating Room/Suite,Surgical Critical Care,76
Operating Room/Suite,ONC Hematopoietic Stem Cell Transplant Ward,1
Operating Room/Suite,ONC General Hematology/Oncology Ward,145
Operating Room/Suite,ONC Pediatric Hematopoietic Stem Cell Transplant Ward,17
Operating Room/Suite,ONC Pediatric General Hematology/Oncology Ward,16
Operating Room/Suite,Exit,746
Postpartum Ward,Operating Room/Suite,5
Postpartum Ward,"Labor, Delivery, Recovery, Postpartum Suite (LDRP)",15
Postpartum Ward,Neonatal Critical Care (Level III),10
Postpartum Ward,ONC General Hematology/Oncology Ward,2
Postpartum Ward,ONC Pediatric General Hematology/Oncology Ward,2
Postpartum Ward,Exit,419
Pulmonary Ward,Endoscopy Suite,14
Pulmonary Ward,Medical Ward,1
Pulmonary Ward,Operating Room/Suite,6
Pulmonary Ward,Medical Cardiac Critical Care,2
Pulmonary Ward,Medical Critical Care,15
Pulmonary Ward,ONC General Hematology/Oncology Ward,2
Pulmonary Ward,Exit,108
Surgical Ward,Endoscopy Suite,6
Surgical Ward,Medical Ward,8
Surgical Ward,Medical/Surgical Ward,1
Surgical Ward,Neurology Ward,3
Surgical Ward,Operating Room/Suite,89
Surgical Ward,Medical Cardiac Critical Care,1
Surgical Ward,Medical Critical Care,4
Surgical Ward,Neurologic Critical Care,1
Surgical Ward,Surgical Cardiothoracic Critical Care,1
Surgical Ward,Surgical Critical Care,12
Surgical Ward,ONC General Hematology/Oncology Ward,7
Surgical Ward,Exit,477
"Labor, Delivery, Recovery, Postpartum Suite (LDRP)",Postpartum Ward,368
"Labor, Delivery, Recovery, Postpartum Suite (LDRP)",Medical Critical Care,1
"Labor, Delivery, Recovery, Postpartum Suite (LDRP)",Neonatal Critical Care (Level III),31
"Labor, Delivery, Recovery, Postpartum Suite (LDRP)",ONC General Hematology/Oncology Ward,1
"Labor, Delivery, Recovery, Postpartum Suite (LDRP)",Exit,66
Medical Cardiac Critical Care,Medical Ward,69
Medical Cardiac Critical Care,Medical/Surgical Ward,6
Medical Cardiac Critical Care,Neurology Ward,1
Medical Cardiac Critical Care,Operating Room/Suite,8
Medical Cardiac Critical Care,Pulmonary Ward,1
Medical Cardiac Critical Care,Surgical Ward,2
Medical Cardiac Critical Care,Medical Critical Care,2
Medical Cardiac Critical Care,Surgical Cardiothoracic Critical Care,3
Medical Cardiac Critical Care,ONC General Hematology/Oncology Ward,2
Medical Cardiac Critical Care,Exit,15
Medical Critical Care,Medical Ward,66
Medical Critical Care,Medical/Surgical Ward,2
Medical Critical Care,Neurosurgical Ward,6
Medical Critical Care,Operating Room/Suite,4
Medical Critical Care,Pulmonary Ward,17
Medical Critical Care,"Labor, Delivery, Recovery, Postpartum Suite (LDRP)",1
Medical Critical Care,Medical Cardiac Critical Care,1
Medical Critical Care,Neurologic Critical Care,1
Medical Critical Care,Surgical Cardiothoracic Critical Care,2
Medical Critical Care,ONC General Hematology/Oncology Ward,10
Medical Critical Care,Exit,32
Neonatal Critical Care (Level III),Operating Room/Suite,7
Neonatal Critical Care (Level III),Postpartum Ward,7
Neonatal Critical Care (Level III),Pediatric Cardiothoracic Critical Care,1
Neonatal Critical Care (Level III),Step down Neonatal Nursery (Level II),26
Neonatal Critical Care (Level III),Exit,46
Neurologic Critical Care,Medical Ward,2
Neurologic Critical Care,Neurology Ward,12
Neurologic Critical Care,Neurosurgical Ward,49
Neurologic Critical Care,Operating Room/Suite,4
Neurologic Critical Care,Surgical Ward,1
Neurologic Critical Care,Medical Critical Care,1
Neurologic Critical Care,Surgical Critical Care,5
Neurologic Critical Care,ONC General Hematology/Oncology Ward,3
Neurologic Critical Care,Exit,29
Pediatric Cardiothoracic Critical Care,Pediatric Medical Ward,26
Pediatric Cardiothoracic Critical Care,Operating Room/Suite,3
Pediatric Cardiothoracic Critical Care,Neonatal Critical Care (Level III),1
Pediatric Cardiothoracic Critical Care,Pediatric Medical/Surgical Critical Care,2
Pediatric Cardiothoracic Critical Care,ONC Pediatric General Hematology/Oncology Ward,3
Pediatric Cardiothoracic Critical Care,Exit,3
Pediatric Medical/Surgical Critical Care,Pediatric Medical Ward,38
Pediatric Medical/Surgical Critical Care,Neurosurgical Ward,1
Pediatric Medical/Surgical Critical Care,Operating Room/Suite,1
Pediatric Medical/Surgical Critical Care,Pediatric Cardiothoracic Critical Care,1
Pediatric Medical/Surgical Critical Care,ONC Pediatric General Hematology/Oncology Ward,38
Pediatric Medical/Surgical Critical Care,Exit,10
Step down Neonatal Nursery (Level II),Neonatal Critical Care (Level III),5
Step down Neonatal Nursery (Level II),Exit,13
Surgical Cardiothoracic Critical Care,Adult Step Down Unit (post-critical care),55
Surgical Cardiothoracic Critical Care,Medical Ward,1
Surgical Cardiothoracic Critical Care,Medical/Surgical Ward,121
Surgical Cardiothoracic Critical Care,Operating Room/Suite,14
Surgical Cardiothoracic Critical Care,Surgical Ward,1
Surgical Cardiothoracic Critical Care,Medical Cardiac Critical Care,3
Surgical Cardiothoracic Critical Care,Medical Critical Care,4
Surgical Cardiothoracic Critical Care,Neurologic Critical Care,1
Surgical Cardiothoracic Critical Care,Surgical Critical Care,1
Surgical Cardiothoracic Critical Care,Exit,10
Surgical Critical Care,Medical Ward,9
Surgical Critical Care,Medical/Surgical Ward,6
Surgical Critical Care,Neurology Ward,7
Surgical Critical Care,Neurosurgical Ward,7
Surgical Critical Care,Operating Room/Suite,11
Surgical Critical Care,Surgical Ward,59
Surgical Critical Care,Medical Cardiac Critical Care,1
Surgical Critical Care,Medical Critical Care,2
Surgical Critical Care,Neurologic Critical Care,3
Surgical Critical Care,ONC Hematopoietic Stem Cell Transplant Ward,1
Surgical Critical Care,ONC General Hematology/Oncology Ward,3
Surgical Critical Care,Exit,13
ONC Hematopoietic Stem Cell Transplant Ward,Endoscopy Suite,5
ONC Hematopoietic Stem Cell Transplant Ward,Medical Ward,3
ONC Hematopoietic Stem Cell Transplant Ward,Operating Room/Suite,6
ONC Hematopoietic Stem Cell Transplant Ward,Medical Critical Care,1
ONC Hematopoietic Stem Cell Transplant Ward,ONC General Hematology/Oncology Ward,3
ONC Hematopoietic Stem Cell Transplant Ward,Exit,26
ONC General Hematology/Oncology Ward,Endoscopy Suite,19
ONC General Hematology/Oncology Ward,Medical Ward,3
ONC General Hematology/Oncology Ward,Medical/Surgical Ward,1
ONC General Hematology/Oncology Ward,Neurosurgical Ward,2
ONC General Hematology/Oncology Ward,Operating Room/Suite,71
ONC General Hematology/Oncology Ward,Pulmonary Ward,5
ONC General Hematology/Oncology Ward,Surgical Ward,1
ONC General Hematology/Oncology Ward,Medical Cardiac Critical Care,4
ONC General Hematology/Oncology Ward,Medical Critical Care,8
ONC General Hematology/Oncology Ward,Neurologic Critical Care,1
ONC General Hematology/Oncology Ward,Surgical Critical Care,2
ONC General Hematology/Oncology Ward,Exit,471
ONC Pediatric Hematopoietic Stem Cell Transplant Ward,Operating Room/Suite,3
ONC Pediatric Hematopoietic Stem Cell Transplant Ward,Exit,8
ONC Pediatric General Hematology/Oncology Ward,Endoscopy Suite,1
ONC Pediatric General Hematology/Oncology Ward,Pediatric Medical Ward,2
ONC Pediatric General Hematology/Oncology Ward,Operating Room/Suite,15
ONC Pediatric General Hematology/Oncology Ward,Pediatric Medical/Surgical Critical Care,8
ONC Pediatric General Hematology/Oncology Ward,ONC Pediatric Hematopoietic Stem Cell Transplant Ward,1
ONC Pediatric General Hematology/Oncology Ward,Exit,202
