source,destination,count
Entry,24-Hour Observation Area,92
Entry,Adult Step Down Unit (post-critical care),15
Entry,Ambulatory Surgery Center,626
Entry,Emergency Department,6284
Entry,Endoscopy Suite,26
Entry,Behavioral Health/Psych Ward,45
Entry,Pediatric Medical Ward,34
Entry,Medical Ward,205
Entry,Medical/Surgical Ward,135
Entry,Neurology Ward,40
Entry,Neurosurgical Ward,42
Entry,Operating Room/Suite,1647
Entry,Postpartum Ward,124
Entry,Pulmonary Ward,44
Entry,Surgical Ward,64
Entry,"Labor, Delivery, Recovery, Postpartum Suite (LDRP)",438
Entry,Medical Cardiac Critical Care,45
Entry,Medical Critical Care,21
Entry,Neonatal Critical Care (Level III),56
Entry,Neurologic Critical Care,19
Entry,Pediatric Cardiothoracic Critical Care,8
Entry,Pediatric Medical/Surgical Critical Care,20
Entry,Pediatric Step Down Unit (post-critical care),4
Entry,Step down Neonatal Nursery (Level II),3
Entry,Surgical Cardiothoracic Critical Care,18
Entry,Surgical Critical Care,5
Entry,ONC Hematopoietic Stem Cell Transplant Ward,35
Entry,ONC General Hematology/Oncology Ward,195
Entry,ONC Pediatric Hematopoietic Stem Cell Transplant Ward,8
Entry,ONC Pediatric General Hematology/Oncology Ward,75
24-Hour Observation Area,Medical Ward,9
24-Hour Observation Area,Medical/Surgical Ward,1
24-Hour Observation Area,Operating Room/Suite,10
24-Hour Observation Area,Surgical Ward,2
24-Hour Observation Area,ONC General Hematology/Oncology Ward,2
24-Hour Observation Area,Exit,206
Adult Step Down Unit (post-critical care),Endoscopy Suite,4
Adult Step Down Unit (post-critical care),Medical Ward,3
Adult Step Down Unit (post-critical care),Operating Room/Suite,14
Adult Step Down Unit (post-critical care),Surgical Ward,1
Adult Step Down Unit (post-critical care),Surgical Cardiothoracic Critical Care,9
Adult Step Down Unit (post-critical care),Surgical Critical Care,1
Adult Step Down Unit (post-critical care),Exit,89
Ambulatory Surgery Center,Operating Room/Suite,1
Ambulatory Surgery Center,Exit,625
Emergency Department,24-Hour Observation Area,1
Emergency Department,Adult Step Down Unit (post-critical care),12
Emergency Department,Endoscopy Suite,6
Emergency Department,Pediatric Medical Ward,59
Emergency Department,Medical Ward,467
Emergency Department,Medical/Surgical Ward,54
Emergency Department,Neurology Ward,53
Emergency Department,Neurosurgical Ward,83
Emergency Department,Operating Room/Suite,108
Emergency Department,Pulmonary Ward,49
Emergency Department,Surgical Ward,140
Emergency Department,"Labor, Delivery, Recovery, Postpartum Suite (LDRP)",2
Emergency Department,Medical Cardiac Critical Care,45
Emergency Department,Medical Critical Care,68
Emergency Department,Neurologic Critical Care,25
Emergency Department,Pediatric Cardiothoracic Critical Care,5
Emergency Department,Pediatric Medical/Surgical Critical Care,20
Emergency Department,Pediatric Step Down Unit (post-critical care),3
Emergency Department,Surgical Cardiothoracic Critical Care,2
Emergency Department,Surgical Critical Care,26
Emergency Department,ONC Hematopoietic Stem Cell Transplant Ward,9
Emergency Department,ONC General Hematology/Oncology Ward,184
Emergency Department,ONC Pediatric General Hematology/Oncology Ward,91
Emergency Department,Exit,4777
Endoscopy Suite,Adult Step Down Unit (post-critical care),4
Endoscopy Suite,Emergency Department,3
Endoscopy Suite,Pediatric Medical Ward,1
Endoscopy Suite,Medical Ward,41
Endoscopy Suite,Medical/Surgical Ward,27
Endoscopy Suite,Neurology Ward,1
Endoscopy Suite,Pulmonary Ward,17
Endoscopy Suite,Surgical Ward,5
Endoscopy Suite,Medical Critical Care,1
Endoscopy Suite,ONC Hematopoietic Stem Cell Transplant Ward,6
Endoscopy Suite,ONC General Hematology/Oncology Ward,29
Endoscopy Suite,Exit,26
Behavioral Health/Psych Ward,Exit,46
Pediatric Medical Ward,Endoscopy Suite,1
Pediatric Medical Ward,Operating Room/Suite,24
Pediatric Medical Ward,Pediatric Cardiothoracic Critical Care,4
Pediatric Medical Ward,Pediatric Medical/Surgical Critical Care,8
Pediatric Medical Ward,Pediatric Step Down Unit (post-critical care),10
Pediatric Medical Ward,ONC Pediatric General Hematology/Oncology Ward,6
Pediatric Medical Ward,Exit,174
Medical Ward,Emergency Department,1
Medical Ward,Endoscopy Suite,39
Medical Ward,Medical/Surgical Ward,1
Medical Ward,Neurosurgical Ward,1
Medical Ward,Operating Room/Suite,67
Medical Ward,Pulmonary Ward,6
Medical Ward,Surgical Ward,3
Medical Ward,Medical Cardiac Critical Care,21
Medical Ward,Medical Critical Care,15
Medical Ward,Neurologic Critical Care,1
Medical Ward,Surgical Cardiothoracic Critical Care,2
Medical Ward,Surgical Critical Care,5
Medical Ward,ONC General Hematology/Oncology Ward,9
Medical Ward,Exit,819
Medical/Surgical Ward,Adult Step Down Unit (post-critical care),1
Medical/Surgical Ward,Endoscopy Suite,28
Medical/Surgical Ward,Medical Ward,14
Medical/Surgical Ward,Neurosurgical Ward,1
Medical/Surgical Ward,Operating Room/Suite,119
Medical/Surgical Ward,Pulmonary Ward,4
Medical/Surgical Ward,Surgical Ward,26
Medical/Surgical Ward,Medical Cardiac Critical Care,2
Medical/Surgical Ward,Medical Critical Care,3
Medical/Surgical Ward,Surgical Cardiothoracic Critical Care,21
Medical/Surgical Ward,Surgical Critical Care,1
Medical/Surgical Ward,ONC General Hematology/Oncology Ward,4
Medical/Surgical Ward,Exit,270
Neurology Ward,Endoscopy Suite,1
Neurology Ward,Medical Ward,2
Neurology Ward,Neurosurgical Ward,1
Neurology Ward,Operating Room/Suite,34
Neurology Ward,Surgical Ward,3
Neurology Ward,Medical Critical Care,2
Neurology Ward,Neurologic Critical Care,1
Neurology Ward,ONC General Hematology/Oncology Ward,1
Neurology Ward,Exit,167
Neurosurgical Ward,Medical Ward,1
Neurosurgical Ward,Medical/Surgical Ward,1
Neurosurgical Ward,Operating Room/Suite,69
Neurosurgical Ward,Surgical Ward,1
Neurosurgical Ward,Medical Critical Care,1
Neurosurgical Ward,Neurologic Critical Care,8
Neurosurgical Ward,Exit,190
Operating Room/Suite,24-Hour Observation Area,145
Operating Room/Suite,Adult Step Down Unit (post-critical care),31
Operating Room/Suite,Endoscopy Suite,1
Operating Room/Suite,Pediatric Medical Ward,61
Operating Room/Suite,Medical Ward,54
Operating Room/Suite,Medical/Surgical Ward,105
Operating Room/Suite,Neurology Ward,98
Operating Room/Suite,Neurosurgical Ward,70
Operating Room/Suite,Postpartum Ward,2
Operating Room/Suite,Pulmonary Ward,5
Operating Room/Suite,Surgical Ward,387
Operating Room/Suite,"Labor, Delivery, Recovery, Postpartum Suite (LDRP)",1
Operating Room/Suite,Medical Cardiac Critical Care,4
Operating Room/Suite,Medical Critical Care,7
Operating Room/Suite,Neonatal Critical Care (Level III),8
Operating Room/Suite,Neurologic Critical Care,55
Operating Room/Suite,Pediatric Cardiothoracic Critical Care,11
Operating Room/Suite,Pediatric Medical/Surgical Critical Care,25
Operating Room/Suite,Pediatric Step Down Unit (post-critical care),11
Operating Room/Suite,Step down Neonatal Nursery (Level II),1
Operating Room/Suite,Surgical Cardiothoracic Critical Care,193
Operating Room/Suite,Surgical Critical Care,76
Operating Room/Suite,ONC Hematopoietic Stem Cell Transplant Ward,2
Operating Room/Suite,ONC General Hematology/Oncology Ward,141
Operating Room/Suite,ONC Pediatric Hematopoietic Stem Cell Transplant Ward,9
Operating Room/Suite,ONC Pediatric General Hematology/Oncology Ward,28
Operating Room/Suite,Exit,834
Postpartum Ward,Operating Room/Suite,2
Postpartum Ward,"Labor, Delivery, Recovery, Postpartum Suite (LDRP)",21
Postpartum Ward,Neonatal Critical Care (Level III),4
Postpartum Ward,ONC Pediatric General Hematology/Oncology Ward,2
Postpartum Ward,Exit,474
Pulmonary Ward,Endoscopy Suite,14
Pulmonary Ward,Medical Ward,4
Pulmonary Ward,Operating Room/Suite,5
Pulmonary Ward,Medical Cardiac Critical Care,3
Pulmonary Ward,Medical Critical Care,4
Pulmonary Ward,Surgical Critical Care,1
Pulmonary Ward,ONC General Hematology/Oncology Ward,1
Pulmonary Ward,Exit,117
Surgical Ward,Adult Step Down Unit (post-critical care),1
Surgical Ward,Endoscopy Suite,5
Surgical Ward,Medical Ward,9
Surgical Ward,Operating Room/Suite,120
Surgical Ward,Pulmonary Ward,1
Surgical Ward,Medical Critical Care,3
Surgical Ward,Surgical Cardiothoracic Critical Care,2
Surgical Ward,Surgical Critical Care,4
Surgical Ward,ONC General Hematology/Oncology Ward,9
Surgical Ward,Exit,536
"Labor, Delivery, Recovery, Postpartum Suite (LDRP)",Operating Room/Suite,1
"Labor, Delivery, Recovery, Postpartum Suite (LDRP)",Postpartum Ward,358
"Labor, Delivery, Recovery, Postpartum Suite (LDRP)",Neonatal Critical Care (Level III),15
"Labor, Delivery, Recovery, Postpartum Suite (LDRP)",Pediatric Cardiothoracic Critical Care,2
"Labor, Delivery, Recovery, Postpartum Suite (LDRP)",Surgical Critical Care,2
"Labor, Delivery, Recovery, Postpartum Suite (LDRP)",ONC Pediatric General Hematology/Oncology Ward,1
"Labor, Delivery, Recovery, Postpartum Suite (LDRP)",Exit,83
Medical Cardiac Critical Care,Adult Step Down Unit (post-critical care),1
Medical Cardiac Critical Care,Medical Ward,86
Medical Cardiac Critical Care,Medical/Surgical Ward,5
Medical Cardiac Critical Care,Operating Room/Suite,11
Medical Cardiac Critical Care,Pulmonary Ward,2
Medical Cardiac Critical Care,Medical Critical Care,4
Medical Cardiac Critical Care,Surgical Cardiothoracic Critical Care,5
Medical Cardiac Critical Care,Surgical Critical Care,1
Medical Cardiac Critical Care,ONC General Hematology/Oncology Ward,1
Medical Cardiac Critical Care,Exit,13
Medical Critical Care,Medical Ward,58
Medical Critical Care,Medical/Surgical Ward,3
Medical Critical Care,Neurology Ward,4
Medical Critical Care,Neurosurgical Ward,3
Medical Critical Care,Operating Room/Suite,3
Medical Critical Care,Pulmonary Ward,16
Medical Critical Care,Surgical Ward,8
Medical Critical Care,Neurologic Critical Care,1
Medical Critical Care,Surgical Critical Care,3
Medical Critical Care,ONC Hematopoietic Stem Cell Transplant Ward,1
Medical Critical Care,ONC General Hematology/Oncology Ward,9
Medical Critical Care,Exit,37
Neonatal Critical Care (Level III),Pediatric Medical Ward,1
Neonatal Critical Care (Level III),Operating Room/Suite,7
Neonatal Critical Care (Level III),Postpartum Ward,2
Neonatal Critical Care (Level III),"Labor, Delivery, Recovery, Postpartum Suite (LDRP)",1
Neonatal Critical Care (Level III),Step down Neonatal Nursery (Level II),29
Neonatal Critical Care (Level III),Exit,43
Neurologic Critical Care,Medical Ward,2
Neurologic Critical Care,Neurology Ward,12
Neurologic Critical Care,Neurosurgical Ward,67
Neurologic Critical Care,Operating Room/Suite,1
Neurologic Critical Care,Medical Critical Care,5
Neurologic Critical Care,ONC General Hematology/Oncology Ward,2
Neurologic Critical Care,Exit,24
Pediatric Cardiothoracic Critical Care,Pediatric Medical Ward,16
Pediatric Cardiothoracic Critical Care,Medical/Surgical Ward,1
Pediatric Cardiothoracic Critical Care,Operating Room/Suite,4
Pediatric Cardiothoracic Critical Care,Pediatric Step Down Unit (post-critical care),10
Pediatric Cardiothoracic Critical Care,ONC Pediatric General Hematology/Oncology Ward,1
Pediatric Cardiothoracic Critical Care,Exit,5
Pediatric Medical/Surgical Critical Care,Pediatric Medical Ward,30
Pediatric Medical/Surgical Critical Care,Operating Room/Suite,3
Pediatric Medical/Surgical Critical Care,Pediatric Cardiothoracic Critical Care,1
Pediatric Medical/Surgical Critical Care,Pediatric Step Down Unit (post-critical care),7
Pediatric Medical/Surgical Critical Care,ONC Pediatric Hematopoietic Stem Cell Transplant Ward,1
Pediatric Medical/Surgical Critical Care,ONC Pediatric General Hematology/Oncology Ward,22
Pediatric Medical/Surgical Critical Care,Exit,16
Pediatric Step Down Unit (post-critical care),Pediatric Medical Ward,10
Pediatric Step Down Unit (post-critical care),Operating Room/Suite,4
Pediatric Step Down Unit (post-critical care),Pediatric Cardiothoracic Critical Care,2
Pediatric Step Down Unit (post-critical care),Pediatric Medical/Surgical Critical Care,3
Pediatric Step Down Unit (post-critical care),ONC Pediatric General Hematology/Oncology Ward,4
Pediatric Step Down Unit (post-critical care),Exit,12
Step down Neonatal Nursery (Level II),Operating Room/Suite,2
Step down Neonatal Nursery (Level II),Neonatal Critical Care (Level III),8
Step down Neonatal Nursery (Level II),Exit,23
Surgical Cardiothoracic Critical Care,Adult Step Down Unit (post-critical care),57
Surgical Cardiothoracic Critical Care,Medical/Surgical Ward,153
Surgical Cardiothoracic Critical Care,Operating Room/Suite,14
Surgical Cardiothoracic Critical Care,Pulmonary Ward,2
Surgical Cardiothoracic Critical Care,Medical Cardiac Critical Care,5
Surgical Cardiothoracic Critical Care,Medical Critical Care,1
Surgical Cardiothoracic Critical Care,Surgical Critical Care,2
Surgical Cardiothoracic Critical Care,Exit,11
Surgical Critical Care,Adult Step Down Unit (post-critical care),1
Surgical Critical Care,Medical Ward,17
Surgical Critical Care,Medical/Surgical Ward,6
Surgical Critical Care,Neurology Ward,7
Surgical Critical Care,Neurosurgical Ward,7
Surgical Critical Care,Operating Room/Suite,14
Surgical Critical Care,Pulmonary Ward,1
Surgical Critical Care,Surgical Ward,54
Surgical Critical Care,"Labor, Delivery, Recovery, Postpartum Suite (LDRP)",1
Surgical Critical Care,Medical Cardiac Critical Care,1
Surgical Critical Care,Medical Critical Care,3
Surgical Critical Care,Surgical Cardiothoracic Critical Care,2
Surgical Critical Care,ONC General Hematology/Oncology Ward,4
Surgical Critical Care,Exit,10
ONC Hematopoietic Stem Cell Transplant Ward,Endoscopy Suite,6
ONC Hematopoietic Stem Cell Transplant Ward,Operating Room/Suite,1
ONC Hematopoietic Stem Cell Transplant Ward,Medical Critical Care,1
ONC Hematopoietic Stem Cell Transplant Ward,ONC General Hematology/Oncology Ward,7
ONC Hematopoietic Stem Cell Transplant Ward,Exit,38
ONC General Hematology/Oncology Ward,Endoscopy Suite,30
ONC General Hematology/Oncology Ward,Medical Ward,5
ONC General Hematology/Oncology Ward,Operating Room/Suite,50
ONC General Hematology/Oncology Ward,Pulmonary Ward,1
ONC General Hematology/Oncology Ward,Surgical Ward,1
ONC General Hematology/Oncology Ward,Medical Cardiac Critical Care,3
ONC General Hematology/Oncology Ward,Medical Critical Care,5
ONC General Hematology/Oncology Ward,Neurologic Critical Care,1
ONC General Hematology/Oncology Ward,Surgical Critical Care,2
ONC General Hematology/Oncology Ward,Exit,500
ONC Pediatric Hematopoietic Stem Cell Transplant Ward,Operating Room/Suite,7
ONC Pediatric Hematopoietic Stem Cell Transplant Ward,Pediatric Medical/Surgical Critical Care,1
ONC Pediatric Hematopoietic Stem Cell Transplant Ward,ONC Pediatric General Hematology/Oncology Ward,1
ONC Pediatric Hematopoietic Stem Cell Transplant Ward,Exit,11
ONC Pediatric General Hematology/Oncology Ward,Pediatric Medical Ward,5
ONC Pediatric General Hematology/Oncology Ward,Medical Ward,2
ONC Pediatric General Hematology/Oncology Ward,Operating Room/Suite,23
ONC Pediatric General Hematology/Oncology Ward,Pediatric Cardiothoracic Critical Care,1
ONC Pediatric General Hematology/Oncology Ward,Pediatric Medical/Surgical Critical Care,3
ONC Pediatric General Hematology/Oncology Ward,Exit,204
