source,destination,count
Entry,24-Hour Observation Area,85
Entry,Adult Step Down Unit (post-critical care),28
Entry,Ambulatory Surgery Center,551
Entry,Emergency Department,6822
Entry,Endoscopy Suite,27
Entry,Behavioral Health/Psych Ward,48
Entry,Pediatric Medical Ward,53
Entry,Medical Ward,281
Entry,Medical/Surgical Ward,129
Entry,Neurology Ward,46
Entry,Neurosurgical Ward,52
Entry,Operating Room/Suite,1605
Entry,Postpartum Ward,136
Entry,Pulmonary Ward,53
Entry,Surgical Ward,68
Entry,"Labor, Delivery, Recovery, Postpartum Suite (LDRP)",444
Entry,Medical Cardiac Critical Care,45
Entry,Medical Critical Care,42
Entry,Neonatal Critical Care (Level III),35
Entry,Neurologic Critical Care,20
Entry,Pediatric Cardiothoracic Critical Care,13
Entry,Pediatric Medical/Surgical Critical Care,16
Entry,Pediatric Step Down Unit (post-critical care),5
Entry,Surgical Cardiothoracic Critical Care,24
Entry,Surgical Critical Care,7
Entry,ONC Hematopoietic Stem Cell Transplant Ward,35
Entry,ONC General Hematology/Oncology Ward,203
Entry,ONC Pediatric Hematopoietic Stem Cell Transplant Ward,9
Entry,ONC Pediatric General Hematology/Oncology Ward,95
24-Hour Observation Area,Medical Ward,3
24-Hour Observation Area,Medical/Surgical Ward,2
24-Hour Observation Area,Operating Room/Suite,11
24-Hour Observation Area,Surgical Ward,4
24-Hour Observation Area,Surgical Critical Care,1
24-Hour Observation Area,ONC General Hematology/Oncology Ward,3
24-Hour Observation Area,Exit,197
Adult Step Down Unit (post-critical care),Endoscopy Suite,5
Adult Step Down Unit (post-critical care),Medical Ward,2
Adult Step Down Unit (post-critical care),Operating Room/Suite,31
Adult Step Down Unit (post-critical care),Pulmonary Ward,1
Adult Step Down Unit (post-critical care),Surgical Ward,1
Adult Step Down Unit (post-critical care),Medical Critical Care,1
Adult Step Down Unit (post-critical care),Surgical Cardiothoracic Critical Care,7
Adult Step Down Unit (post-critical care),ONC General Hematology/Oncology Ward,2
Adult Step Down Unit (post-critical care),Exit,93
Ambulatory Surgery Center,Operating Room/Suite,2
Ambulatory Surgery Center,Surgical Ward,3
Ambulatory Surgery Center,ONC General Hematology/Oncology Ward,2
Ambulatory Surgery Center,Exit,544
Emergency Department,Adult Step Down Unit (post-critical care),17
Emergency Department,Endoscopy Suite,4
Emergency Department,Pediatric Medical Ward,100
Emergency Department,Medical Ward,474
Emergency Department,Medical/Surgical Ward,63
Emergency Department,Neurology Ward,78
Emergency Department,Neurosurgical Ward,85
Emergency Department,Operating Room/Suite,106
Emergency Department,Pulmonary Ward,48
Emergency Department,Surgical Ward,186
Emergency Department,"Labor, Delivery, Recovery, Postpartum Suite (LDRP)",3
Emergency Department,Medical Cardiac Critical Care,52
Emergency Department,Medical Critical Care,53
Emergency Department,Neurologic Critical Care,27
Emergency Department,Pediatric Cardiothoracic Critical Care,1
Emergency Department,Pediatric Medical/Surgical Critical Care,24
Emergency Department,Pediatric Step Down Unit (post-critical care),17
Emergency Department,Surgical Cardiothoracic Critical Care,6
Emergency Department,Surgical Critical Care,23
Emergency Department,ONC Hematopoietic Stem Cell Transplant Ward,2
Emergency Department,ONC General Hematology/Oncology Ward,184
Emergency Department,ONC Pediatric Hematopoietic Stem Cell Transplant Ward,1
Emergency Department,ONC Pediatric General Hematology/Oncology Ward,100
Emergency Department,Exit,5174
Endoscopy Suite,Adult Step Down Unit (post-critical care),5
Endoscopy Suite,Emergency Department,3
Endoscopy Suite,Medical Ward,47
Endoscopy Suite,Medical/Surgical Ward,18
Endoscopy Suite,Neurology Ward,3
Endoscopy Suite,Neurosurgical Ward,1
Endoscopy Suite,Pulmonary Ward,12
Endoscopy Suite,Surgical Ward,4
Endoscopy Suite,Medical Critical Care,1
Endoscopy Suite,ONC Hematopoietic Stem Cell Transplant Ward,2
Endoscopy Suite,ONC General Hematology/Oncology Ward,21
Endoscopy Suite,Exit,24
Behavioral Health/Psych Ward,Exit,50
Pediatric Medical Ward,Operating Room/Suite,39
Pediatric Medical Ward,Pediatric Cardiothoracic Critical Care,5
Pediatric Medical Ward,Pediatric Medical/Surgical Critical Care,2
Pediatric Medical Ward,Pediatric Step Down Unit (post-critical care),3
Pediatric Medical Ward,ONC Pediatric General Hematology/Oncology Ward,3
Pediatric Medical Ward,Exit,272
Medical Ward,Adult Step Down Unit (post-critical care),1
Medical Ward,Endoscopy Suite,46
Medical Ward,Medical/Surgical Ward,1
Medical Ward,Neurosurgical Ward,1
Medical Ward,Operating Room/Suite,88
Medical Ward,Pulmonary Ward,3
Medical Ward,Surgical Ward,2
Medical Ward,Medical Cardiac Critical Care,26
Medical Ward,Medical Critical Care,17
Medical Ward,Neurologic Critical Care,2
Medical Ward,Surgical Critical Care,4
Medical Ward,ONC General Hematology/Oncology Ward,13
Medical Ward,Exit,886
Medical/Surgical Ward,Endoscopy Suite,18
Medical/Surgical Ward,Medical Ward,7
Medical/Surgical Ward,Neurology Ward,1
Medical/Surgical Ward,Operating Room/Suite,107
Medical/Surgical Ward,Pulmonary Ward,2
Medical/Surgical Ward,Surgical Ward,23
Medical/Surgical Ward,Medical Cardiac Critical Care,1
Medical/Surgical Ward,Medical Critical Care,2
Medical/Surgical Ward,Surgical Cardiothoracic Critical Care,23
Medical/Surgical Ward,Surgical Critical Care,2
Medical/Surgical Ward,ONC General Hematology/Oncology Ward,8
Medical/Surgical Ward,Exit,288
Neurology Ward,Endoscopy Suite,3
Neurology Ward,Medical Ward,9
Neurology Ward,Neurosurgical Ward,2
Neurology Ward,Operating Room/Suite,39
Neurology Ward,Surgical Ward,3
Neurology Ward,Neurologic Critical Care,3
Neurology Ward,ONC General Hematology/Oncology Ward,2
Neurology Ward,Exit,207
Neurosurgical Ward,Adult Step Down Unit (post-critical care),1
Neurosurgical Ward,Endoscopy Suite,1
Neurosurgical Ward,Medical Ward,3
Neurosurgical Ward,Neurology Ward,1
Neurosurgical Ward,Operating Room/Suite,65
Neurosurgical Ward,Pulmonary Ward,1
Neurosurgical Ward,Surgical Ward,2
Neurosurgical Ward,Medical Critical Care,2
Neurosurgical Ward,Neurologic Critical Care,7
Neurosurgical Ward,Surgical Critical Care,1
Neurosurgical Ward,ONC General Hematology/Oncology Ward,1
Neurosurgical Ward,Exit,186
Operating Room/Suite,24-Hour Observation Area,130
Operating Room/Suite,Adult Step Down Unit (post-critical care),30
Operating Room/Suite,Emergency Department,1
Operating Room/Suite,Pediatric Medical Ward,105
Operating Room/Suite,Medical Ward,69
Operating Room/Suite,Medical/Surgical Ward,108
Operating Room/Suite,Neurology Ward,110
Operating Room/Suite,Neurosurgical Ward,64
Operating Room/Suite,Pulmonary Ward,10
Operating Room/Suite,Surgical Ward,414
Operating Room/Suite,"Labor, Delivery, Recovery, Postpartum Suite (LDRP)",2
Operating Room/Suite,Medical Cardiac Critical Care,3
Operating Room/Suite,Medical Critical Care,5
Operating Room/Suite,Neonatal Critical Care (Level III),15
Operating Room/Suite,Neurologic Critical Care,84
Operating Room/Suite,Pediatric Cardiothoracic Critical Care,20
Operating Room/Suite,Pediatric Medical/Surgical Critical Care,31
Operating Room/Suite,Pediatric Step Down Unit (post-critical care),16
Operating Room/Suite,Surgical Cardiothoracic Critical Care,179
Operating Room/Suite,Surgical Critical Care,72
Operating Room/Suite,ONC Hematopoietic Stem Cell Transplant Ward,2
Operating Room/Suite,ONC General Hematology/Oncology Ward,163
Operating Room/Suite,ONC Pediatric Hematopoietic Stem Cell Transplant Ward,12
Operating Room/Suite,ONC Pediatric General Hematology/Oncology Ward,27
Operating Room/Suite,Exit,783
Postpartum Ward,Pediatric Medical Ward,1
Postpartum Ward,Operating Room/Suite,1
Postpartum Ward,Surgical Ward,2
Postpartum Ward,"Labor, Delivery, Recovery, Postpartum Suite (LDRP)",18
Postpartum Ward,Neonatal Critical Care (Level III),10
Postpartum Ward,ONC Pediatric General Hematology/Oncology Ward,1
Postpartum Ward,Exit,499
Pulmonary Ward,Endoscopy Suite,11
Pulmonary Ward,Medical Ward,6
Pulmonary Ward,Neurology Ward,1
Pulmonary Ward,Operating Room/Suite,15
Pulmonary Ward,Medical Cardiac Critical Care,1
Pulmonary Ward,Medical Critical Care,5
Pulmonary Ward,Surgical Cardiothoracic Critical Care,1
Pulmonary Ward,Surgical Critical Care,2
Pulmonary Ward,ONC General Hematology/Oncology Ward,4
Pulmonary Ward,Exit,112
Surgical Ward,Endoscopy Suite,4
Surgical Ward,Medical Ward,11
Surgical Ward,Medical/Surgical Ward,1
Surgical Ward,Neurology Ward,1
Surgical Ward,Operating Room/Suite,152
Surgical Ward,Medical Cardiac Critical Care,1
Surgical Ward,Medical Critical Care,1
Surgical Ward,Surgical Critical Care,12
Surgical Ward,ONC General Hematology/Oncology Ward,16
Surgical Ward,Exit,560
"Labor, Delivery, Recovery, Postpartum Suite (LDRP)",Medical/Surgical Ward,2
"Labor, Delivery, Recovery, Postpartum Suite (LDRP)",Operating Room/Suite,1
"Labor, Delivery, Recovery, Postpartum Suite (LDRP)",Postpartum Ward,381
"Labor, Delivery, Recovery, Postpartum Suite (LDRP)",Medical Cardiac Critical Care,1
"Labor, Delivery, Recovery, Postpartum Suite (LDRP)",Neonatal Critical Care (Level III),8
"Labor, Delivery, Recovery, Postpartum Suite (LDRP)",Pediatric Cardiothoracic Critical Care,6
"Labor, Delivery, Recovery, Postpartum Suite (LDRP)",Surgical Cardiothoracic Critical Care,1
"Labor, Delivery, Recovery, Postpartum Suite (LDRP)",ONC General Hematology/Oncology Ward,1
"Labor, Delivery, Recovery, Postpartum Suite (LDRP)",Exit,70
Medical Cardiac Critical Care,Adult Step Down Unit (post-critical care),2
Medical Cardiac Critical Care,Medical Ward,88
Medical Cardiac Critical Care,Medical/Surgical Ward,4
Medical Cardiac Critical Care,Operating Room/Suite,10
Medical Cardiac Critical Care,Postpartum Ward,1
Medical Cardiac Critical Care,Pulmonary Ward,4
Medical Cardiac Critical Care,"Labor, Delivery, Recovery, Postpartum Suite (LDRP)",1
Medical Cardiac Critical Care,Medical Critical Care,1
Medical Cardiac Critical Care,Surgical Cardiothoracic Critical Care,3
Medical Cardiac Critical Care,ONC Hematopoietic Stem Cell Transplant Ward,1
Medical Cardiac Critical Care,ONC General Hematology/Oncology Ward,3
Medical Cardiac Critical Care,Exit,29
Medical Critical Care,Adult Step Down Unit (post-critical care),1
Medical Critical Care,Endoscopy Suite,1
Medical Critical Care,Medical Ward,60
Medical Critical Care,Medical/Surgical Ward,2
Medical Critical Care,Operating Room/Suite,2
Medical Critical Care,Pulmonary Ward,21
Medical Critical Care,Surgical Ward,2
Medical Critical Care,Medical Cardiac Critical Care,2
Medical Critical Care,Surgical Cardiothoracic Critical Care,2
Medical Critical Care,Surgical Critical Care,1
Medical Critical Care,ONC General Hematology/Oncology Ward,21
Medical Critical Care,Exit,34
Neonatal Critical Care (Level III),Operating Room/Suite,15
Neonatal Critical Care (Level III),Postpartum Ward,7
Neonatal Critical Care (Level III),Pediatric Medical/Surgical Critical Care,2
Neonatal Critical Care (Level III),Step down Neonatal Nursery (Level II),49
Neonatal Critical Care (Level III),Exit,31
Neurologic Critical Care,Medical Ward,3
Neurologic Critical Care,Neurology Ward,19
Neurologic Critical Care,Neurosurgical Ward,63
Neurologic Critical Care,Operating Room/Suite,13
Neurologic Critical Care,Medical Critical Care,2
Neurologic Critical Care,Surgical Critical Care,1
Neurologic Critical Care,ONC General Hematology/Oncology Ward,3
Neurologic Critical Care,Exit,48
Pediatric Cardiothoracic Critical Care,Pediatric Medical Ward,11
Pediatric Cardiothoracic Critical Care,Operating Room/Suite,7
Pediatric Cardiothoracic Critical Care,"Labor, Delivery, Recovery, Postpartum Suite (LDRP)",1
Pediatric Cardiothoracic Critical Care,Neonatal Critical Care (Level III),2
Pediatric Cardiothoracic Critical Care,Pediatric Medical/Surgical Critical Care,1
Pediatric Cardiothoracic Critical Care,Pediatric Step Down Unit (post-critical care),23
Pediatric Cardiothoracic Critical Care,Exit,5
Pediatric Medical/Surgical Critical Care,Emergency Department,1
Pediatric Medical/Surgical Critical Care,Pediatric Medical Ward,36
Pediatric Medical/Surgical Critical Care,Operating Room/Suite,9
Pediatric Medical/Surgical Critical Care,Neonatal Critical Care (Level III),1
Pediatric Medical/Surgical Critical Care,Pediatric Cardiothoracic Critical Care,1
Pediatric Medical/Surgical Critical Care,Pediatric Step Down Unit (post-critical care),10
Pediatric Medical/Surgical Critical Care,ONC Pediatric General Hematology/Oncology Ward,32
Pediatric Medical/Surgical Critical Care,Exit,5
Pediatric Step Down Unit (post-critical care),Pediatric Medical Ward,20
Pediatric Step Down Unit (post-critical care),Operating Room/Suite,8
Pediatric Step Down Unit (post-critical care),Pediatric Cardiothoracic Critical Care,7
Pediatric Step Down Unit (post-critical care),Pediatric Medical/Surgical Critical Care,5
Pediatric Step Down Unit (post-critical care),ONC Pediatric General Hematology/Oncology Ward,5
Pediatric Step Down Unit (post-critical care),Exit,28
Step down Neonatal Nursery (Level II),Neonatal Critical Care (Level III),36
Step down Neonatal Nursery (Level II),Exit,12
Surgical Cardiothoracic Critical Care,Adult Step Down Unit (post-critical care),61
Surgical Cardiothoracic Critical Care,Medical/Surgical Ward,143
Surgical Cardiothoracic Critical Care,Operating Room/Suite,22
Surgical Cardiothoracic Critical Care,"Labor, Delivery, Recovery, Postpartum Suite (LDRP)",1
Surgical Cardiothoracic Critical Care,Medical Cardiac Critical Care,7
Surgical Cardiothoracic Critical Care,Medical Critical Care,3
Surgical Cardiothoracic Critical Care,Exit,7
Surgical Critical Care,Adult Step Down Unit (post-critical care),1
Surgical Critical Care,Medical Ward,8
Surgical Critical Care,Medical/Surgical Ward,4
Surgical Critical Care,Neurology Ward,5
Surgical Critical Care,Neurosurgical Ward,1
Surgical Critical Care,Operating Room/Suite,20
Surgical Critical Care,Pulmonary Ward,4
Surgical Critical Care,Surgical Ward,41
Surgical Critical Care,Medical Critical Care,3
Surgical Critical Care,Neurologic Critical Care,4
Surgical Critical Care,ONC General Hematology/Oncology Ward,8
Surgical Critical Care,ONC Pediatric General Hematology/Oncology Ward,1
Surgical Critical Care,Exit,26
ONC Hematopoietic Stem Cell Transplant Ward,Endoscopy Suite,2
ONC Hematopoietic Stem Cell Transplant Ward,Operating Room/Suite,3
ONC Hematopoietic Stem Cell Transplant Ward,Medical Cardiac Critical Care,1
ONC Hematopoietic Stem Cell Transplant Ward,Neurologic Critical Care,1
ONC Hematopoietic Stem Cell Transplant Ward,ONC General Hematology/Oncology Ward,8
ONC Hematopoietic Stem Cell Transplant Ward,Exit,25
ONC General Hematology/Oncology Ward,Endoscopy Suite,19
ONC General Hematology/Oncology Ward,Medical Ward,9
ONC General Hematology/Oncology Ward,Medical/Surgical Ward,1
ONC General Hematology/Oncology Ward,Operating Room/Suite,61
ONC General Hematology/Oncology Ward,Surgical Ward,6
ONC General Hematology/Oncology Ward,Medical Cardiac Critical Care,4
ONC General Hematology/Oncology Ward,Medical Critical Care,12
ONC General Hematology/Oncology Ward,Neurologic Critical Care,1
ONC General Hematology/Oncology Ward,Surgical Critical Care,3
ONC General Hematology/Oncology Ward,ONC Hematopoietic Stem Cell Transplant Ward,3
ONC General Hematology/Oncology Ward,Exit,550
ONC Pediatric Hematopoietic Stem Cell Transplant Ward,Operating Room/Suite,6
ONC Pediatric Hematopoietic Stem Cell Transplant Ward,Pediatric Medical/Surgical Critical Care,1
ONC Pediatric Hematopoietic Stem Cell Transplant Ward,Exit,20
ONC Pediatric General Hematology/Oncology Ward,Operating Room/Suite,14
ONC Pediatric General Hematology/Oncology Ward,Pediatric Medical/Surgical Critical Care,18
ONC Pediatric General Hematology/Oncology Ward,Pediatric Step Down Unit (post-critical care),1
ONC Pediatric General Hematology/Oncology Ward,ONC Pediatric Hematopoietic Stem Cell Transplant Ward,1
ONC Pediatric General Hematology/Oncology Ward,Exit,228
