source,destination,count
Entry,24-Hour Observation Area,98
Entry,Adult Step Down Unit (post-critical care),30
Entry,Ambulatory Surgery Center,575
Entry,Emergency Department,6584
Entry,Endoscopy Suite,15
Entry,Behavioral Health/Psych Ward,55
Entry,Pediatric Medical Ward,45
Entry,Medical Ward,274
Entry,Medical/Surgical Ward,104
Entry,Neurology Ward,41
Entry,Neurosurgical Ward,49
Entry,Operating Room/Suite,1570
Entry,Postpartum Ward,118
Entry,Pulmonary Ward,30
Entry,Surgical Ward,54
Entry,"Labor, Delivery, Recovery, Postpartum Suite (LDRP)",437
Entry,Medical Cardiac Critical Care,40
Entry,Medical Critical Care,18
Entry,Neonatal Critical Care (Level III),34
Entry,Neurologic Critical Care,36
Entry,Pediatric Cardiothoracic Critical Care,15
Entry,Pediatric Medical/Surgical Critical Care,25
Entry,Pediatric Step Down Unit (post-critical care),6
Entry,Surgical Cardiothoracic Critical Care,15
Entry,Surgical Critical Care,5
Entry,ONC Hematopoietic Stem Cell Transplant Ward,36
Entry,ONC General Hematology/Oncology Ward,190
Entry,ONC Pediatric Hematopoietic Stem Cell Transplant Ward,13
Entry,ONC Pediatric General Hematology/Oncology Ward,90
24-Hour Observation Area,Medical Ward,1
24-Hour Observation Area,Medical/Surgical Ward,1
24-Hour Observation Area,Operating Room/Suite,5
24-Hour Observation Area,Surgical Ward,4
24-Hour Observation Area,Medical Cardiac Critical Care,1
24-Hour Observation Area,ONC General Hematology/Oncology Ward,1
24-Hour Observation Area,Exit,204
Adult Step Down Unit (post-critical care),Endoscopy Suite,5
Adult Step Down Unit (post-critical care),Operating Room/Suite,27
Adult Step Down Unit (post-critical care),Pulmonary Ward,1
Adult Step Down Unit (post-critical care),Medical Critical Care,2
Adult Step Down Unit (post-critical care),Surgical Cardiothoracic Critical Care,1
Adult Step Down Unit (post-critical care),Surgical Critical Care,1
Adult Step Down Unit (post-critical care),ONC General Hematology/Oncology Ward,3
Adult Step Down Unit (post-critical care),Exit,87
Ambulatory Surgery Center,Operating Room/Suite,5
Ambulatory Surgery Center,Surgical Ward,4
Ambulatory Surgery Center,Exit,566
Emergency Department,Adult Step Down Unit (post-critical care),13
Emergency Department,Endoscopy Suite,2
Emergency Department,Pediatric Medical Ward,75
Emergency Department,Medical Ward,488
Emergency Department,Medical/Surgical Ward,72
Emergency Department,Neurology Ward,71
Emergency Department,Neurosurgical Ward,86
Emergency Department,Operating Room/Suite,84
Emergency Department,Postpartum Ward,2
Emergency Department,Pulmonary Ward,47
Emergency Department,Surgical Ward,183
Emergency Department,"Labor, Delivery, Recovery, Postpartum Suite (LDRP)",5
Emergency Department,Medical Cardiac Critical Care,38
Emergency Department,Medical Critical Care,51
Emergency Department,Neonatal Critical Care (Level III),1
Emergency Department,Neurologic Critical Care,49
Emergency Department,Pediatric Cardiothoracic Critical Care,2
Emergency Department,Pediatric Medical/Surgical Critical Care,29
Emergency Department,Pediatric Step Down Unit (post-critical care),12
Emergency Department,Surgical Critical Care,24
Emergency Department,ONC Hematopoietic Stem Cell Transplant Ward,6
Emergency Department,ONC General Hematology/Oncology Ward,228
Emergency Department,ONC Pediatric General Hematology/Oncology Ward,77
Emergency Department,Exit,4920
Endoscopy Suite,Adult Step Down Unit (post-critical care),6
Endoscopy Suite,Emergency Department,2
Endoscopy Suite,Medical Ward,52
Endoscopy Suite,Medical/Surgical Ward,12
Endoscopy Suite,Neurology Ward,1
Endoscopy Suite,Pulmonary Ward,12
Endoscopy Suite,Surgical Ward,9
Endoscopy Suite,Medical Critical Care,1
Endoscopy Suite,ONC Hematopoietic Stem Cell Transplant Ward,4
Endoscopy Suite,ONC General Hematology/Oncology Ward,23
Endoscopy Suite,Exit,16
Behavioral Health/Psych Ward,Exit,60
Pediatric Medical Ward,Operating Room/Suite,39
Pediatric Medical Ward,Pediatric Cardiothoracic Critical Care,1
Pediatric Medical Ward,Pediatric Medical/Surgical Critical Care,6
Pediatric Medical Ward,Pediatric Step Down Unit (post-critical care),1
Pediatric Medical Ward,ONC General Hematology/Oncology Ward,1
Pediatric Medical Ward,ONC Pediatric General Hematology/Oncology Ward,1
Pediatric Medical Ward,Exit,233
Medical Ward,Endoscopy Suite,52
Medical Ward,Neurology Ward,2
Medical Ward,Neurosurgical Ward,2
Medical Ward,Operating Room/Suite,89
Medical Ward,Pulmonary Ward,9
Medical Ward,Surgical Ward,1
Medical Ward,Medical Cardiac Critical Care,25
Medical Ward,Medical Critical Care,15
Medical Ward,Neurologic Critical Care,2
Medical Ward,Surgical Cardiothoracic Critical Care,1
Medical Ward,Surgical Critical Care,2
Medical Ward,ONC General Hematology/Oncology Ward,13
Medical Ward,Exit,857
Medical/Surgical Ward,Endoscopy Suite,12
Medical/Surgical Ward,Medical Ward,5
Medical/Surgical Ward,Neurology Ward,2
Medical/Surgical Ward,Neurosurgical Ward,2
Medical/Surgical Ward,Operating Room/Suite,103
Medical/Surgical Ward,Pulmonary Ward,3
Medical/Surgical Ward,Surgical Ward,14
Medical/Surgical Ward,Medical Cardiac Critical Care,5
Medical/Surgical Ward,Medical Critical Care,1
Medical/Surgical Ward,Surgical Cardiothoracic Critical Care,6
Medical/Surgical Ward,Surgical Critical Care,1
Medical/Surgical Ward,ONC General Hematology/Oncology Ward,5
Medical/Surgical Ward,Exit,295
Neurology Ward,Endoscopy Suite,1
Neurology Ward,Medical Ward,4
Neurology Ward,Neurosurgical Ward,1
Neurology Ward,Operating Room/Suite,32
Neurology Ward,Medical Critical Care,1
Neurology Ward,Neurologic Critical Care,7
Neurology Ward,Surgical Critical Care,1
Neurology Ward,Exit,217
Neurosurgical Ward,Medical Ward,4
Neurosurgical Ward,Operating Room/Suite,61
Neurosurgical Ward,Neurologic Critical Care,6
Neurosurgical Ward,ONC General Hematology/Oncology Ward,2
Neurosurgical Ward,Exit,204
Operating Room/Suite,24-Hour Observation Area,122
Operating Room/Suite,Adult Step Down Unit (post-critical care),23
Operating Room/Suite,Endoscopy Suite,1
Operating Room/Suite,Pediatric Medical Ward,90
Operating Room/Suite,Medical Ward,57
Operating Room/Suite,Medical/Surgical Ward,123
Operating Room/Suite,Neurology Ward,106
Operating Room/Suite,Neurosurgical Ward,61
Operating Room/Suite,Postpartum Ward,2
Operating Room/Suite,Pulmonary Ward,11
Operating Room/Suite,Surgical Ward,387
Operating Room/Suite,Medical Cardiac Critical Care,4
Operating Room/Suite,Medical Critical Care,9
Operating Room/Suite,Neonatal Critical Care (Level III),13
Operating Room/Suite,Neurologic Critical Care,82
Operating Room/Suite,Pediatric Cardiothoracic Critical Care,21
Operating Room/Suite,Pediatric Medical/Surgical Critical Care,37
Operating Room/Suite,Pediatric Step Down Unit (post-critical care),16
Operating Room/Suite,Surgical Cardiothoracic Critical Care,191
Operating Room/Suite,Surgical Critical Care,102
Operating Room/Suite,ONC General Hematology/Oncology Ward,170
Operating Room/Suite,ONC Pediatric Hematopoietic Stem Cell Transplant Ward,9
Operating Room/Suite,ONC Pediatric General Hematology/Oncology Ward,27
Operating Room/Suite,Exit,703
Postpartum Ward,Surgical Ward,1
Postpartum Ward,"Labor, Delivery, Recovery, Postpartum Suite (LDRP)",28
Postpartum Ward,Neonatal Critical Care (Level III),6
Postpartum Ward,ONC General Hematology/Oncology Ward,1
Postpartum Ward,ONC Pediatric General Hematology/Oncology Ward,1
Postpartum Ward,Exit,478
Pulmonary Ward,Endoscopy Suite,12
Pulmonary Ward,Medical Ward,7
Pulmonary Ward,Operating Room/Suite,12
Pulmonary Ward,Medical Cardiac Critical Care,4
Pulmonary Ward,Medical Critical Care,9
Pulmonary Ward,Neurologic Critical Care,1
Pulmonary Ward,Surgical Cardiothoracic Critical Care,2
Pulmonary Ward,Surgical Critical Care,1
Pulmonary Ward,ONC Hematopoietic Stem Cell Transplant Ward,1
Pulmonary Ward,ONC General Hematology/Oncology Ward,2
Pulmonary Ward,Exit,94
Surgical Ward,Endoscopy Suite,9
Surgical Ward,Medical Ward,10
Surgical Ward,Medical/Surgical Ward,3
Surgical Ward,Operating Room/Suite,119
Surgical Ward,Pulmonary Ward,1
Surgical Ward,Medical Cardiac Critical Care,2
Surgical Ward,Medical Critical Care,1
Surgical Ward,Neurologic Critical Care,1
Surgical Ward,Surgical Critical Care,15
Surgical Ward,ONC General Hematology/Oncology Ward,12
Surgical Ward,Exit,544
"Labor, Delivery, Recovery, Postpartum Suite (LDRP)",Medical Ward,1
"Labor, Delivery, Recovery, Postpartum Suite (LDRP)",Postpartum Ward,387
"Labor, Delivery, Recovery, Postpartum Suite (LDRP)",Neonatal Critical Care (Level III),19
"Labor, Delivery, Recovery, Postpartum Suite (LDRP)",Pediatric Cardiothoracic Critical Care,1
"Labor, Delivery, Recovery, Postpartum Suite (LDRP)",ONC General Hematology/Oncology Ward,2
"Labor, Delivery, Recovery, Postpartum Suite (LDRP)",ONC Pediatric General Hematology/Oncology Ward,2
"Labor, Delivery, Recovery, Postpartum Suite (LDRP)",Exit,61
Medical Cardiac Critical Care,Medical Ward,78
Medical Cardiac Critical Care,Medical/Surgical Ward,4
Medical Cardiac Critical Care,Operating Room/Suite,14
Medical Cardiac Critical Care,Postpartum Ward,1
Medical Cardiac Critical Care,Pulmonary Ward,6
Medical Cardiac Critical Care,Medical Critical Care,2
Medical Cardiac Critical Care,Surgical Cardiothoracic Critical Care,2
Medical Cardiac Critical Care,ONC General Hematology/Oncology Ward,1
Medical Cardiac Critical Care,Exit,22
Medical Critical Care,Adult Step Down Unit (post-critical care),2
Medical Critical Care,Endoscopy Suite,1
Medical Critical Care,Medical Ward,54
Medical Critical Care,Medical/Surgical Ward,1
Medical Critical Care,Neurology Ward,2
Medical Critical Care,Operating Room/Suite,6
Medical Critical Care,Pulmonary Ward,23
Medical Critical Care,Surgical Cardiothoracic Critical Care,2
Medical Critical Care,ONC Hematopoietic Stem Cell Transplant Ward,4
Medical Critical Care,ONC General Hematology/Oncology Ward,7
Medical Critical Care,Exit,22
Neonatal Critical Care (Level III),Operating Room/Suite,12
Neonatal Critical Care (Level III),Postpartum Ward,3
Neonatal Critical Care (Level III),Pediatric Cardiothoracic Critical Care,2
Neonatal Critical Care (Level III),Step down Neonatal Nursery (Level II),28
Neonatal Critical Care (Level III),ONC Pediatric General Hematology/Oncology Ward,2
Neonatal Critical Care (Level III),Exit,44
Neurologic Critical Care,Adult Step Down Unit (post-critical care),1
Neurologic Critical Care,Medical Ward,12
Neurologic Critical Care,Medical/Surgical Ward,2
Neurologic Critical Care,Neurology Ward,31
Neurologic Critical Care,Neurosurgical Ward,72
Neurologic Critical Care,Operating Room/Suite,12
Neurologic Critical Care,Pulmonary Ward,1
Neurologic Critical Care,Surgical Ward,3
Neurologic Critical Care,Medical Cardiac Critical Care,1
Neurologic Critical Care,Medical Critical Care,2
Neurologic Critical Care,Surgical Critical Care,1
Neurologic Critical Care,ONC General Hematology/Oncology Ward,3
Neurologic Critical Care,Exit,51
Pediatric Cardiothoracic Critical Care,Adult Step Down Unit (post-critical care),1
Pediatric Cardiothoracic Critical Care,Pediatric Medical Ward,12
Pediatric Cardiothoracic Critical Care,Medical/Surgical Ward,1
Pediatric Cardiothoracic Critical Care,Operating Room/Suite,6
Pediatric Cardiothoracic Critical Care,Postpartum Ward,1
Pediatric Cardiothoracic Critical Care,Pediatric Medical/Surgical Critical Care,1
Pediatric Cardiothoracic Critical Care,Pediatric Step Down Unit (post-critical care),23
Pediatric Cardiothoracic Critical Care,Exit,7
Pediatric Medical/Surgical Critical Care,Pediatric Medical Ward,41
Pediatric Medical/Surgical Critical Care,Operating Room/Suite,7
Pediatric Medical/Surgical Critical Care,Medical Critical Care,1
Pediatric Medical/Surgical Critical Care,Neurologic Critical Care,1
Pediatric Medical/Surgical Critical Care,Pediatric Cardiothoracic Critical Care,4
Pediatric Medical/Surgical Critical Care,Pediatric Step Down Unit (post-critical care),19
Pediatric Medical/Surgical Critical Care,ONC Pediatric Hematopoietic Stem Cell Transplant Ward,3
Pediatric Medical/Surgical Critical Care,ONC Pediatric General Hematology/Oncology Ward,38
Pediatric Medical/Surgical Critical Care,Exit,6
Pediatric Step Down Unit (post-critical care),Pediatric Medical Ward,20
Pediatric Step Down Unit (post-critical care),Operating Room/Suite,6
Pediatric Step Down Unit (post-critical care),Pediatric Cardiothoracic Critical Care,7
Pediatric Step Down Unit (post-critical care),Pediatric Medical/Surgical Critical Care,9
Pediatric Step Down Unit (post-critical care),ONC Pediatric Hematopoietic Stem Cell Transplant Ward,1
Pediatric Step Down Unit (post-critical care),ONC Pediatric General Hematology/Oncology Ward,7
Pediatric Step Down Unit (post-critical care),Exit,26
Step down Neonatal Nursery (Level II),Operating Room/Suite,1
Step down Neonatal Nursery (Level II),Neonatal Critical Care (Level III),11
Step down Neonatal Nursery (Level II),Exit,16
Surgical Cardiothoracic Critical Care,Adult Step Down Unit (post-critical care),49
Surgical Cardiothoracic Critical Care,Medical Ward,1
Surgical Cardiothoracic Critical Care,Medical/Surgical Ward,129
Surgical Cardiothoracic Critical Care,Operating Room/Suite,21
Surgical Cardiothoracic Critical Care,Pulmonary Ward,2
Surgical Cardiothoracic Critical Care,Medical Cardiac Critical Care,3
Surgical Cardiothoracic Critical Care,Medical Critical Care,1
Surgical Cardiothoracic Critical Care,Neurologic Critical Care,1
Surgical Cardiothoracic Critical Care,Surgical Critical Care,5
Surgical Cardiothoracic Critical Care,Exit,13
Surgical Critical Care,Adult Step Down Unit (post-critical care),3
Surgical Critical Care,Medical Ward,8
Surgical Critical Care,Medical/Surgical Ward,8
Surgical Critical Care,Neurology Ward,8
Surgical Critical Care,Neurosurgical Ward,2
Surgical Critical Care,Operating Room/Suite,34
Surgical Critical Care,Pulmonary Ward,3
Surgical Critical Care,Surgical Ward,63
Surgical Critical Care,Medical Cardiac Critical Care,1
Surgical Critical Care,Medical Critical Care,1
Surgical Critical Care,Surgical Cardiothoracic Critical Care,2
Surgical Critical Care,ONC General Hematology/Oncology Ward,11
Surgical Critical Care,Exit,14
ONC Hematopoietic Stem Cell Transplant Ward,Endoscopy Suite,4
ONC Hematopoietic Stem Cell Transplant Ward,Medical Critical Care,3
ONC Hematopoietic Stem Cell Transplant Ward,ONC General Hematology/Oncology Ward,2
ONC Hematopoietic Stem Cell Transplant Ward,Exit,41
ONC General Hematology/Oncology Ward,Adult Step Down Unit (post-critical care),1
ONC General Hematology/Oncology Ward,Endoscopy Suite,24
ONC General Hematology/Oncology Ward,Medical Ward,6
ONC General Hematology/Oncology Ward,Medical/Surgical Ward,3
ONC General Hematology/Oncology Ward,Operating Room/Suite,83
ONC General Hematology/Oncology Ward,Pulmonary Ward,1
ONC General Hematology/Oncology Ward,Surgical Ward,7
ONC General Hematology/Oncology Ward,"Labor, Delivery, Recovery, Postpartum Suite (LDRP)",1
ONC General Hematology/Oncology Ward,Medical Cardiac Critical Care,2
ONC General Hematology/Oncology Ward,Medical Critical Care,7
ONC General Hematology/Oncology Ward,Neurologic Critical Care,3
ONC General Hematology/Oncology Ward,Surgical Critical Care,2
ONC General Hematology/Oncology Ward,ONC Hematopoietic Stem Cell Transplant Ward,1
ONC General Hematology/Oncology Ward,Exit,540
ONC Pediatric Hematopoietic Stem Cell Transplant Ward,Operating Room/Suite,7
ONC Pediatric Hematopoietic Stem Cell Transplant Ward,Pediatric Medical/Surgical Critical Care,2
ONC Pediatric Hematopoietic Stem Cell Transplant Ward,Exit,17
ONC Pediatric General Hematology/Oncology Ward,Pediatric Medical Ward,1
ONC Pediatric General Hematology/Oncology Ward,Operating Room/Suite,12
ONC Pediatric General Hematology/Oncology Ward,Pediatric Medical/Surgical Critical Care,11
ONC Pediatric General Hematology/Oncology Ward,Pediatric Step Down Unit (post-critical care),1
ONC Pediatric General Hematology/Oncology Ward,ONC Pediatric Hematopoietic Stem Cell Transplant Ward,1
ONC Pediatric General Hematology/Oncology Ward,Exit,221
