source,destination,count
Entry,24-Hour Observation Area,91
Entry,Adult Step Down Unit (post-critical care),32
Entry,Ambulatory Surgery Center,674
Entry,Emergency Department,6692
Entry,Endoscopy Suite,32
Entry,Behavioral Health/Psych Ward,52
Entry,Pediatric Medical Ward,67
Entry,Medical Ward,360
Entry,Medical/Surgical Ward,122
Entry,Neurology Ward,58
Entry,Neurosurgical Ward,67
Entry,Operating Room/Suite,1623
Entry,Postpartum Ward,134
Entry,Pulmonary Ward,41
Entry,Surgical Ward,87
Entry,"Labor, Delivery, Recovery, Postpartum Suite (LDRP)",409
Entry,Medical Cardiac Critical Care,57
Entry,Medical Critical Care,45
Entry,Neonatal Critical Care (Level III),40
Entry,Neurologic Critical Care,46
Entry,Pediatric Cardiothoracic Critical Care,14
Entry,Pediatric Medical/Surgical Critical Care,30
Entry,Pediatric Step Down Unit (post-critical care),5
Entry,Step down Neonatal Nursery (Level II),1
Entry,Surgical Cardiothoracic Critical Care,23
Entry,Surgical Critical Care,14
Entry,ONC Hematopoietic Stem Cell Transplant Ward,29
Entry,ONC General Hematology/Oncology Ward,219
Entry,ONC Pediatric Hematopoietic Stem Cell Transplant Ward,13
Entry,ONC Pediatric General Hematology/Oncology Ward,108
24-Hour Observation Area,Medical Ward,1
24-Hour Observation Area,Medical/Surgical Ward,1
24-Hour Observation Area,Operating Room/Suite,10
24-Hour Observation Area,Surgical Ward,5
24-Hour Observation Area,ONC General Hematology/Oncology Ward,3
24-Hour Observation Area,Exit,204
Adult Step Down Unit (post-critical care),Emergency Department,3
Adult Step Down Unit (post-critical care),Endoscopy Suite,6
Adult Step Down Unit (post-critical care),Medical Ward,1
Adult Step Down Unit (post-critical care),Medical/Surgical Ward,2
Adult Step Down Unit (post-critical care),Operating Room/Suite,30
Adult Step Down Unit (post-critical care),Surgical Cardiothoracic Critical Care,8
Adult Step Down Unit (post-critical care),Exit,81
Ambulatory Surgery Center,Operating Room/Suite,1
Ambulatory Surgery Center,Surgical Ward,2
Ambulatory Surgery Center,ONC General Hematology/Oncology Ward,1
Ambulatory Surgery Center,Exit,670
Emergency Department,Adult Step Down Unit (post-critical care),18
Emergency Department,Endoscopy Suite,5
Emergency Department,Pediatric Medical Ward,85
Emergency Department,Medical Ward,533
Emergency Department,Medical/Surgical Ward,59
Emergency Department,Neurology Ward,59
Emergency Department,Neurosurgical Ward,80
Emergency Department,Operating Room/Suite,114
Emergency Department,Pulmonary Ward,52
Emergency Department,Surgical Ward,172
Emergency Department,Medical Cardiac Critical Care,46
Emergency Department,Medical Critical Care,46
Emergency Department,Neurologic Critical Care,36
Emergency Department,Pediatric Cardiothoracic Critical Care,5
Emergency Department,Pediatric Medical/Surgical Critical Care,14
Emergency Department,Pediatric Step Down Unit (post-critical care),18
Emergency Department,Surgical Cardiothoracic Critical Care,6
Emergency Department,Surgical Critical Care,27
Emergency Department,ONC Hematopoietic Stem Cell Transplant Ward,13
Emergency Department,ONC General Hematology/Oncology Ward,222
Emergency Department,ONC Pediatric General Hematology/Oncology Ward,114
Emergency Department,Exit,5224
Endoscopy Suite,Adult Step Down Unit (post-critical care),6
Endoscopy Suite,Emergency Department,4
Endoscopy Suite,Medical Ward,44
Endoscopy Suite,Medical/Surgical Ward,14
Endoscopy Suite,Neurology Ward,1
Endoscopy Suite,Neurosurgical Ward,3
Endoscopy Suite,Operating Room/Suite,1
Endoscopy Suite,Pulmonary Ward,10
Endoscopy Suite,Surgical Ward,11
Endoscopy Suite,ONC Hematopoietic Stem Cell Transplant Ward,4
Endoscopy Suite,ONC General Hematology/Oncology Ward,28
Endoscopy Suite,Exit,39
Behavioral Health/Psych Ward,Exit,51
Pediatric Medical Ward,Emergency Department,6
Pediatric Medical Ward,Operating Room/Suite,50
Pediatric Medical Ward,Neonatal Critical Care (Level III),1
Pediatric Medical Ward,Pediatric Cardiothoracic Critical Care,4
Pediatric Medical Ward,Pediatric Medical/Surgical Critical Care,1
Pediatric Medical Ward,Pediatric Step Down Unit (post-critical care),2
Pediatric Medical Ward,ONC Pediatric Hematopoietic Stem Cell Transplant Ward,1
Pediatric Medical Ward,ONC Pediatric General Hematology/Oncology Ward,3
Pediatric Medical Ward,Exit,273
Medical Ward,Adult Step Down Unit (post-critical care),3
Medical Ward,Emergency Department,86
Medical Ward,Endoscopy Suite,46
Medical Ward,Medical/Surgical Ward,4
Medical Ward,Operating Room/Suite,89
Medical Ward,Pulmonary Ward,3
Medical Ward,Surgical Ward,1
Medical Ward,Medical Cardiac Critical Care,24
Medical Ward,Medical Critical Care,25
Medical Ward,Neurologic Critical Care,1
Medical Ward,Surgical Cardiothoracic Critical Care,1
Medical Ward,Surgical Critical Care,6
Medical Ward,ONC General Hematology/Oncology Ward,9
Medical Ward,Exit,916
Medical/Surgical Ward,Adult Step Down Unit (post-critical care),2
Medical/Surgical Ward,Emergency Department,3
Medical/Surgical Ward,Endoscopy Suite,15
Medical/Surgical Ward,Medical Ward,15
Medical/Surgical Ward,Neurology Ward,1
Medical/Surgical Ward,Neurosurgical Ward,2
Medical/Surgical Ward,Operating Room/Suite,114
Medical/Surgical Ward,Pulmonary Ward,2
Medical/Surgical Ward,Surgical Ward,32
Medical/Surgical Ward,Medical Cardiac Critical Care,3
Medical/Surgical Ward,Medical Critical Care,1
Medical/Surgical Ward,Surgical Cardiothoracic Critical Care,26
Medical/Surgical Ward,Surgical Critical Care,3
Medical/Surgical Ward,ONC General Hematology/Oncology Ward,4
Medical/Surgical Ward,Exit,255
Neurology Ward,Emergency Department,9
Neurology Ward,Endoscopy Suite,1
Neurology Ward,Medical Ward,4
Neurology Ward,Neurosurgical Ward,2
Neurology Ward,Operating Room/Suite,32
Neurology Ward,Pulmonary Ward,1
Neurology Ward,Surgical Ward,2
Neurology Ward,Medical Cardiac Critical Care,2
Neurology Ward,Medical Critical Care,1
Neurology Ward,Neurologic Critical Care,1
Neurology Ward,Exit,177
Neurosurgical Ward,24-Hour Observation Area,1
Neurosurgical Ward,Emergency Department,14
Neurosurgical Ward,Endoscopy Suite,3
Neurosurgical Ward,Medical Ward,3
Neurosurgical Ward,Neurology Ward,1
Neurosurgical Ward,Operating Room/Suite,55
Neurosurgical Ward,Surgical Ward,2
Neurosurgical Ward,Medical Critical Care,2
Neurosurgical Ward,Neurologic Critical Care,11
Neurosurgical Ward,Surgical Critical Care,1
Neurosurgical Ward,ONC General Hematology/Oncology Ward,1
Neurosurgical Ward,Exit,207
Operating Room/Suite,24-Hour Observation Area,126
Operating Room/Suite,Adult Step Down Unit (post-critical care),15
Operating Room/Suite,Emergency Department,1
Operating Room/Suite,Endoscopy Suite,1
Operating Room/Suite,Pediatric Medical Ward,118
Operating Room/Suite,Medical Ward,57
Operating Room/Suite,Medical/Surgical Ward,100
Operating Room/Suite,Neurology Ward,90
Operating Room/Suite,Neurosurgical Ward,58
Operating Room/Suite,Postpartum Ward,2
Operating Room/Suite,Pulmonary Ward,10
Operating Room/Suite,Surgical Ward,382
Operating Room/Suite,Medical Cardiac Critical Care,7
Operating Room/Suite,Medical Critical Care,8
Operating Room/Suite,Neonatal Critical Care (Level III),9
Operating Room/Suite,Neurologic Critical Care,79
Operating Room/Suite,Pediatric Cardiothoracic Critical Care,14
Operating Room/Suite,Pediatric Medical/Surgical Critical Care,30
Operating Room/Suite,Pediatric Step Down Unit (post-critical care),18
Operating Room/Suite,Step down Neonatal Nursery (Level II),1
Operating Room/Suite,Surgical Cardiothoracic Critical Care,165
Operating Room/Suite,Surgical Critical Care,99
Operating Room/Suite,ONC Hematopoietic Stem Cell Transplant Ward,4
Operating Room/Suite,ONC General Hematology/Oncology Ward,136
Operating Room/Suite,ONC Pediatric Hematopoietic Stem Cell Transplant Ward,9
Operating Room/Suite,ONC Pediatric General Hematology/Oncology Ward,26
Operating Room/Suite,Exit,903
Postpartum Ward,"Labor, Delivery, Recovery, Postpartum Suite (LDRP)",41
Postpartum Ward,Neonatal Critical Care (Level III),9
Postpartum Ward,Exit,463
Pulmonary Ward,Emergency Department,3
Pulmonary Ward,Endoscopy Suite,11
Pulmonary Ward,Medical Ward,7
Pulmonary Ward,Operating Room/Suite,12
Pulmonary Ward,Medical Cardiac Critical Care,2
Pulmonary Ward,Medical Critical Care,13
Pulmonary Ward,Surgical Critical Care,1
Pulmonary Ward,Exit,96
Surgical Ward,Emergency Department,30
Surgical Ward,Endoscopy Suite,11
Surgical Ward,Medical Ward,8
Surgical Ward,Medical/Surgical Ward,1
Surgical Ward,Neurology Ward,3
Surgical Ward,Neurosurgical Ward,3
Surgical Ward,Operating Room/Suite,122
Surgical Ward,Pulmonary Ward,3
Surgical Ward,Medical Cardiac Critical Care,2
Surgical Ward,Medical Critical Care,4
Surgical Ward,Surgical Critical Care,6
Surgical Ward,ONC General Hematology/Oncology Ward,9
Surgical Ward,Exit,566
"Labor, Delivery, Recovery, Postpartum Suite (LDRP)",Postpartum Ward,371
"Labor, Delivery, Recovery, Postpartum Suite (LDRP)",Medical Critical Care,1
"Labor, Delivery, Recovery, Postpartum Suite (LDRP)",Neonatal Critical Care (Level III),11
"Labor, Delivery, Recovery, Postpartum Suite (LDRP)",Surgical Critical Care,1
"Labor, Delivery, Recovery, Postpartum Suite (LDRP)",Exit,77
Medical Cardiac Critical Care,Emergency Department,1
Medical Cardiac Critical Care,Medical Ward,90
Medical Cardiac Critical Care,Medical/Surgical Ward,4
Medical Cardiac Critical Care,Neurology Ward,1
Medical Cardiac Critical Care,Operating Room/Suite,17
Medical Cardiac Critical Care,Pulmonary Ward,3
Medical Cardiac Critical Care,Surgical Ward,1
Medical Cardiac Critical Care,Medical Critical Care,2
Medical Cardiac Critical Care,Neurologic Critical Care,2
Medical Cardiac Critical Care,Surgical Cardiothoracic Critical Care,2
Medical Cardiac Critical Care,Exit,27
Medical Critical Care,Medical Ward,78
Medical Critical Care,Neurology Ward,1
Medical Critical Care,Operating Room/Suite,8
Medical Critical Care,Postpartum Ward,1
Medical Critical Care,Pulmonary Ward,18
Medical Critical Care,Surgical Ward,6
Medical Critical Care,"Labor, Delivery, Recovery, Postpartum Suite (LDRP)",1
Medical Critical Care,Medical Cardiac Critical Care,2
Medical Critical Care,Surgical Cardiothoracic Critical Care,1
Medical Critical Care,Surgical Critical Care,1
Medical Critical Care,ONC Hematopoietic Stem Cell Transplant Ward,1
Medical Critical Care,ONC General Hematology/Oncology Ward,15
Medical Critical Care,Exit,37
Neonatal Critical Care (Level III),Pediatric Medical Ward,1
Neonatal Critical Care (Level III),Operating Room/Suite,9
Neonatal Critical Care (Level III),Postpartum Ward,4
Neonatal Critical Care (Level III),"Labor, Delivery, Recovery, Postpartum Suite (LDRP)",2
Neonatal Critical Care (Level III),Pediatric Cardiothoracic Critical Care,1
Neonatal Critical Care (Level III),Step down Neonatal Nursery (Level II),27
Neonatal Critical Care (Level III),Exit,37
Neurologic Critical Care,Medical Ward,4
Neurologic Critical Care,Medical/Surgical Ward,2
Neurologic Critical Care,Neurology Ward,13
Neurologic Critical Care,Neurosurgical Ward,84
Neurologic Critical Care,Operating Room/Suite,10
Neurologic Critical Care,Surgical Ward,2
Neurologic Critical Care,Medical Critical Care,1
Neurologic Critical Care,Surgical Critical Care,1
Neurologic Critical Care,ONC General Hematology/Oncology Ward,5
Neurologic Critical Care,Exit,55
Pediatric Cardiothoracic Critical Care,Pediatric Medical Ward,15
Pediatric Cardiothoracic Critical Care,Operating Room/Suite,1
Pediatric Cardiothoracic Critical Care,"Labor, Delivery, Recovery, Postpartum Suite (LDRP)",1
Pediatric Cardiothoracic Critical Care,Pediatric Medical/Surgical Critical Care,1
Pediatric Cardiothoracic Critical Care,Pediatric Step Down Unit (post-critical care),21
Pediatric Cardiothoracic Critical Care,ONC Pediatric General Hematology/Oncology Ward,1
Pediatric Cardiothoracic Critical Care,Exit,12
Pediatric Medical/Surgical Critical Care,Emergency Department,1
Pediatric Medical/Surgical Critical Care,Pediatric Medical Ward,26
Pediatric Medical/Surgical Critical Care,Operating Room/Suite,6
Pediatric Medical/Surgical Critical Care,Pediatric Cardiothoracic Critical Care,1
Pediatric Medical/Surgical Critical Care,Pediatric Step Down Unit (post-critical care),17
Pediatric Medical/Surgical Critical Care,ONC Pediatric Hematopoietic Stem Cell Transplant Ward,4
Pediatric Medical/Surgical Critical Care,ONC Pediatric General Hematology/Oncology Ward,33
Pediatric Medical/Surgical Critical Care,Exit,22
Pediatric Step Down Unit (post-critical care),Emergency Department,1
Pediatric Step Down Unit (post-critical care),Pediatric Medical Ward,24
Pediatric Step Down Unit (post-critical care),Operating Room/Suite,8
Pediatric Step Down Unit (post-critical care),"Labor, Delivery, Recovery, Postpartum Suite (LDRP)",1
Pediatric Step Down Unit (post-critical care),Pediatric Cardiothoracic Critical Care,6
Pediatric Step Down Unit (post-critical care),Pediatric Medical/Surgical Critical Care,11
Pediatric Step Down Unit (post-critical care),ONC Pediatric General Hematology/Oncology Ward,3
Pediatric Step Down Unit (post-critical care),Exit,31
Step down Neonatal Nursery (Level II),Operating Room/Suite,2
Step down Neonatal Nursery (Level II),Neonatal Critical Care (Level III),14
Step down Neonatal Nursery (Level II),Exit,15
Surgical Cardiothoracic Critical Care,Adult Step Down Unit (post-critical care),50
Surgical Cardiothoracic Critical Care,Medical Ward,3
Surgical Cardiothoracic Critical Care,Medical/Surgical Ward,137
Surgical Cardiothoracic Critical Care,Operating Room/Suite,19
Surgical Cardiothoracic Critical Care,Medical Cardiac Critical Care,2
Surgical Cardiothoracic Critical Care,ONC General Hematology/Oncology Ward,1
Surgical Cardiothoracic Critical Care,Exit,26
Surgical Critical Care,Adult Step Down Unit (post-critical care),1
Surgical Critical Care,Emergency Department,1
Surgical Critical Care,Medical Ward,12
Surgical Critical Care,Medical/Surgical Ward,7
Surgical Critical Care,Neurology Ward,4
Surgical Critical Care,Neurosurgical Ward,2
Surgical Critical Care,Operating Room/Suite,41
Surgical Critical Care,Pulmonary Ward,2
Surgical Critical Care,Surgical Ward,57
Surgical Critical Care,"Labor, Delivery, Recovery, Postpartum Suite (LDRP)",1
Surgical Critical Care,Medical Critical Care,2
Surgical Critical Care,Neurologic Critical Care,1
Surgical Critical Care,ONC General Hematology/Oncology Ward,11
Surgical Critical Care,Exit,25
ONC Hematopoietic Stem Cell Transplant Ward,Emergency Department,2
ONC Hematopoietic Stem Cell Transplant Ward,Endoscopy Suite,5
ONC Hematopoietic Stem Cell Transplant Ward,Medical Ward,1
ONC Hematopoietic Stem Cell Transplant Ward,Operating Room/Suite,3
ONC Hematopoietic Stem Cell Transplant Ward,Medical Cardiac Critical Care,1
ONC Hematopoietic Stem Cell Transplant Ward,Medical Critical Care,3
ONC Hematopoietic Stem Cell Transplant Ward,Surgical Critical Care,1
ONC Hematopoietic Stem Cell Transplant Ward,ONC General Hematology/Oncology Ward,2
ONC Hematopoietic Stem Cell Transplant Ward,Exit,37
ONC General Hematology/Oncology Ward,Adult Step Down Unit (post-critical care),1
ONC General Hematology/Oncology Ward,Emergency Department,28
ONC General Hematology/Oncology Ward,Endoscopy Suite,27
ONC General Hematology/Oncology Ward,Medical Ward,10
ONC General Hematology/Oncology Ward,Medical/Surgical Ward,1
ONC General Hematology/Oncology Ward,Neurosurgical Ward,1
ONC General Hematology/Oncology Ward,Operating Room/Suite,65
ONC General Hematology/Oncology Ward,Pulmonary Ward,1
ONC General Hematology/Oncology Ward,Surgical Ward,3
ONC General Hematology/Oncology Ward,Medical Cardiac Critical Care,1
ONC General Hematology/Oncology Ward,Medical Critical Care,13
ONC General Hematology/Oncology Ward,Surgical Critical Care,5
ONC General Hematology/Oncology Ward,ONC Hematopoietic Stem Cell Transplant Ward,1
ONC General Hematology/Oncology Ward,Exit,514
ONC Pediatric Hematopoietic Stem Cell Transplant Ward,Operating Room/Suite,7
ONC Pediatric Hematopoietic Stem Cell Transplant Ward,Pediatric Medical/Surgical Critical Care,3
ONC Pediatric Hematopoietic Stem Cell Transplant Ward,ONC Pediatric General Hematology/Oncology Ward,1
ONC Pediatric Hematopoietic Stem Cell Transplant Ward,Exit,13
ONC Pediatric General Hematology/Oncology Ward,Emergency Department,9
ONC Pediatric General Hematology/Oncology Ward,Pediatric Medical Ward,1
ONC Pediatric General Hematology/Oncology Ward,Operating Room/Suite,19
ONC Pediatric General Hematology/Oncology Ward,Postpartum Ward,1
ONC Pediatric General Hematology/Oncology Ward,Pediatric Medical/Surgical Critical Care,12
ONC Pediatric General Hematology/Oncology Ward,Pediatric Step Down Unit (post-critical care),1
ONC Pediatric General Hematology/Oncology Ward,ONC Hematopoietic Stem Cell Transplant Ward,1
ONC Pediatric General Hematology/Oncology Ward,Exit,239
