source,destination,count
Entry,24-Hour Observation Area,108
Entry,Adult Step Down Unit (post-critical care),29
Entry,Ambulatory Surgery Center,618
Entry,Emergency Department,7239
Entry,Endoscopy Suite,40
Entry,Behavioral Health/Psych Ward,49
Entry,Pediatric Medical Ward,50
Entry,Medical Ward,296
Entry,Medical/Surgical Ward,145
Entry,Neurology Ward,31
Entry,Neurosurgical Ward,50
Entry,Operating Room/Suite,1709
Entry,Postpartum Ward,139
Entry,Pulmonary Ward,40
Entry,Surgical Ward,60
Entry,"Labor, Delivery, Recovery, Postpartum Suite (LDRP)",506
Entry,Medical Cardiac Critical Care,31
Entry,Medical Critical Care,22
Entry,Neonatal Critical Care (Level III),41
Entry,Neurologic Critical Care,22
Entry,Pediatric Cardiothoracic Critical Care,19
Entry,Pediatric Medical/Surgical Critical Care,20
Entry,Pediatric Step Down Unit (post-critical care),6
Entry,Surgical Cardiothoracic Critical Care,11
Entry,Surgical Critical Care,7
Entry,ONC Hematopoietic Stem Cell Transplant Ward,34
Entry,ONC General Hematology/Oncology Ward,221
Entry,ONC Pediatric Hematopoietic Stem Cell Transplant Ward,10
Entry,ONC Pediatric General Hematology/Oncology Ward,103
24-Hour Observation Area,Medical Ward,3
24-Hour Observation Area,Neurology Ward,2
24-Hour Observation Area,Operating Room/Suite,16
24-Hour Observation Area,Medical Critical Care,1
24-Hour Observation Area,ONC General Hematology/Oncology Ward,3
24-Hour Observation Area,Exit,215
Adult Step Down Unit (post-critical care),Emergency Department,1
Adult Step Down Unit (post-critical care),Endoscopy Suite,5
Adult Step Down Unit (post-critical care),Medical Ward,3
Adult Step Down Unit (post-critical care),Medical/Surgical Ward,1
Adult Step Down Unit (post-critical care),Neurology Ward,1
Adult Step Down Unit (post-critical care),Operating Room/Suite,12
Adult Step Down Unit (post-critical care),Pulmonary Ward,1
Adult Step Down Unit (post-critical care),Surgical Ward,2
Adult Step Down Unit (post-critical care),Surgical Cardiothoracic Critical Care,12
Adult Step Down Unit (post-critical care),Surgical Critical Care,2
Adult Step Down Unit (post-critical care),ONC General Hematology/Oncology Ward,1
Adult Step Down Unit (post-critical care),Exit,111
Ambulatory Surgery Center,Operating Room/Suite,4
Ambulatory Surgery Center,Surgical Ward,2
Ambulatory Surgery Center,Exit,613
Emergency Department,Adult Step Down Unit (post-critical care),20
Emergency Department,Endoscopy Suite,3
Emergency Department,Pediatric Medical Ward,82
Emergency Department,Medical Ward,544
Emergency Department,Medical/Surgical Ward,92
Emergency Department,Neurology Ward,86
Emergency Department,Neurosurgical Ward,67
Emergency Department,Operating Room/Suite,89
Emergency Department,Pulmonary Ward,48
Emergency Department,Surgical Ward,175
Emergency Department,Medical Cardiac Critical Care,43
Emergency Department,Medical Critical Care,49
Emergency Department,Neurologic Critical Care,31
Emergency Department,Pediatric Cardiothoracic Critical Care,2
Emergency Department,Pediatric Medical/Surgical Critical Care,27
Emergency Department,Pediatric Step Down Unit (post-critical care),12
Emergency Department,Surgical Cardiothoracic Critical Care,1
Emergency Department,Surgical Critical Care,37
Emergency Department,ONC Hematopoietic Stem Cell Transplant Ward,16
Emergency Department,ONC General Hematology/Oncology Ward,215
Emergency Department,ONC Pediatric General Hematology/Oncology Ward,122
Emergency Department,Exit,5490
Endoscopy Suite,Adult Step Down Unit (post-critical care),5
Endoscopy Suite,Emergency Department,2
Endoscopy Suite,Medical Ward,52
Endoscopy Suite,Medical/Surgical Ward,20
Endoscopy Suite,Neurology Ward,3
Endoscopy Suite,Neurosurgical Ward,4
Endoscopy Suite,Pulmonary Ward,16
Endoscopy Suite,Surgical Ward,9
Endoscopy Suite,Surgical Cardiothoracic Critical Care,1
Endoscopy Suite,ONC Hematopoietic Stem Cell Transplant Ward,7
Endoscopy Suite,ONC General Hematology/Oncology Ward,21
Endoscopy Suite,Exit,39
Behavioral Health/Psych Ward,Exit,50
Pediatric Medical Ward,Medical Ward,1
Pediatric Medical Ward,Operating Room/Suite,40
Pediatric Medical Ward,Pediatric Cardiothoracic Critical Care,4
Pediatric Medical Ward,Pediatric Medical/Surgical Critical Care,8
Pediatric Medical Ward,Pediatric Step Down Unit (post-critical care),2
Pediatric Medical Ward,Exit,265
Medical Ward,Endoscopy Suite,52
Medical Ward,Medical/Surgical Ward,2
Medical Ward,Neurology Ward,1
Medical Ward,Neurosurgical Ward,2
Medical Ward,Operating Room/Suite,91
Medical Ward,Pulmonary Ward,6
Medical Ward,Surgical Ward,1
Medical Ward,Medical Cardiac Critical Care,31
Medical Ward,Medical Critical Care,22
Medical Ward,Neurologic Critical Care,2
Medical Ward,Surgical Cardiothoracic Critical Care,2
Medical Ward,Surgical Critical Care,8
Medical Ward,ONC General Hematology/Oncology Ward,10
Medical Ward,Exit,921
Medical/Surgical Ward,Adult Step Down Unit (post-critical care),2
Medical/Surgical Ward,Endoscopy Suite,20
Medical/Surgical Ward,Medical Ward,12
Medical/Surgical Ward,Operating Room/Suite,143
Medical/Surgical Ward,Pulmonary Ward,6
Medical/Surgical Ward,Surgical Ward,29
Medical/Surgical Ward,"Labor, Delivery, Recovery, Postpartum Suite (LDRP)",1
Medical/Surgical Ward,Medical Cardiac Critical Care,1
Medical/Surgical Ward,Medical Critical Care,2
Medical/Surgical Ward,Surgical Cardiothoracic Critical Care,22
Medical/Surgical Ward,Surgical Critical Care,2
Medical/Surgical Ward,ONC General Hematology/Oncology Ward,6
Medical/Surgical Ward,Exit,277
Neurology Ward,Endoscopy Suite,3
Neurology Ward,Medical Ward,3
Neurology Ward,Medical/Surgical Ward,1
Neurology Ward,Neurosurgical Ward,1
Neurology Ward,Operating Room/Suite,25
Neurology Ward,Pulmonary Ward,2
Neurology Ward,Surgical Ward,1
Neurology Ward,Medical Critical Care,4
Neurology Ward,Neurologic Critical Care,1
Neurology Ward,ONC General Hematology/Oncology Ward,2
Neurology Ward,Exit,196
Neurosurgical Ward,Endoscopy Suite,4
Neurosurgical Ward,Medical Ward,2
Neurosurgical Ward,Medical/Surgical Ward,1
Neurosurgical Ward,Operating Room/Suite,72
Neurosurgical Ward,Surgical Ward,1
Neurosurgical Ward,Neurologic Critical Care,5
Neurosurgical Ward,Surgical Critical Care,1
Neurosurgical Ward,Exit,192
Operating Room/Suite,24-Hour Observation Area,129
Operating Room/Suite,Adult Step Down Unit (post-critical care),31
Operating Room/Suite,Ambulatory Surgery Center,1
Operating Room/Suite,Pediatric Medical Ward,123
Operating Room/Suite,Medical Ward,71
Operating Room/Suite,Medical/Surgical Ward,132
Operating Room/Suite,Neurology Ward,85
Operating Room/Suite,Neurosurgical Ward,70
Operating Room/Suite,Postpartum Ward,1
Operating Room/Suite,Pulmonary Ward,7
Operating Room/Suite,Surgical Ward,375
Operating Room/Suite,"Labor, Delivery, Recovery, Postpartum Suite (LDRP)",3
Operating Room/Suite,Medical Cardiac Critical Care,3
Operating Room/Suite,Medical Critical Care,4
Operating Room/Suite,Neonatal Critical Care (Level III),4
Operating Room/Suite,Neurologic Critical Care,66
Operating Room/Suite,Pediatric Cardiothoracic Critical Care,16
Operating Room/Suite,Pediatric Medical/Surgical Critical Care,34
Operating Room/Suite,Pediatric Step Down Unit (post-critical care),20
Operating Room/Suite,Surgical Cardiothoracic Critical Care,171
Operating Room/Suite,Surgical Critical Care,78
Operating Room/Suite,ONC Hematopoietic Stem Cell Transplant Ward,3
Operating Room/Suite,ONC General Hematology/Oncology Ward,160
Operating Room/Suite,ONC Pediatric Hematopoietic Stem Cell Transplant Ward,13
Operating Room/Suite,ONC Pediatric General Hematology/Oncology Ward,35
Operating Room/Suite,Exit,850
Postpartum Ward,Medical/Surgical Ward,1
Postpartum Ward,"Labor, Delivery, Recovery, Postpartum Suite (LDRP)",17
Postpartum Ward,Neonatal Critical Care (Level III),8
Postpartum Ward,ONC Pediatric General Hematology/Oncology Ward,3
Postpartum Ward,Exit,528
Pulmonary Ward,Endoscopy Suite,15
Pulmonary Ward,Medical Ward,9
Pulmonary Ward,Neurology Ward,1
Pulmonary Ward,Operating Room/Suite,9
Pulmonary Ward,Medical Cardiac Critical Care,1
Pulmonary Ward,Medical Critical Care,6
Pulmonary Ward,ONC General Hematology/Oncology Ward,2
Pulmonary Ward,Exit,109
Surgical Ward,Endoscopy Suite,9
Surgical Ward,Pediatric Medical Ward,1
Surgical Ward,Medical Ward,15
Surgical Ward,Medical/Surgical Ward,4
Surgical Ward,Neurology Ward,2
Surgical Ward,Operating Room/Suite,105
Surgical Ward,Medical Cardiac Critical Care,1
Surgical Ward,Medical Critical Care,2
Surgical Ward,Surgical Critical Care,15
Surgical Ward,ONC General Hematology/Oncology Ward,12
Surgical Ward,Exit,574
"Labor, Delivery, Recovery, Postpartum Suite (LDRP)",Medical Ward,1
"Labor, Delivery, Recovery, Postpartum Suite (LDRP)",Operating Room/Suite,4
"Labor, Delivery, Recovery, Postpartum Suite (LDRP)",Postpartum Ward,421
"Labor, Delivery, Recovery, Postpartum Suite (LDRP)",Medical Critical Care,2
"Labor, Delivery, Recovery, Postpartum Suite (LDRP)",Neonatal Critical Care (Level III),16
"Labor, Delivery, Recovery, Postpartum Suite (LDRP)",Surgical Critical Care,1
"Labor, Delivery, Recovery, Postpartum Suite (LDRP)",ONC General Hematology/Oncology Ward,3
"Labor, Delivery, Recovery, Postpartum Suite (LDRP)",ONC Pediatric General Hematology/Oncology Ward,1
"Labor, Delivery, Recovery, Postpartum Suite (LDRP)",Exit,78
Medical Cardiac Critical Care,Adult Step Down Unit (post-critical care),2
Medical Cardiac Critical Care,Medical Ward,80
Medical Cardiac Critical Care,Medical/Surgical Ward,1
Medical Cardiac Critical Care,Operating Room/Suite,7
Medical Cardiac Critical Care,Postpartum Ward,1
Medical Cardiac Critical Care,Pulmonary Ward,1
Medical Cardiac Critical Care,Surgical Ward,2
Medical Cardiac Critical Care,Medical Critical Care,2
Medical Cardiac Critical Care,Surgical Cardiothoracic Critical Care,4
Medical Cardiac Critical Care,ONC Hematopoietic Stem Cell Transplant Ward,2
Medical Cardiac Critical Care,ONC General Hematology/Oncology Ward,1
Medical Cardiac Critical Care,Exit,22
Medical Critical Care,Medical Ward,54
Medical Critical Care,Neurology Ward,2
Medical Critical Care,Neurosurgical Ward,4
Medical Critical Care,Operating Room/Suite,1
Medical Critical Care,Pulmonary Ward,19
Medical Critical Care,Surgical Ward,2
Medical Critical Care,"Labor, Delivery, Recovery, Postpartum Suite (LDRP)",1
Medical Critical Care,Medical Cardiac Critical Care,1
Medical Critical Care,Neurologic Critical Care,1
Medical Critical Care,Surgical Cardiothoracic Critical Care,1
Medical Critical Care,Surgical Critical Care,3
Medical Critical Care,ONC Hematopoietic Stem Cell Transplant Ward,3
Medical Critical Care,ONC General Hematology/Oncology Ward,16
Medical Critical Care,Exit,31
Neonatal Critical Care (Level III),Operating Room/Suite,4
Neonatal Critical Care (Level III),Postpartum Ward,3
Neonatal Critical Care (Level III),"Labor, Delivery, Recovery, Postpartum Suite (LDRP)",1
Neonatal Critical Care (Level III),Step down Neonatal Nursery (Level II),36
Neonatal Critical Care (Level III),Exit,40
Neurologic Critical Care,Medical Ward,4
Neurologic Critical Care,Neurology Ward,9
Neurologic Critical Care,Neurosurgical Ward,73
Neurologic Critical Care,Operating Room/Suite,8
Neurologic Critical Care,Surgical Ward,1
Neurologic Critical Care,Surgical Critical Care,2
Neurologic Critical Care,Exit,35
Pediatric Cardiothoracic Critical Care,Pediatric Medical Ward,9
Pediatric Cardiothoracic Critical Care,Operating Room/Suite,3
Pediatric Cardiothoracic Critical Care,Neonatal Critical Care (Level III),1
Pediatric Cardiothoracic Critical Care,Pediatric Step Down Unit (post-critical care),19
Pediatric Cardiothoracic Critical Care,Exit,12
Pediatric Medical/Surgical Critical Care,Pediatric Medical Ward,38
Pediatric Medical/Surgical Critical Care,Neurology Ward,1
Pediatric Medical/Surgical Critical Care,Operating Room/Suite,1
Pediatric Medical/Surgical Critical Care,Medical Critical Care,1
Pediatric Medical/Surgical Critical Care,Pediatric Step Down Unit (post-critical care),10
Pediatric Medical/Surgical Critical Care,ONC General Hematology/Oncology Ward,1
Pediatric Medical/Surgical Critical Care,ONC Pediatric Hematopoietic Stem Cell Transplant Ward,5
Pediatric Medical/Surgical Critical Care,ONC Pediatric General Hematology/Oncology Ward,34
Pediatric Medical/Surgical Critical Care,Exit,13
Pediatric Step Down Unit (post-critical care),Pediatric Medical Ward,21
Pediatric Step Down Unit (post-critical care),Operating Room/Suite,16
Pediatric Step Down Unit (post-critical care),Pediatric Cardiothoracic Critical Care,5
Pediatric Step Down Unit (post-critical care),Pediatric Medical/Surgical Critical Care,3
Pediatric Step Down Unit (post-critical care),ONC Pediatric General Hematology/Oncology Ward,2
Pediatric Step Down Unit (post-critical care),Exit,24
Step down Neonatal Nursery (Level II),Neonatal Critical Care (Level III),19
Step down Neonatal Nursery (Level II),Exit,14
Surgical Cardiothoracic Critical Care,Adult Step Down Unit (post-critical care),63
Surgical Cardiothoracic Critical Care,Endoscopy Suite,1
Surgical Cardiothoracic Critical Care,Medical/Surgical Ward,136
Surgical Cardiothoracic Critical Care,Operating Room/Suite,7
Surgical Cardiothoracic Critical Care,Medical Cardiac Critical Care,5
Surgical Cardiothoracic Critical Care,Medical Critical Care,1
Surgical Cardiothoracic Critical Care,ONC General Hematology/Oncology Ward,1
Surgical Cardiothoracic Critical Care,Exit,13
Surgical Critical Care,Medical Ward,16
Surgical Critical Care,Medical/Surgical Ward,2
Surgical Critical Care,Neurology Ward,10
Surgical Critical Care,Neurosurgical Ward,3
Surgical Critical Care,Operating Room/Suite,13
Surgical Critical Care,Surgical Ward,73
Surgical Critical Care,"Labor, Delivery, Recovery, Postpartum Suite (LDRP)",2
Surgical Critical Care,Medical Cardiac Critical Care,1
Surgical Critical Care,Medical Critical Care,5
Surgical Critical Care,Neurologic Critical Care,3
Surgical Critical Care,ONC General Hematology/Oncology Ward,14
Surgical Critical Care,Exit,17
ONC Hematopoietic Stem Cell Transplant Ward,Endoscopy Suite,7
ONC Hematopoietic Stem Cell Transplant Ward,Medical Ward,1
ONC Hematopoietic Stem Cell Transplant Ward,Operating Room/Suite,7
ONC Hematopoietic Stem Cell Transplant Ward,Medical Cardiac Critical Care,3
ONC Hematopoietic Stem Cell Transplant Ward,Medical Critical Care,4
ONC Hematopoietic Stem Cell Transplant Ward,ONC General Hematology/Oncology Ward,4
ONC Hematopoietic Stem Cell Transplant Ward,Exit,44
ONC General Hematology/Oncology Ward,Endoscopy Suite,20
ONC General Hematology/Oncology Ward,Medical Ward,4
ONC General Hematology/Oncology Ward,Operating Room/Suite,64
ONC General Hematology/Oncology Ward,Pulmonary Ward,2
ONC General Hematology/Oncology Ward,Surgical Ward,7
ONC General Hematology/Oncology Ward,Medical Cardiac Critical Care,3
ONC General Hematology/Oncology Ward,Medical Critical Care,14
ONC General Hematology/Oncology Ward,Neurologic Critical Care,1
ONC General Hematology/Oncology Ward,Pediatric Medical/Surgical Critical Care,1
ONC General Hematology/Oncology Ward,Surgical Cardiothoracic Critical Care,1
ONC General Hematology/Oncology Ward,Surgical Critical Care,4
ONC General Hematology/Oncology Ward,ONC Hematopoietic Stem Cell Transplant Ward,2
ONC General Hematology/Oncology Ward,Exit,571
ONC Pediatric Hematopoietic Stem Cell Transplant Ward,Operating Room/Suite,7
ONC Pediatric Hematopoietic Stem Cell Transplant Ward,Pediatric Medical/Surgical Critical Care,7
ONC Pediatric Hematopoietic Stem Cell Transplant Ward,Exit,16
ONC Pediatric General Hematology/Oncology Ward,Pediatric Medical Ward,1
ONC Pediatric General Hematology/Oncology Ward,Operating Room/Suite,29
ONC Pediatric General Hematology/Oncology Ward,Pediatric Medical/Surgical Critical Care,11
ONC Pediatric General Hematology/Oncology Ward,ONC General Hematology/Oncology Ward,1
ONC Pediatric General Hematology/Oncology Ward,Exit,259
