source,destination,count
Entry,24-Hour Observation Area,99
Entry,Adult Step Down Unit (post-critical care),18
Entry,Ambulatory Surgery Center,593
Entry,Emergency Department,6863
Entry,Endoscopy Suite,24
Entry,Behavioral Health/Psych Ward,51
Entry,Pediatric Medical Ward,48
Entry,Medical Ward,257
Entry,Medical/Surgical Ward,133
Entry,Neurology Ward,52
Entry,Neurosurgical Ward,51
Entry,Operating Room/Suite,1541
Entry,Postpartum Ward,112
Entry,Pulmonary Ward,49
Entry,Surgical Ward,67
Entry,"Labor, Delivery, Recovery, Postpartum Suite (LDRP)",427
Entry,Medical Cardiac Critical Care,36
Entry,Medical Critical Care,18
Entry,Neonatal Critical Care (Level III),25
Entry,Neurologic Critical Care,30
Entry,Pediatric Cardiothoracic Critical Care,15
Entry,Pediatric Medical/Surgical Critical Care,21
Entry,Pediatric Step Down Unit (post-critical care),8
Entry,Surgical Cardiothoracic Critical Care,10
Entry,Surgical Critical Care,3
Entry,ONC Hematopoietic Stem Cell Transplant Ward,35
Entry,ONC General Hematology/Oncology Ward,211
Entry,ONC Pediatric Hematopoietic Stem Cell Transplant Ward,12
Entry,ONC Pediatric General Hematology/Oncology Ward,99
24-Hour Observation Area,Medical Ward,6
24-Hour Observation Area,Medical/Surgical Ward,1
24-Hour Observation Area,Operating Room/Suite,6
24-Hour Observation Area,Pulmonary Ward,1
24-Hour Observation Area,Surgical Ward,7
24-Hour Observation Area,Medical Cardiac Critical Care,1
24-Hour Observation Area,ONC General Hematology/Oncology Ward,5
24-Hour Observation Area,Exit,190
Adult Step Down Unit (post-critical care),Endoscopy Suite,4
Adult Step Down Unit (post-critical care),Operating Room/Suite,14
Adult Step Down Unit (post-critical care),Medical Critical Care,1
Adult Step Down Unit (post-critical care),Surgical Cardiothoracic Critical Care,6
Adult Step Down Unit (post-critical care),Surgical Critical Care,1
Adult Step Down Unit (post-critical care),Exit,87
Ambulatory Surgery Center,Operating Room/Suite,1
Ambulatory Surgery Center,Surgical Ward,4
Ambulatory Surgery Center,ONC General Hematology/Oncology Ward,1
Ambulatory Surgery Center,Exit,587
Emergency Department,Adult Step Down Unit (post-critical care),13
Emergency Department,Endoscopy Suite,3
Emergency Department,Pediatric Medical Ward,83
Emergency Department,Medical Ward,516
Emergency Department,Medical/Surgical Ward,52
Emergency Department,Neurology Ward,76
Emergency Department,Neurosurgical Ward,86
Emergency Department,Operating Room/Suite,91
Emergency Department,Postpartum Ward,1
Emergency Department,Pulmonary Ward,76
Emergency Department,Surgical Ward,150
Emergency Department,"Labor, Delivery, Recovery, Postpartum Suite (LDRP)",3
Emergency Department,Medical Cardiac Critical Care,50
Emergency Department,Medical Critical Care,27
Emergency Department,Neurologic Critical Care,17
Emergency Department,Pediatric Cardiothoracic Critical Care,3
Emergency Department,Pediatric Medical/Surgical Critical Care,25
Emergency Department,Pediatric Step Down Unit (post-critical care),12
Emergency Department,Surgical Cardiothoracic Critical Care,4
Emergency Department,Surgical Critical Care,26
Emergency Department,ONC Hematopoietic Stem Cell Transplant Ward,5
Emergency Department,ONC General Hematology/Oncology Ward,186
Emergency Department,ONC Pediatric General Hematology/Oncology Ward,89
Emergency Department,Exit,5289
Endoscopy Suite,Adult Step Down Unit (post-critical care),4
Endoscopy Suite,Emergency Department,2
Endoscopy Suite,Medical Ward,51
Endoscopy Suite,Medical/Surgical Ward,21
Endoscopy Suite,Neurology Ward,2
Endoscopy Suite,Pulmonary Ward,15
Endoscopy Suite,Surgical Ward,13
Endoscopy Suite,Medical Cardiac Critical Care,1
Endoscopy Suite,Medical Critical Care,1
Endoscopy Suite,ONC Hematopoietic Stem Cell Transplant Ward,5
Endoscopy Suite,ONC General Hematology/Oncology Ward,23
Endoscopy Suite,Exit,23
Behavioral Health/Psych Ward,Exit,50
Pediatric Medical Ward,Operating Room/Suite,33
Pediatric Medical Ward,Pediatric Cardiothoracic Critical Care,2
Pediatric Medical Ward,Pediatric Medical/Surgical Critical Care,4
Pediatric Medical Ward,Pediatric Step Down Unit (post-critical care),4
Pediatric Medical Ward,ONC Pediatric General Hematology/Oncology Ward,6
Pediatric Medical Ward,Exit,248
Medical Ward,Endoscopy Suite,51
Medical Ward,Medical/Surgical Ward,1
Medical Ward,Neurology Ward,1
Medical Ward,Neurosurgical Ward,2
Medical Ward,Operating Room/Suite,83
Medical Ward,Pulmonary Ward,4
Medical Ward,Surgical Ward,3
Medical Ward,Medical Cardiac Critical Care,37
Medical Ward,Medical Critical Care,12
Medical Ward,Neurologic Critical Care,4
Medical Ward,Surgical Critical Care,2
Medical Ward,ONC General Hematology/Oncology Ward,16
Medical Ward,Exit,879
Medical/Surgical Ward,Adult Step Down Unit (post-critical care),2
Medical/Surgical Ward,Endoscopy Suite,21
Medical/Surgical Ward,Medical Ward,10
Medical/Surgical Ward,Operating Room/Suite,118
Medical/Surgical Ward,Pulmonary Ward,4
Medical/Surgical Ward,Surgical Ward,33
Medical/Surgical Ward,Medical Cardiac Critical Care,4
Medical/Surgical Ward,Medical Critical Care,1
Medical/Surgical Ward,Neurologic Critical Care,1
Medical/Surgical Ward,Surgical Cardiothoracic Critical Care,17
Medical/Surgical Ward,Surgical Critical Care,4
Medical/Surgical Ward,ONC General Hematology/Oncology Ward,9
Medical/Surgical Ward,Exit,256
Neurology Ward,Endoscopy Suite,2
Neurology Ward,Medical Ward,7
Neurology Ward,Operating Room/Suite,26
Neurology Ward,Pulmonary Ward,1
Neurology Ward,Medical Critical Care,1
Neurology Ward,Neurologic Critical Care,1
Neurology Ward,ONC General Hematology/Oncology Ward,3
Neurology Ward,Exit,180
Neurosurgical Ward,Medical Ward,1
Neurosurgical Ward,Operating Room/Suite,60
Neurosurgical Ward,Surgical Ward,1
Neurosurgical Ward,Medical Critical Care,1
Neurosurgical Ward,Neurologic Critical Care,7
Neurosurgical Ward,Surgical Critical Care,1
Neurosurgical Ward,ONC General Hematology/Oncology Ward,4
Neurosurgical Ward,Exit,223
Operating Room/Suite,24-Hour Observation Area,113
Operating Room/Suite,Adult Step Down Unit (post-critical care),24
Operating Room/Suite,Pediatric Medical Ward,100
Operating Room/Suite,Medical Ward,57
Operating Room/Suite,Medical/Surgical Ward,103
Operating Room/Suite,Neurology Ward,71
Operating Room/Suite,Neurosurgical Ward,68
Operating Room/Suite,Postpartum Ward,1
Operating Room/Suite,Pulmonary Ward,7
Operating Room/Suite,Surgical Ward,410
Operating Room/Suite,"Labor, Delivery, Recovery, Postpartum Suite (LDRP)",2
Operating Room/Suite,Medical Cardiac Critical Care,5
Operating Room/Suite,Medical Critical Care,9
Operating Room/Suite,Neonatal Critical Care (Level III),3
Operating Room/Suite,Neurologic Critical Care,71
Operating Room/Suite,Pediatric Cardiothoracic Critical Care,25
Operating Room/Suite,Pediatric Medical/Surgical Critical Care,35
Operating Room/Suite,Pediatric Step Down Unit (post-critical care),18
Operating Room/Suite,Surgical Cardiothoracic Critical Care,178
Operating Room/Suite,Surgical Critical Care,58
Operating Room/Suite,ONC Hematopoietic Stem Cell Transplant Ward,1
Operating Room/Suite,ONC General Hematology/Oncology Ward,150
Operating Room/Suite,ONC Pediatric Hematopoietic Stem Cell Transplant Ward,11
Operating Room/Suite,ONC Pediatric General Hematology/Oncology Ward,31
Operating Room/Suite,Exit,726
Postpartum Ward,Operating Room/Suite,1
Postpartum Ward,"Labor, Delivery, Recovery, Postpartum Suite (LDRP)",21
Postpartum Ward,Neonatal Critical Care (Level III),8
Postpartum Ward,ONC Pediatric General Hematology/Oncology Ward,2
Postpartum Ward,Exit,443
Pulmonary Ward,Endoscopy Suite,14
Pulmonary Ward,Medical Ward,1
Pulmonary Ward,Neurology Ward,1
Pulmonary Ward,Operating Room/Suite,11
Pulmonary Ward,Surgical Ward,1
Pulmonary Ward,Medical Cardiac Critical Care,4
Pulmonary Ward,Medical Critical Care,12
Pulmonary Ward,Surgical Critical Care,4
Pulmonary Ward,ONC General Hematology/Oncology Ward,7
Pulmonary Ward,Exit,127
Surgical Ward,Adult Step Down Unit (post-critical care),1
Surgical Ward,Endoscopy Suite,14
Surgical Ward,Medical Ward,10
Surgical Ward,Medical/Surgical Ward,1
Surgical Ward,Neurology Ward,1
Surgical Ward,Operating Room/Suite,113
Surgical Ward,Medical Cardiac Critical Care,1
Surgical Ward,Medical Critical Care,2
Surgical Ward,Surgical Critical Care,16
Surgical Ward,ONC General Hematology/Oncology Ward,12
Surgical Ward,Exit,572
"Labor, Delivery, Recovery, Postpartum Suite (LDRP)",Operating Room/Suite,1
"Labor, Delivery, Recovery, Postpartum Suite (LDRP)",Postpartum Ward,354
"Labor, Delivery, Recovery, Postpartum Suite (LDRP)",Neonatal Critical Care (Level III),12
"Labor, Delivery, Recovery, Postpartum Suite (LDRP)",Neurologic Critical Care,1
"Labor, Delivery, Recovery, Postpartum Suite (LDRP)",Pediatric Cardiothoracic Critical Care,3
"Labor, Delivery, Recovery, Postpartum Suite (LDRP)",Surgical Critical Care,1
"Labor, Delivery, Recovery, Postpartum Suite (LDRP)",ONC General Hematology/Oncology Ward,1
"Labor, Delivery, Recovery, Postpartum Suite (LDRP)",Exit,87
Medical Cardiac Critical Care,Medical Ward,93
Medical Cardiac Critical Care,Medical/Surgical Ward,5
Medical Cardiac Critical Care,Neurosurgical Ward,1
Medical Cardiac Critical Care,Operating Room/Suite,19
Medical Cardiac Critical Care,Pulmonary Ward,7
Medical Cardiac Critical Care,Medical Critical Care,1
Medical Cardiac Critical Care,Surgical Cardiothoracic Critical Care,2
Medical Cardiac Critical Care,Surgical Critical Care,2
Medical Cardiac Critical Care,ONC Hematopoietic Stem Cell Transplant Ward,1
Medical Cardiac Critical Care,ONC General Hematology/Oncology Ward,2
Medical Cardiac Critical Care,Exit,18
Medical Critical Care,Medical Ward,43
Medical Critical Care,Medical/Surgical Ward,2
Medical Critical Care,Neurosurgical Ward,1
Medical Critical Care,Operating Room/Suite,5
Medical Critical Care,Pulmonary Ward,17
Medical Critical Care,Surgical Ward,2
Medical Critical Care,"Labor, Delivery, Recovery, Postpartum Suite (LDRP)",1
Medical Critical Care,Medical Cardiac Critical Care,1
Medical Critical Care,Neurologic Critical Care,2
Medical Critical Care,Surgical Cardiothoracic Critical Care,2
Medical Critical Care,Surgical Critical Care,4
Medical Critical Care,ONC Hematopoietic Stem Cell Transplant Ward,2
Medical Critical Care,ONC General Hematology/Oncology Ward,8
Medical Critical Care,Exit,21
Neonatal Critical Care (Level III),Operating Room/Suite,2
Neonatal Critical Care (Level III),Postpartum Ward,2
Neonatal Critical Care (Level III),"Labor, Delivery, Recovery, Postpartum Suite (LDRP)",1
Neonatal Critical Care (Level III),Step down Neonatal Nursery (Level II),21
Neonatal Critical Care (Level III),ONC Pediatric General Hematology/Oncology Ward,1
Neonatal Critical Care (Level III),Exit,42
Neurologic Critical Care,Medical Ward,6
Neurologic Critical Care,Medical/Surgical Ward,1
Neurologic Critical Care,Neurology Ward,7
Neurologic Critical Care,Neurosurgical Ward,78
Neurologic Critical Care,Operating Room/Suite,11
Neurologic Critical Care,Pulmonary Ward,1
Neurologic Critical Care,Medical Critical Care,1
Neurologic Critical Care,Surgical Critical Care,2
Neurologic Critical Care,Exit,31
Pediatric Cardiothoracic Critical Care,Pediatric Medical Ward,6
Pediatric Cardiothoracic Critical Care,Medical/Surgical Ward,1
Pediatric Cardiothoracic Critical Care,Operating Room/Suite,8
Pediatric Cardiothoracic Critical Care,Pediatric Medical/Surgical Critical Care,1
Pediatric Cardiothoracic Critical Care,Pediatric Step Down Unit (post-critical care),23
Pediatric Cardiothoracic Critical Care,Exit,10
Pediatric Medical/Surgical Critical Care,Pediatric Medical Ward,32
Pediatric Medical/Surgical Critical Care,Medical Ward,1
Pediatric Medical/Surgical Critical Care,Operating Room/Suite,7
Pediatric Medical/Surgical Critical Care,Pediatric Step Down Unit (post-critical care),11
Pediatric Medical/Surgical Critical Care,ONC Pediatric Hematopoietic Stem Cell Transplant Ward,2
Pediatric Medical/Surgical Critical Care,ONC Pediatric General Hematology/Oncology Ward,38
Pediatric Medical/Surgical Critical Care,Exit,18
Pediatric Step Down Unit (post-critical care),Pediatric Medical Ward,25
Pediatric Step Down Unit (post-critical care),Operating Room/Suite,13
Pediatric Step Down Unit (post-critical care),Pediatric Cardiothoracic Critical Care,2
Pediatric Step Down Unit (post-critical care),Pediatric Medical/Surgical Critical Care,2
Pediatric Step Down Unit (post-critical care),Exit,33
Step down Neonatal Nursery (Level II),Operating Room/Suite,1
Step down Neonatal Nursery (Level II),Neonatal Critical Care (Level III),6
Step down Neonatal Nursery (Level II),Exit,14
Surgical Cardiothoracic Critical Care,Adult Step Down Unit (post-critical care),54
Surgical Cardiothoracic Critical Care,Medical Ward,2
Surgical Cardiothoracic Critical Care,Medical/Surgical Ward,142
Surgical Cardiothoracic Critical Care,Operating Room/Suite,8
Surgical Cardiothoracic Critical Care,Pulmonary Ward,1
Surgical Cardiothoracic Critical Care,Medical Cardiac Critical Care,5
Surgical Cardiothoracic Critical Care,Medical Critical Care,4
Surgical Cardiothoracic Critical Care,Surgical Critical Care,2
Surgical Cardiothoracic Critical Care,Exit,8
Surgical Critical Care,Medical Ward,10
Surgical Critical Care,Medical/Surgical Ward,12
Surgical Critical Care,Neurology Ward,6
Surgical Critical Care,Neurosurgical Ward,6
Surgical Critical Care,Operating Room/Suite,14
Surgical Critical Care,Pulmonary Ward,2
Surgical Critical Care,Surgical Ward,44
Surgical Critical Care,"Labor, Delivery, Recovery, Postpartum Suite (LDRP)",1
Surgical Critical Care,Medical Cardiac Critical Care,2
Surgical Critical Care,Medical Critical Care,8
Surgical Critical Care,Neurologic Critical Care,3
Surgical Critical Care,Surgical Cardiothoracic Critical Care,4
Surgical Critical Care,ONC Hematopoietic Stem Cell Transplant Ward,1
Surgical Critical Care,ONC General Hematology/Oncology Ward,6
Surgical Critical Care,Exit,12
ONC Hematopoietic Stem Cell Transplant Ward,Endoscopy Suite,6
ONC Hematopoietic Stem Cell Transplant Ward,Operating Room/Suite,2
ONC Hematopoietic Stem Cell Transplant Ward,Medical Critical Care,2
ONC Hematopoietic Stem Cell Transplant Ward,Surgical Critical Care,1
ONC Hematopoietic Stem Cell Transplant Ward,ONC General Hematology/Oncology Ward,5
ONC Hematopoietic Stem Cell Transplant Ward,Exit,32
ONC General Hematology/Oncology Ward,Emergency Department,1
ONC General Hematology/Oncology Ward,Endoscopy Suite,22
ONC General Hematology/Oncology Ward,Medical Ward,5
ONC General Hematology/Oncology Ward,Neurosurgical Ward,3
ONC General Hematology/Oncology Ward,Operating Room/Suite,62
ONC General Hematology/Oncology Ward,Pulmonary Ward,1
ONC General Hematology/Oncology Ward,Surgical Ward,2
ONC General Hematology/Oncology Ward,Medical Cardiac Critical Care,4
ONC General Hematology/Oncology Ward,Medical Critical Care,6
ONC General Hematology/Oncology Ward,Neurologic Critical Care,1
ONC General Hematology/Oncology Ward,Surgical Critical Care,5
ONC General Hematology/Oncology Ward,Exit,552
ONC Pediatric Hematopoietic Stem Cell Transplant Ward,Operating Room/Suite,6
ONC Pediatric Hematopoietic Stem Cell Transplant Ward,ONC Pediatric General Hematology/Oncology Ward,1
ONC Pediatric Hematopoietic Stem Cell Transplant Ward,Exit,16
ONC Pediatric General Hematology/Oncology Ward,Operating Room/Suite,18
ONC Pediatric General Hematology/Oncology Ward,Pediatric Medical/Surgical Critical Care,14
ONC Pediatric General Hematology/Oncology Ward,ONC Pediatric Hematopoietic Stem Cell Transplant Ward,2
ONC Pediatric General Hematology/Oncology Ward,Exit,227
