source,destination,count
Entry,24-Hour Observation Area,77
Entry,Adult Step Down Unit (post-critical care),15
Entry,Ambulatory Surgery Center,544
Entry,Emergency Department,6887
Entry,Endoscopy Suite,27
Entry,Behavioral Health/Psych Ward,54
Entry,Pediatric Medical Ward,50
Entry,Medical Ward,260
Entry,Medical/Surgical Ward,127
Entry,Neurology Ward,40
Entry,Neurosurgical Ward,51
Entry,Operating Room/Suite,1596
Entry,Postpartum Ward,123
Entry,Pulmonary Ward,44
Entry,Surgical Ward,56
Entry,"Labor, Delivery, Recovery, Postpartum Suite (LDRP)",498
Entry,Medical Cardiac Critical Care,48
Entry,Medical Critical Care,31
Entry,Neonatal Critical Care (Level III),45
Entry,Neurologic Critical Care,33
Entry,Pediatric Cardiothoracic Critical Care,11
Entry,Pediatric Medical/Surgical Critical Care,18
Entry,Pediatric Step Down Unit (post-critical care),5
Entry,Surgical Cardiothoracic Critical Care,16
Entry,Surgical Critical Care,4
Entry,ONC Hematopoietic Stem Cell Transplant Ward,28
Entry,ONC General Hematology/Oncology Ward,161
Entry,ONC Pediatric Hematopoietic Stem Cell Transplant Ward,15
Entry,ONC Pediatric General Hematology/Oncology Ward,95
24-Hour Observation Area,Adult Step Down Unit (post-critical care),2
24-Hour Observation Area,Endoscopy Suite,1
24-Hour Observation Area,Medical Ward,3
24-Hour Observation Area,Medical/Surgical Ward,6
24-Hour Observation Area,Operating Room/Suite,9
24-Hour Observation Area,Surgical Ward,4
24-Hour Observation Area,ONC General Hematology/Oncology Ward,2
24-Hour Observation Area,Exit,187
Adult Step Down Unit (post-critical care),Endoscopy Suite,9
Adult Step Down Unit (post-critical care),Medical Ward,5
Adult Step Down Unit (post-critical care),Operating Room/Suite,22
Adult Step Down Unit (post-critical care),Pulmonary Ward,1
Adult Step Down Unit (post-critical care),Neurologic Critical Care,1
Adult Step Down Unit (post-critical care),Surgical Cardiothoracic Critical Care,7
Adult Step Down Unit (post-critical care),Exit,88
Ambulatory Surgery Center,Operating Room/Suite,1
Ambulatory Surgery Center,Surgical Ward,2
Ambulatory Surgery Center,Exit,541
Emergency Department,Adult Step Down Unit (post-critical care),13
Emergency Department,Endoscopy Suite,3
Emergency Department,Pediatric Medical Ward,81
Emergency Department,Medical Ward,539
Emergency Department,Medical/Surgical Ward,56
Emergency Department,Neurology Ward,88
Emergency Department,Neurosurgical Ward,77
Emergency Department,Operating Room/Suite,87
Emergency Department,Pulmonary Ward,62
Emergency Department,Surgical Ward,202
Emergency Department,"Labor, Delivery, Recovery, Postpartum Suite (LDRP)",3
Emergency Department,Medical Cardiac Critical Care,57
Emergency Department,Medical Critical Care,54
Emergency Department,Neurologic Critical Care,37
Emergency Department,Pediatric Cardiothoracic Critical Care,1
Emergency Department,Pediatric Medical/Surgical Critical Care,25
Emergency Department,Pediatric Step Down Unit (post-critical care),16
Emergency Department,Surgical Cardiothoracic Critical Care,2
Emergency Department,Surgical Critical Care,26
Emergency Department,ONC Hematopoietic Stem Cell Transplant Ward,6
Emergency Department,ONC General Hematology/Oncology Ward,209
Emergency Department,ONC Pediatric General Hematology/Oncology Ward,98
Emergency Department,Exit,5166
Endoscopy Suite,Adult Step Down Unit (post-critical care),9
Endoscopy Suite,Emergency Department,3
Endoscopy Suite,Medical Ward,48
Endoscopy Suite,Medical/Surgical Ward,20
Endoscopy Suite,Neurology Ward,5
Endoscopy Suite,Neurosurgical Ward,3
Endoscopy Suite,Pulmonary Ward,17
Endoscopy Suite,Surgical Ward,10
Endoscopy Suite,ONC Hematopoietic Stem Cell Transplant Ward,1
Endoscopy Suite,ONC General Hematology/Oncology Ward,26
Endoscopy Suite,ONC Pediatric Hematopoietic Stem Cell Transplant Ward,1
Endoscopy Suite,Exit,27
Behavioral Health/Psych Ward,Exit,49
Pediatric Medical Ward,Operating Room/Suite,42
Pediatric Medical Ward,Pediatric Cardiothoracic Critical Care,2
Pediatric Medical Ward,Pediatric Medical/Surgical Critical Care,3
Pediatric Medical Ward,Pediatric Step Down Unit (post-critical care),3
Pediatric Medical Ward,Exit,236
Medical Ward,Adult Step Down Unit (post-critical care),1
Medical Ward,Endoscopy Suite,47
Medical Ward,Operating Room/Suite,104
Medical Ward,Pulmonary Ward,5
Medical Ward,Surgical Ward,3
Medical Ward,"Labor, Delivery, Recovery, Postpartum Suite (LDRP)",1
Medical Ward,Medical Cardiac Critical Care,26
Medical Ward,Medical Critical Care,9
Medical Ward,Neurologic Critical Care,2
Medical Ward,Surgical Cardiothoracic Critical Care,1
Medical Ward,Surgical Critical Care,3
Medical Ward,ONC General Hematology/Oncology Ward,15
Medical Ward,Exit,885
Medical/Surgical Ward,Endoscopy Suite,20
Medical/Surgical Ward,Medical Ward,6
Medical/Surgical Ward,Neurology Ward,2
Medical/Surgical Ward,Neurosurgical Ward,1
Medical/Surgical Ward,Operating Room/Suite,117
Medical/Surgical Ward,Pulmonary Ward,3
Medical/Surgical Ward,Surgical Ward,19
Medical/Surgical Ward,Medical Cardiac Critical Care,5
Medical/Surgical Ward,Surgical Cardiothoracic Critical Care,17
Medical/Surgical Ward,Surgical Critical Care,2
Medical/Surgical Ward,ONC General Hematology/Oncology Ward,6
Medical/Surgical Ward,Exit,275
Neurology Ward,Endoscopy Suite,5
Neurology Ward,Medical Ward,3
Neurology Ward,Operating Room/Suite,32
Neurology Ward,Medical Critical Care,1
Neurology Ward,Neurologic Critical Care,5
Neurology Ward,Surgical Critical Care,1
Neurology Ward,ONC General Hematology/Oncology Ward,4
Neurology Ward,Exit,202
Neurosurgical Ward,Endoscopy Suite,3
Neurosurgical Ward,Medical Ward,1
Neurosurgical Ward,Neurology Ward,1
Neurosurgical Ward,Operating Room/Suite,62
Neurosurgical Ward,Surgical Ward,1
Neurosurgical Ward,Medical Critical Care,1
Neurosurgical Ward,Neurologic Critical Care,10
Neurosurgical Ward,Surgical Critical Care,3
Neurosurgical Ward,ONC General Hematology/Oncology Ward,3
Neurosurgical Ward,Exit,186
Operating Room/Suite,24-Hour Observation Area,140
Operating Room/Suite,Adult Step Down Unit (post-critical care),33
Operating Room/Suite,Pediatric Medical Ward,102
Operating Room/Suite,Medical Ward,78
Operating Room/Suite,Medical/Surgical Ward,94
Operating Room/Suite,Neurology Ward,91
Operating Room/Suite,Neurosurgical Ward,56
Operating Room/Suite,Postpartum Ward,1
Operating Room/Suite,Pulmonary Ward,12
Operating Room/Suite,Surgical Ward,396
Operating Room/Suite,"Labor, Delivery, Recovery, Postpartum Suite (LDRP)",4
Operating Room/Suite,Medical Cardiac Critical Care,6
Operating Room/Suite,Medical Critical Care,7
Operating Room/Suite,Neonatal Critical Care (Level III),10
Operating Room/Suite,Neurologic Critical Care,81
Operating Room/Suite,Pediatric Cardiothoracic Critical Care,14
Operating Room/Suite,Pediatric Medical/Surgical Critical Care,35
Operating Room/Suite,Pediatric Step Down Unit (post-critical care),16
Operating Room/Suite,Surgical Cardiothoracic Critical Care,189
Operating Room/Suite,Surgical Critical Care,85
Operating Room/Suite,ONC General Hematology/Oncology Ward,140
Operating Room/Suite,ONC Pediatric Hematopoietic Stem Cell Transplant Ward,4
Operating Room/Suite,ONC Pediatric General Hematology/Oncology Ward,32
Operating Room/Suite,Exit,758
Postpartum Ward,Operating Room/Suite,1
Postpartum Ward,"Labor, Delivery, Recovery, Postpartum Suite (LDRP)",24
Postpartum Ward,Neonatal Critical Care (Level III),12
Postpartum Ward,Pediatric Cardiothoracic Critical Care,1
Postpartum Ward,ONC Pediatric General Hematology/Oncology Ward,1
Postpartum Ward,Exit,524
Pulmonary Ward,Endoscopy Suite,17
Pulmonary Ward,Medical Ward,1
Pulmonary Ward,Medical/Surgical Ward,2
Pulmonary Ward,Operating Room/Suite,14
Pulmonary Ward,Surgical Ward,1
Pulmonary Ward,Medical Cardiac Critical Care,2
Pulmonary Ward,Medical Critical Care,11
Pulmonary Ward,Surgical Critical Care,2
Pulmonary Ward,ONC General Hematology/Oncology Ward,1
Pulmonary Ward,Exit,115
Surgical Ward,Endoscopy Suite,10
Surgical Ward,Medical Ward,12
Surgical Ward,Medical/Surgical Ward,1
Surgical Ward,Neurology Ward,1
Surgical Ward,Operating Room/Suite,111
Surgical Ward,"Labor, Delivery, Recovery, Postpartum Suite (LDRP)",1
Surgical Ward,Medical Cardiac Critical Care,1
Surgical Ward,Medical Critical Care,3
Surgical Ward,Neurologic Critical Care,1
Surgical Ward,Surgical Critical Care,9
Surgical Ward,ONC General Hematology/Oncology Ward,15
Surgical Ward,Exit,597
"Labor, Delivery, Recovery, Postpartum Suite (LDRP)",Operating Room/Suite,4
"Labor, Delivery, Recovery, Postpartum Suite (LDRP)",Postpartum Ward,436
"Labor, Delivery, Recovery, Postpartum Suite (LDRP)",Neonatal Critical Care (Level III),19
"Labor, Delivery, Recovery, Postpartum Suite (LDRP)",Pediatric Cardiothoracic Critical Care,1
"Labor, Delivery, Recovery, Postpartum Suite (LDRP)",ONC Pediatric General Hematology/Oncology Ward,1
"Labor, Delivery, Recovery, Postpartum Suite (LDRP)",Exit,66
Medical Cardiac Critical Care,Adult Step Down Unit (post-critical care),2
Medical Cardiac Critical Care,Medical Ward,90
Medical Cardiac Critical Care,Medical/Surgical Ward,9
Medical Cardiac Critical Care,Neurology Ward,1
Medical Cardiac Critical Care,Neurosurgical Ward,1
Medical Cardiac Critical Care,Operating Room/Suite,13
Medical Cardiac Critical Care,Surgical Ward,1
Medical Cardiac Critical Care,Medical Critical Care,1
Medical Cardiac Critical Care,Surgical Cardiothoracic Critical Care,5
Medical Cardiac Critical Care,Surgical Critical Care,2
Medical Cardiac Critical Care,Exit,23
Medical Critical Care,Adult Step Down Unit (post-critical care),1
Medical Critical Care,Medical Ward,51
Medical Critical Care,Medical/Surgical Ward,2
Medical Critical Care,Operating Room/Suite,6
Medical Critical Care,Pulmonary Ward,21
Medical Critical Care,Surgical Ward,3
Medical Critical Care,Medical Cardiac Critical Care,1
Medical Critical Care,Neurologic Critical Care,1
Medical Critical Care,Surgical Critical Care,1
Medical Critical Care,ONC Hematopoietic Stem Cell Transplant Ward,2
Medical Critical Care,ONC General Hematology/Oncology Ward,13
Medical Critical Care,Exit,34
Neonatal Critical Care (Level III),Pediatric Medical Ward,1
Neonatal Critical Care (Level III),Operating Room/Suite,8
Neonatal Critical Care (Level III),Postpartum Ward,7
Neonatal Critical Care (Level III),Pediatric Medical/Surgical Critical Care,1
Neonatal Critical Care (Level III),Step down Neonatal Nursery (Level II),24
Neonatal Critical Care (Level III),ONC Pediatric General Hematology/Oncology Ward,2
Neonatal Critical Care (Level III),Exit,45
Neurologic Critical Care,Medical Ward,5
Neurologic Critical Care,Neurology Ward,16
Neurologic Critical Care,Neurosurgical Ward,83
Neurologic Critical Care,Operating Room/Suite,12
Neurologic Critical Care,Postpartum Ward,1
Neurologic Critical Care,Medical Critical Care,1
Neurologic Critical Care,Surgical Critical Care,2
Neurologic Critical Care,ONC General Hematology/Oncology Ward,2
Neurologic Critical Care,Exit,51
Pediatric Cardiothoracic Critical Care,Pediatric Medical Ward,9
Pediatric Cardiothoracic Critical Care,Operating Room/Suite,8
Pediatric Cardiothoracic Critical Care,Postpartum Ward,1
Pediatric Cardiothoracic Critical Care,Pediatric Step Down Unit (post-critical care),15
Pediatric Cardiothoracic Critical Care,Exit,8
Pediatric Medical/Surgical Critical Care,Pediatric Medical Ward,24
Pediatric Medical/Surgical Critical Care,Operating Room/Suite,9
Pediatric Medical/Surgical Critical Care,Pediatric Step Down Unit (post-critical care),7
Pediatric Medical/Surgical Critical Care,ONC Pediatric Hematopoietic Stem Cell Transplant Ward,2
Pediatric Medical/Surgical Critical Care,ONC Pediatric General Hematology/Oncology Ward,38
Pediatric Medical/Surgical Critical Care,Exit,16
Pediatric Step Down Unit (post-critical care),Pediatric Medical Ward,19
Pediatric Step Down Unit (post-critical care),Operating Room/Suite,8
Pediatric Step Down Unit (post-critical care),Pediatric Cardiothoracic Critical Care,7
Pediatric Step Down Unit (post-critical care),Pediatric Medical/Surgical Critical Care,7
Pediatric Step Down Unit (post-critical care),ONC Pediatric General Hematology/Oncology Ward,3
Pediatric Step Down Unit (post-critical care),Exit,23
Step down Neonatal Nursery (Level II),Operating Room/Suite,2
Step down Neonatal Nursery (Level II),Neonatal Critical Care (Level III),3
Step down Neonatal Nursery (Level II),Exit,19
Surgical Cardiothoracic Critical Care,Adult Step Down Unit (post-critical care),51
Surgical Cardiothoracic Critical Care,Medical/Surgical Ward,148
Surgical Cardiothoracic Critical Care,Operating Room/Suite,21
Surgical Cardiothoracic Critical Care,Medical Cardiac Critical Care,5
Surgical Cardiothoracic Critical Care,Medical Critical Care,1
Surgical Cardiothoracic Critical Care,Neurologic Critical Care,1
Surgical Cardiothoracic Critical Care,Surgical Critical Care,2
Surgical Cardiothoracic Critical Care,ONC General Hematology/Oncology Ward,1
Surgical Cardiothoracic Critical Care,Exit,7
Surgical Critical Care,Adult Step Down Unit (post-critical care),1
Surgical Critical Care,Medical Ward,12
Surgical Critical Care,Medical/Surgical Ward,7
Surgical Critical Care,Neurology Ward,10
Surgical Critical Care,Neurosurgical Ward,3
Surgical Critical Care,Operating Room/Suite,24
Surgical Critical Care,Surgical Ward,59
Surgical Critical Care,Medical Critical Care,1
Surgical Critical Care,Neurologic Critical Care,1
Surgical Critical Care,Surgical Cardiothoracic Critical Care,1
Surgical Critical Care,ONC General Hematology/Oncology Ward,6
Surgical Critical Care,Exit,20
ONC Hematopoietic Stem Cell Transplant Ward,Endoscopy Suite,1
ONC Hematopoietic Stem Cell Transplant Ward,Operating Room/Suite,1
ONC Hematopoietic Stem Cell Transplant Ward,Medical Critical Care,2
ONC Hematopoietic Stem Cell Transplant Ward,Surgical Critical Care,1
ONC Hematopoietic Stem Cell Transplant Ward,ONC General Hematology/Oncology Ward,4
ONC Hematopoietic Stem Cell Transplant Ward,Exit,33
ONC General Hematology/Oncology Ward,Endoscopy Suite,26
ONC General Hematology/Oncology Ward,Pediatric Medical Ward,1
ONC General Hematology/Oncology Ward,Medical Ward,8
ONC General Hematology/Oncology Ward,Medical/Surgical Ward,1
ONC General Hematology/Oncology Ward,Operating Room/Suite,47
ONC General Hematology/Oncology Ward,Surgical Ward,1
ONC General Hematology/Oncology Ward,Medical Cardiac Critical Care,1
ONC General Hematology/Oncology Ward,Medical Critical Care,11
ONC General Hematology/Oncology Ward,Neurologic Critical Care,2
ONC General Hematology/Oncology Ward,Surgical Critical Care,3
ONC General Hematology/Oncology Ward,ONC Hematopoietic Stem Cell Transplant Ward,1
ONC General Hematology/Oncology Ward,Exit,498
ONC Pediatric Hematopoietic Stem Cell Transplant Ward,Endoscopy Suite,1
ONC Pediatric Hematopoietic Stem Cell Transplant Ward,Operating Room/Suite,3
ONC Pediatric Hematopoietic Stem Cell Transplant Ward,Pediatric Medical/Surgical Critical Care,3
ONC Pediatric Hematopoietic Stem Cell Transplant Ward,ONC Pediatric General Hematology/Oncology Ward,2
ONC Pediatric Hematopoietic Stem Cell Transplant Ward,Exit,13
ONC Pediatric General Hematology/Oncology Ward,Operating Room/Suite,19
ONC Pediatric General Hematology/Oncology Ward,Pediatric Medical/Surgical Critical Care,7
ONC Pediatric General Hematology/Oncology Ward,Pediatric Step Down Unit (post-critical care),2
ONC Pediatric General Hematology/Oncology Ward,ONC General Hematology/Oncology Ward,1
ONC Pediatric General Hematology/Oncology Ward,Exit,243
