source,destination,count
Entry,24-Hour Observation Area,91
Entry,Adult Step Down Unit (post-critical care),22
Entry,Ambulatory Surgery Center,505
Entry,Emergency Department,6657
Entry,Endoscopy Suite,6
Entry,Behavioral Health/Psych Ward,29
Entry,Pediatric Medical Ward,35
Entry,Medical Ward,251
Entry,Medical/Surgical Ward,129
Entry,Neurology Ward,33
Entry,Neurosurgical Ward,36
Entry,Operating Room/Suite,1626
Entry,Postpartum Ward,121
Entry,Pulmonary Ward,24
Entry,Surgical Ward,60
Entry,"Labor, Delivery, Recovery, Postpartum Suite (LDRP)",496
Entry,Medical Cardiac Critical Care,32
Entry,Medical Critical Care,21
Entry,Neonatal Critical Care (Level III),43
Entry,Neurologic Critical Care,27
Entry,Pediatric Cardiothoracic Critical Care,12
Entry,Pediatric Medical/Surgical Critical Care,24
Entry,Pediatric Step Down Unit (post-critical care),14
Entry,Surgical Cardiothoracic Critical Care,17
Entry,Surgical Critical Care,7
Entry,ONC Hematopoietic Stem Cell Transplant Ward,33
Entry,ONC General Hematology/Oncology Ward,148
Entry,ONC Pediatric Hematopoietic Stem Cell Transplant Ward,16
Entry,ONC Pediatric General Hematology/Oncology Ward,67
24-Hour Observation Area,24-Hour Observation Area,14
24-Hour Observation Area,Medical Ward,7
24-Hour Observation Area,Medical/Surgical Ward,20
24-Hour Observation Area,Neurology Ward,3
24-Hour Observation Area,Operating Room/Suite,9
24-Hour Observation Area,Postpartum Ward,1
24-Hour Observation Area,Surgical Ward,22
24-Hour Observation Area,Surgical Cardiothoracic Critical Care,1
24-Hour Observation Area,ONC Hematopoietic Stem Cell Transplant Ward,2
24-Hour Observation Area,ONC General Hematology/Oncology Ward,12
24-Hour Observation Area,Exit,251
Adult Step Down Unit (post-critical care),24-Hour Observation Area,2
Adult Step Down Unit (post-critical care),Adult Step Down Unit (post-critical care),4
Adult Step Down Unit (post-critical care),Endoscopy Suite,7
Adult Step Down Unit (post-critical care),Operating Room/Suite,26
Adult Step Down Unit (post-critical care),Surgical Ward,2
Adult Step Down Unit (post-critical care),Medical Cardiac Critical Care,1
Adult Step Down Unit (post-critical care),Medical Critical Care,2
Adult Step Down Unit (post-critical care),Surgical Cardiothoracic Critical Care,4
Adult Step Down Unit (post-critical care),ONC General Hematology/Oncology Ward,1
Adult Step Down Unit (post-critical care),Exit,93
Ambulatory Surgery Center,24-Hour Observation Area,2
Ambulatory Surgery Center,Exit,503
Emergency Department,24-Hour Observation Area,1
Emergency Department,Adult Step Down Unit (post-critical care),39
Emergency Department,Emergency Department,16071
Emergency Department,Endoscopy Suite,5
Emergency Department,Pediatric Medical Ward,115
Emergency Department,Medical Ward,454
Emergency Department,Medical/Surgical Ward,164
Emergency Department,Neurology Ward,85
Emergency Department,Neurosurgical Ward,91
Emergency Department,Operating Room/Suite,85
Emergency Department,Postpartum Ward,1
Emergency Department,Pulmonary Ward,47
Emergency Department,Surgical Ward,208
Emergency Department,"Labor, Delivery, Recovery, Postpartum Suite (LDRP)",2
Emergency Department,Medical Cardiac Critical Care,31
Emergency Department,Medical Critical Care,71
Emergency Department,Neonatal Critical Care (Level III),1
Emergency Department,Neurologic Critical Care,48
Emergency Department,Pediatric Cardiothoracic Critical Care,3
Emergency Department,Pediatric Medical/Surgical Critical Care,19
Emergency Department,Pediatric Step Down Unit (post-critical care),9
Emergency Department,Surgical Cardiothoracic Critical Care,3
Emergency Department,Surgical Critical Care,42
Emergency Department,ONC Hematopoietic Stem Cell Transplant Ward,11
Emergency Department,ONC General Hematology/Oncology Ward,192
Emergency Department,ONC Pediatric Hematopoietic Stem Cell Transplant Ward,3
Emergency Department,ONC Pediatric General Hematology/Oncology Ward,78
Emergency Department,Exit,4870
Endoscopy Suite,Adult Step Down Unit (post-critical care),7
Endoscopy Suite,Emergency Department,5
Endoscopy Suite,Medical Ward,54
Endoscopy Suite,Medical/Surgical Ward,24
Endoscopy Suite,Neurology Ward,5
Endoscopy Suite,Neurosurgical Ward,1
Endoscopy Suite,Pulmonary Ward,18
Endoscopy Suite,Surgical Ward,17
Endoscopy Suite,Medical Critical Care,2
Endoscopy Suite,ONC Hematopoietic Stem Cell Transplant Ward,8
Endoscopy Suite,ONC General Hematology/Oncology Ward,25
Endoscopy Suite,Exit,5
Behavioral Health/Psych Ward,Behavioral Health/Psych Ward,7
Behavioral Health/Psych Ward,Exit,26
Pediatric Medical Ward,Pediatric Medical Ward,19
Pediatric Medical Ward,Neurosurgical Ward,1
Pediatric Medical Ward,Operating Room/Suite,32
Pediatric Medical Ward,Neonatal Critical Care (Level III),1
Pediatric Medical Ward,Pediatric Cardiothoracic Critical Care,1
Pediatric Medical Ward,Pediatric Medical/Surgical Critical Care,11
Pediatric Medical Ward,ONC Pediatric General Hematology/Oncology Ward,4
Pediatric Medical Ward,Exit,246
Medical Ward,Emergency Department,4
Medical Ward,Endoscopy Suite,53
Medical Ward,Medical Ward,58
Medical Ward,Medical/Surgical Ward,1
Medical Ward,Operating Room/Suite,86
Medical Ward,Pulmonary Ward,4
Medical Ward,Surgical Ward,4
Medical Ward,Medical Cardiac Critical Care,37
Medical Ward,Medical Critical Care,9
Medical Ward,Neurologic Critical Care,1
Medical Ward,Surgical Cardiothoracic Critical Care,1
Medical Ward,Surgical Critical Care,3
Medical Ward,ONC General Hematology/Oncology Ward,12
Medical Ward,Exit,782
Medical/Surgical Ward,24-Hour Observation Area,4
Medical/Surgical Ward,Emergency Department,1
Medical/Surgical Ward,Endoscopy Suite,24
Medical/Surgical Ward,Pediatric Medical Ward,1
Medical/Surgical Ward,Medical Ward,14
Medical/Surgical Ward,Medical/Surgical Ward,32
Medical/Surgical Ward,Operating Room/Suite,157
Medical/Surgical Ward,Pulmonary Ward,2
Medical/Surgical Ward,Surgical Ward,13
Medical/Surgical Ward,Medical Cardiac Critical Care,1
Medical/Surgical Ward,Medical Critical Care,2
Medical/Surgical Ward,Neurologic Critical Care,1
Medical/Surgical Ward,Surgical Cardiothoracic Critical Care,9
Medical/Surgical Ward,Surgical Critical Care,2
Medical/Surgical Ward,ONC General Hematology/Oncology Ward,5
Medical/Surgical Ward,Exit,418
Neurology Ward,Endoscopy Suite,5
Neurology Ward,Medical Ward,1
Neurology Ward,Neurology Ward,12
Neurology Ward,Operating Room/Suite,29
Neurology Ward,Surgical Ward,3
Neurology Ward,Medical Cardiac Critical Care,1
Neurology Ward,Medical Critical Care,4
Neurology Ward,Neurologic Critical Care,3
Neurology Ward,Surgical Critical Care,1
Neurology Ward,ONC General Hematology/Oncology Ward,2
Neurology Ward,Exit,187
Neurosurgical Ward,Endoscopy Suite,1
Neurosurgical Ward,Medical Ward,3
Neurosurgical Ward,Neurosurgical Ward,2
Neurosurgical Ward,Operating Room/Suite,43
Neurosurgical Ward,Surgical Ward,2
Neurosurgical Ward,Neurologic Critical Care,2
Neurosurgical Ward,Surgical Critical Care,2
Neurosurgical Ward,ONC General Hematology/Oncology Ward,4
Neurosurgical Ward,Exit,172
Operating Room/Suite,24-Hour Observation Area,243
Operating Room/Suite,Adult Step Down Unit (post-critical care),19
Operating Room/Suite,Pediatric Medical Ward,102
Operating Room/Suite,Medical Ward,69
Operating Room/Suite,Medical/Surgical Ward,162
Operating Room/Suite,Neurology Ward,75
Operating Room/Suite,Neurosurgical Ward,39
Operating Room/Suite,Operating Room/Suite,213
Operating Room/Suite,Postpartum Ward,1
Operating Room/Suite,Pulmonary Ward,3
Operating Room/Suite,Surgical Ward,325
Operating Room/Suite,"Labor, Delivery, Recovery, Postpartum Suite (LDRP)",2
Operating Room/Suite,Medical Cardiac Critical Care,19
Operating Room/Suite,Medical Critical Care,16
Operating Room/Suite,Neonatal Critical Care (Level III),17
Operating Room/Suite,Neurologic Critical Care,94
Operating Room/Suite,Pediatric Cardiothoracic Critical Care,25
Operating Room/Suite,Pediatric Medical/Surgical Critical Care,34
Operating Room/Suite,Pediatric Step Down Unit (post-critical care),1
Operating Room/Suite,Step down Neonatal Nursery (Level II),1
Operating Room/Suite,Surgical Cardiothoracic Critical Care,212
Operating Room/Suite,Surgical Critical Care,86
Operating Room/Suite,ONC Hematopoietic Stem Cell Transplant Ward,1
Operating Room/Suite,ONC General Hematology/Oncology Ward,132
Operating Room/Suite,ONC Pediatric Hematopoietic Stem Cell Transplant Ward,7
Operating Room/Suite,ONC Pediatric General Hematology/Oncology Ward,20
Operating Room/Suite,Exit,800
Postpartum Ward,Neurosurgical Ward,1
Postpartum Ward,Postpartum Ward,26
Postpartum Ward,"Labor, Delivery, Recovery, Postpartum Suite (LDRP)",22
Postpartum Ward,Medical Critical Care,1
Postpartum Ward,Neonatal Critical Care (Level III),16
Postpartum Ward,ONC Pediatric General Hematology/Oncology Ward,2
Postpartum Ward,Exit,516
Pulmonary Ward,Endoscopy Suite,18
Pulmonary Ward,Medical Ward,2
Pulmonary Ward,Operating Room/Suite,8
Pulmonary Ward,Pulmonary Ward,8
Pulmonary Ward,Medical Critical Care,7
Pulmonary Ward,Surgical Critical Care,2
Pulmonary Ward,ONC General Hematology/Oncology Ward,2
Pulmonary Ward,Exit,79
Surgical Ward,Emergency Department,2
Surgical Ward,Endoscopy Suite,17
Surgical Ward,Medical Ward,3
Surgical Ward,Medical/Surgical Ward,5
Surgical Ward,Operating Room/Suite,124
Surgical Ward,Pulmonary Ward,1
Surgical Ward,Surgical Ward,36
Surgical Ward,Medical Critical Care,1
Surgical Ward,Surgical Critical Care,12
Surgical Ward,ONC General Hematology/Oncology Ward,9
Surgical Ward,Exit,532
"Labor, Delivery, Recovery, Postpartum Suite (LDRP)",Medical Ward,1
"Labor, Delivery, Recovery, Postpartum Suite (LDRP)",Operating Room/Suite,2
"Labor, Delivery, Recovery, Postpartum Suite (LDRP)",Postpartum Ward,427
"Labor, Delivery, Recovery, Postpartum Suite (LDRP)","Labor, Delivery, Recovery, Postpartum Suite (LDRP)",91
"Labor, Delivery, Recovery, Postpartum Suite (LDRP)",Neonatal Critical Care (Level III),21
"Labor, Delivery, Recovery, Postpartum Suite (LDRP)",Pediatric Cardiothoracic Critical Care,1
"Labor, Delivery, Recovery, Postpartum Suite (LDRP)",Surgical Critical Care,3
"Labor, Delivery, Recovery, Postpartum Suite (LDRP)",Exit,73
Medical Cardiac Critical Care,Adult Step Down Unit (post-critical care),6
Medical Cardiac Critical Care,Medical Ward,64
Medical Cardiac Critical Care,Medical/Surgical Ward,12
Medical Cardiac Critical Care,Neurology Ward,1
Medical Cardiac Critical Care,Operating Room/Suite,15
Medical Cardiac Critical Care,Pulmonary Ward,1
Medical Cardiac Critical Care,Surgical Ward,2
Medical Cardiac Critical Care,"Labor, Delivery, Recovery, Postpartum Suite (LDRP)",1
Medical Cardiac Critical Care,Medical Cardiac Critical Care,1
Medical Cardiac Critical Care,Medical Critical Care,2
Medical Cardiac Critical Care,Neurologic Critical Care,1
Medical Cardiac Critical Care,Surgical Cardiothoracic Critical Care,6
Medical Cardiac Critical Care,ONC General Hematology/Oncology Ward,2
Medical Cardiac Critical Care,Exit,15
Medical Critical Care,Endoscopy Suite,3
Medical Critical Care,Medical Ward,67
Medical Critical Care,Medical/Surgical Ward,1
Medical Critical Care,Neurology Ward,2
Medical Critical Care,Neurosurgical Ward,2
Medical Critical Care,Operating Room/Suite,16
Medical Critical Care,Pulmonary Ward,13
Medical Critical Care,Surgical Ward,2
Medical Critical Care,"Labor, Delivery, Recovery, Postpartum Suite (LDRP)",1
Medical Critical Care,Medical Critical Care,2
Medical Critical Care,Neurologic Critical Care,1
Medical Critical Care,Surgical Critical Care,3
Medical Critical Care,ONC Hematopoietic Stem Cell Transplant Ward,1
Medical Critical Care,ONC General Hematology/Oncology Ward,19
Medical Critical Care,Exit,28
Neonatal Critical Care (Level III),Pediatric Medical Ward,2
Neonatal Critical Care (Level III),Operating Room/Suite,17
Neonatal Critical Care (Level III),Postpartum Ward,5
Neonatal Critical Care (Level III),"Labor, Delivery, Recovery, Postpartum Suite (LDRP)",3
Neonatal Critical Care (Level III),Neonatal Critical Care (Level III),139
Neonatal Critical Care (Level III),Pediatric Cardiothoracic Critical Care,5
Neonatal Critical Care (Level III),Step down Neonatal Nursery (Level II),33
Neonatal Critical Care (Level III),ONC Pediatric General Hematology/Oncology Ward,4
Neonatal Critical Care (Level III),Exit,45
Neurologic Critical Care,Medical Ward,6
Neurologic Critical Care,Neurology Ward,23
Neurologic Critical Care,Neurosurgical Ward,51
Neurologic Critical Care,Operating Room/Suite,25
Neurologic Critical Care,Surgical Ward,2
Neurologic Critical Care,Medical Critical Care,1
Neurologic Critical Care,Surgical Critical Care,1
Neurologic Critical Care,ONC General Hematology/Oncology Ward,5
Neurologic Critical Care,Exit,63
Pediatric Cardiothoracic Critical Care,Medical/Surgical Ward,1
Pediatric Cardiothoracic Critical Care,Operating Room/Suite,10
Pediatric Cardiothoracic Critical Care,Neonatal Critical Care (Level III),3
Pediatric Cardiothoracic Critical Care,Pediatric Cardiothoracic Critical Care,17
Pediatric Cardiothoracic Critical Care,Pediatric Step Down Unit (post-critical care),34
Pediatric Cardiothoracic Critical Care,ONC Pediatric General Hematology/Oncology Ward,1
Pediatric Cardiothoracic Critical Care,Exit,14
Pediatric Medical/Surgical Critical Care,Pediatric Medical Ward,39
Pediatric Medical/Surgical Critical Care,Medical/Surgical Ward,1
Pediatric Medical/Surgical Critical Care,Operating Room/Suite,13
Pediatric Medical/Surgical Critical Care,Pediatric Cardiothoracic Critical Care,3
Pediatric Medical/Surgical Critical Care,Pediatric Medical/Surgical Critical Care,29
Pediatric Medical/Surgical Critical Care,Pediatric Step Down Unit (post-critical care),1
Pediatric Medical/Surgical Critical Care,ONC Pediatric Hematopoietic Stem Cell Transplant Ward,2
Pediatric Medical/Surgical Critical Care,ONC Pediatric General Hematology/Oncology Ward,28
Pediatric Medical/Surgical Critical Care,Exit,20
Pediatric Step Down Unit (post-critical care),Operating Room/Suite,1
Pediatric Step Down Unit (post-critical care),Pediatric Cardiothoracic Critical Care,9
Pediatric Step Down Unit (post-critical care),Pediatric Medical/Surgical Critical Care,2
Pediatric Step Down Unit (post-critical care),Pediatric Step Down Unit (post-critical care),7
Pediatric Step Down Unit (post-critical care),Exit,49
Step down Neonatal Nursery (Level II),Pediatric Medical Ward,1
Step down Neonatal Nursery (Level II),Operating Room/Suite,1
Step down Neonatal Nursery (Level II),Postpartum Ward,1
Step down Neonatal Nursery (Level II),Neonatal Critical Care (Level III),18
Step down Neonatal Nursery (Level II),Step down Neonatal Nursery (Level II),5
Step down Neonatal Nursery (Level II),Exit,13
Surgical Cardiothoracic Critical Care,Adult Step Down Unit (post-critical care),42
Surgical Cardiothoracic Critical Care,Medical Ward,1
Surgical Cardiothoracic Critical Care,Medical/Surgical Ward,128
Surgical Cardiothoracic Critical Care,Operating Room/Suite,69
Surgical Cardiothoracic Critical Care,Pulmonary Ward,1
Surgical Cardiothoracic Critical Care,Medical Cardiac Critical Care,6
Surgical Cardiothoracic Critical Care,Medical Critical Care,2
Surgical Cardiothoracic Critical Care,Surgical Cardiothoracic Critical Care,10
Surgical Cardiothoracic Critical Care,Surgical Critical Care,1
Surgical Cardiothoracic Critical Care,ONC Hematopoietic Stem Cell Transplant Ward,1
Surgical Cardiothoracic Critical Care,Exit,10
Surgical Critical Care,Medical Ward,13
Surgical Critical Care,Medical/Surgical Ward,18
Surgical Critical Care,Neurology Ward,9
Surgical Critical Care,Neurosurgical Ward,7
Surgical Critical Care,Operating Room/Suite,26
Surgical Critical Care,Pulmonary Ward,2
Surgical Critical Care,Surgical Ward,44
Surgical Critical Care,"Labor, Delivery, Recovery, Postpartum Suite (LDRP)",4
Surgical Critical Care,Medical Cardiac Critical Care,2
Surgical Critical Care,Medical Critical Care,3
Surgical Critical Care,Neurologic Critical Care,5
Surgical Critical Care,Surgical Cardiothoracic Critical Care,3
Surgical Critical Care,Surgical Critical Care,8
Surgical Critical Care,ONC General Hematology/Oncology Ward,18
Surgical Critical Care,Exit,16
ONC Hematopoietic Stem Cell Transplant Ward,Endoscopy Suite,8
ONC Hematopoietic Stem Cell Transplant Ward,Operating Room/Suite,3
ONC Hematopoietic Stem Cell Transplant Ward,Medical Critical Care,1
ONC Hematopoietic Stem Cell Transplant Ward,Surgical Cardiothoracic Critical Care,1
ONC Hematopoietic Stem Cell Transplant Ward,ONC Hematopoietic Stem Cell Transplant Ward,4
ONC Hematopoietic Stem Cell Transplant Ward,ONC General Hematology/Oncology Ward,4
ONC Hematopoietic Stem Cell Transplant Ward,Exit,42
ONC General Hematology/Oncology Ward,Endoscopy Suite,24
ONC General Hematology/Oncology Ward,Medical Ward,2
ONC General Hematology/Oncology Ward,Operating Room/Suite,57
ONC General Hematology/Oncology Ward,Pulmonary Ward,1
ONC General Hematology/Oncology Ward,Surgical Ward,4
ONC General Hematology/Oncology Ward,Medical Cardiac Critical Care,1
ONC General Hematology/Oncology Ward,Medical Critical Care,14
ONC General Hematology/Oncology Ward,Neurologic Critical Care,5
ONC General Hematology/Oncology Ward,Surgical Critical Care,7
ONC General Hematology/Oncology Ward,ONC General Hematology/Oncology Ward,33
ONC General Hematology/Oncology Ward,Exit,477
ONC Pediatric Hematopoietic Stem Cell Transplant Ward,Operating Room/Suite,6
ONC Pediatric Hematopoietic Stem Cell Transplant Ward,Pediatric Medical/Surgical Critical Care,1
ONC Pediatric Hematopoietic Stem Cell Transplant Ward,ONC Pediatric Hematopoietic Stem Cell Transplant Ward,2
ONC Pediatric Hematopoietic Stem Cell Transplant Ward,Exit,20
ONC Pediatric General Hematology/Oncology Ward,Pediatric Medical Ward,2
ONC Pediatric General Hematology/Oncology Ward,Operating Room/Suite,18
ONC Pediatric General Hematology/Oncology Ward,Neonatal Critical Care (Level III),1
ONC Pediatric General Hematology/Oncology Ward,Pediatric Medical/Surgical Critical Care,9
ONC Pediatric General Hematology/Oncology Ward,ONC Pediatric General Hematology/Oncology Ward,17
ONC Pediatric General Hematology/Oncology Ward,Exit,175
