source,destination,count
Entry,24-Hour Observation Area,121
Entry,Adult Step Down Unit (post-critical care),29
Entry,Ambulatory Surgery Center,553
Entry,Emergency Department,6624
Entry,Endoscopy Suite,11
Entry,Behavioral Health/Psych Ward,44
Entry,Pediatric Medical Ward,42
Entry,Medical Ward,274
Entry,Medical/Surgical Ward,143
Entry,Neurology Ward,41
Entry,Neurosurgical Ward,47
Entry,Operating Room/Suite,1770
Entry,Postpartum Ward,122
Entry,Pulmonary Ward,33
Entry,Surgical Ward,64
Entry,"Labor, Delivery, Recovery, Postpartum Suite (LDRP)",431
Entry,Medical Cardiac Critical Care,33
Entry,Medical Critical Care,26
Entry,Neonatal Critical Care (Level III),50
Entry,Neurologic Critical Care,26
Entry,Pediatric Cardiothoracic Critical Care,20
Entry,Pediatric Medical/Surgical Critical Care,21
Entry,Pediatric Step Down Unit (post-critical care),12
Entry,Surgical Cardiothoracic Critical Care,24
Entry,Surgical Critical Care,4
Entry,ONC Hematopoietic Stem Cell Transplant Ward,28
Entry,ONC General Hematology/Oncology Ward,153
Entry,ONC Pediatric Hematopoietic Stem Cell Transplant Ward,10
Entry,ONC Pediatric General Hematology/Oncology Ward,89
24-Hour Observation Area,24-Hour Observation Area,24
24-Hour Observation Area,Adult Step Down Unit (post-critical care),3
24-Hour Observation Area,Medical Ward,2
24-Hour Observation Area,Medical/Surgical Ward,12
24-Hour Observation Area,Neurology Ward,2
24-Hour Observation Area,Neurosurgical Ward,1
24-Hour Observation Area,Operating Room/Suite,8
24-Hour Observation Area,Surgical Ward,31
24-Hour Observation Area,Neurologic Critical Care,2
24-Hour Observation Area,ONC General Hematology/Oncology Ward,11
24-Hour Observation Area,Exit,275
Adult Step Down Unit (post-critical care),Adult Step Down Unit (post-critical care),3
Adult Step Down Unit (post-critical care),Endoscopy Suite,11
Adult Step Down Unit (post-critical care),Medical Ward,1
Adult Step Down Unit (post-critical care),Medical/Surgical Ward,1
Adult Step Down Unit (post-critical care),Operating Room/Suite,37
Adult Step Down Unit (post-critical care),Pulmonary Ward,1
Adult Step Down Unit (post-critical care),Medical Cardiac Critical Care,3
Adult Step Down Unit (post-critical care),Medical Critical Care,1
Adult Step Down Unit (post-critical care),Surgical Cardiothoracic Critical Care,1
Adult Step Down Unit (post-critical care),Surgical Critical Care,1
Adult Step Down Unit (post-critical care),Exit,82
Ambulatory Surgery Center,24-Hour Observation Area,7
Ambulatory Surgery Center,Operating Room/Suite,1
Ambulatory Surgery Center,ONC General Hematology/Oncology Ward,1
Ambulatory Surgery Center,Exit,544
Emergency Department,24-Hour Observation Area,1
Emergency Department,Adult Step Down Unit (post-critical care),18
Emergency Department,Emergency Department,15359
Emergency Department,Endoscopy Suite,4
Emergency Department,Pediatric Medical Ward,86
Emergency Department,Medical Ward,491
Emergency Department,Medical/Surgical Ward,126
Emergency Department,Neurology Ward,85
Emergency Department,Neurosurgical Ward,111
Emergency Department,Operating Room/Suite,73
Emergency Department,Postpartum Ward,4
Emergency Department,Pulmonary Ward,66
Emergency Department,Surgical Ward,223
Emergency Department,Medical Cardiac Critical Care,44
Emergency Department,Medical Critical Care,71
Emergency Department,Neurologic Critical Care,39
Emergency Department,Pediatric Cardiothoracic Critical Care,1
Emergency Department,Pediatric Medical/Surgical Critical Care,24
Emergency Department,Pediatric Step Down Unit (post-critical care),7
Emergency Department,Surgical Cardiothoracic Critical Care,4
Emergency Department,Surgical Critical Care,44
Emergency Department,ONC Hematopoietic Stem Cell Transplant Ward,31
Emergency Department,ONC General Hematology/Oncology Ward,220
Emergency Department,ONC Pediatric General Hematology/Oncology Ward,78
Emergency Department,Exit,4781
Endoscopy Suite,Adult Step Down Unit (post-critical care),11
Endoscopy Suite,Emergency Department,4
Endoscopy Suite,Medical Ward,67
Endoscopy Suite,Medical/Surgical Ward,30
Endoscopy Suite,Neurology Ward,3
Endoscopy Suite,Neurosurgical Ward,3
Endoscopy Suite,Pulmonary Ward,16
Endoscopy Suite,Surgical Ward,27
Endoscopy Suite,Medical Critical Care,1
Endoscopy Suite,Neurologic Critical Care,1
Endoscopy Suite,Surgical Cardiothoracic Critical Care,1
Endoscopy Suite,Surgical Critical Care,1
Endoscopy Suite,ONC Hematopoietic Stem Cell Transplant Ward,7
Endoscopy Suite,ONC General Hematology/Oncology Ward,27
Endoscopy Suite,Exit,11
Behavioral Health/Psych Ward,Behavioral Health/Psych Ward,12
Behavioral Health/Psych Ward,Exit,41
Pediatric Medical Ward,Pediatric Medical Ward,11
Pediatric Medical Ward,Operating Room/Suite,54
Pediatric Medical Ward,Pediatric Cardiothoracic Critical Care,1
Pediatric Medical Ward,Pediatric Medical/Surgical Critical Care,10
Pediatric Medical Ward,Exit,238
Medical Ward,Adult Step Down Unit (post-critical care),1
Medical Ward,Endoscopy Suite,67
Medical Ward,Medical Ward,94
Medical Ward,Operating Room/Suite,132
Medical Ward,Pulmonary Ward,3
Medical Ward,Surgical Ward,6
Medical Ward,Medical Cardiac Critical Care,36
Medical Ward,Medical Critical Care,18
Medical Ward,Neurologic Critical Care,3
Medical Ward,Surgical Cardiothoracic Critical Care,1
Medical Ward,Surgical Critical Care,3
Medical Ward,ONC Hematopoietic Stem Cell Transplant Ward,1
Medical Ward,ONC General Hematology/Oncology Ward,8
Medical Ward,Exit,874
Medical/Surgical Ward,Emergency Department,2
Medical/Surgical Ward,Endoscopy Suite,31
Medical/Surgical Ward,Pediatric Medical Ward,1
Medical/Surgical Ward,Medical Ward,11
Medical/Surgical Ward,Medical/Surgical Ward,34
Medical/Surgical Ward,Neurosurgical Ward,1
Medical/Surgical Ward,Operating Room/Suite,135
Medical/Surgical Ward,Pulmonary Ward,2
Medical/Surgical Ward,Surgical Ward,8
Medical/Surgical Ward,Medical Cardiac Critical Care,6
Medical/Surgical Ward,Medical Critical Care,2
Medical/Surgical Ward,Surgical Cardiothoracic Critical Care,20
Medical/Surgical Ward,Surgical Critical Care,3
Medical/Surgical Ward,ONC General Hematology/Oncology Ward,10
Medical/Surgical Ward,Exit,405
Neurology Ward,Endoscopy Suite,3
Neurology Ward,Medical Ward,3
Neurology Ward,Neurology Ward,8
Neurology Ward,Operating Room/Suite,38
Neurology Ward,Surgical Ward,1
Neurology Ward,Neurologic Critical Care,4
Neurology Ward,Exit,200
Neurosurgical Ward,Emergency Department,3
Neurosurgical Ward,Endoscopy Suite,3
Neurosurgical Ward,Medical Ward,1
Neurosurgical Ward,Neurosurgical Ward,2
Neurosurgical Ward,Operating Room/Suite,46
Neurosurgical Ward,Surgical Ward,2
Neurosurgical Ward,Medical Cardiac Critical Care,1
Neurosurgical Ward,Medical Critical Care,1
Neurosurgical Ward,Neurologic Critical Care,8
Neurosurgical Ward,Surgical Critical Care,1
Neurosurgical Ward,Exit,211
Operating Room/Suite,24-Hour Observation Area,228
Operating Room/Suite,Adult Step Down Unit (post-critical care),31
Operating Room/Suite,Pediatric Medical Ward,128
Operating Room/Suite,Medical Ward,106
Operating Room/Suite,Medical/Surgical Ward,136
Operating Room/Suite,Neurology Ward,87
Operating Room/Suite,Neurosurgical Ward,49
Operating Room/Suite,Operating Room/Suite,206
Operating Room/Suite,Pulmonary Ward,14
Operating Room/Suite,Surgical Ward,363
Operating Room/Suite,"Labor, Delivery, Recovery, Postpartum Suite (LDRP)",2
Operating Room/Suite,Medical Cardiac Critical Care,13
Operating Room/Suite,Medical Critical Care,16
Operating Room/Suite,Neonatal Critical Care (Level III),18
Operating Room/Suite,Neurologic Critical Care,109
Operating Room/Suite,Pediatric Cardiothoracic Critical Care,36
Operating Room/Suite,Pediatric Medical/Surgical Critical Care,44
Operating Room/Suite,Pediatric Step Down Unit (post-critical care),1
Operating Room/Suite,Surgical Cardiothoracic Critical Care,250
Operating Room/Suite,Surgical Critical Care,98
Operating Room/Suite,ONC General Hematology/Oncology Ward,147
Operating Room/Suite,ONC Pediatric Hematopoietic Stem Cell Transplant Ward,2
Operating Room/Suite,ONC Pediatric General Hematology/Oncology Ward,25
Operating Room/Suite,Exit,827
Postpartum Ward,Postpartum Ward,36
Postpartum Ward,"Labor, Delivery, Recovery, Postpartum Suite (LDRP)",12
Postpartum Ward,Neonatal Critical Care (Level III),11
Postpartum Ward,ONC Pediatric General Hematology/Oncology Ward,1
Postpartum Ward,Exit,503
Pulmonary Ward,Endoscopy Suite,16
Pulmonary Ward,Medical Ward,4
Pulmonary Ward,Operating Room/Suite,16
Pulmonary Ward,Pulmonary Ward,16
Pulmonary Ward,Medical Cardiac Critical Care,1
Pulmonary Ward,Medical Critical Care,6
Pulmonary Ward,Surgical Critical Care,2
Pulmonary Ward,ONC General Hematology/Oncology Ward,1
Pulmonary Ward,Exit,110
Surgical Ward,24-Hour Observation Area,1
Surgical Ward,Emergency Department,1
Surgical Ward,Endoscopy Suite,27
Surgical Ward,Medical Ward,6
Surgical Ward,Medical/Surgical Ward,3
Surgical Ward,Neurosurgical Ward,1
Surgical Ward,Operating Room/Suite,126
Surgical Ward,Postpartum Ward,1
Surgical Ward,Surgical Ward,32
Surgical Ward,Medical Critical Care,2
Surgical Ward,Neurologic Critical Care,1
Surgical Ward,Surgical Critical Care,19
Surgical Ward,ONC General Hematology/Oncology Ward,9
Surgical Ward,Exit,580
"Labor, Delivery, Recovery, Postpartum Suite (LDRP)",Neurology Ward,1
"Labor, Delivery, Recovery, Postpartum Suite (LDRP)",Operating Room/Suite,2
"Labor, Delivery, Recovery, Postpartum Suite (LDRP)",Postpartum Ward,393
"Labor, Delivery, Recovery, Postpartum Suite (LDRP)","Labor, Delivery, Recovery, Postpartum Suite (LDRP)",63
"Labor, Delivery, Recovery, Postpartum Suite (LDRP)",Medical Cardiac Critical Care,1
"Labor, Delivery, Recovery, Postpartum Suite (LDRP)",Neonatal Critical Care (Level III),13
"Labor, Delivery, Recovery, Postpartum Suite (LDRP)",Exit,40
Medical Cardiac Critical Care,Medical Ward,89
Medical Cardiac Critical Care,Medical/Surgical Ward,3
Medical Cardiac Critical Care,Operating Room/Suite,22
Medical Cardiac Critical Care,Postpartum Ward,1
Medical Cardiac Critical Care,Pulmonary Ward,2
Medical Cardiac Critical Care,Medical Cardiac Critical Care,2
Medical Cardiac Critical Care,Medical Critical Care,2
Medical Cardiac Critical Care,Neurologic Critical Care,2
Medical Cardiac Critical Care,Surgical Cardiothoracic Critical Care,2
Medical Cardiac Critical Care,ONC Hematopoietic Stem Cell Transplant Ward,1
Medical Cardiac Critical Care,ONC General Hematology/Oncology Ward,3
Medical Cardiac Critical Care,Exit,18
Medical Critical Care,Medical Ward,71
Medical Critical Care,Medical/Surgical Ward,1
Medical Critical Care,Operating Room/Suite,13
Medical Critical Care,Pulmonary Ward,13
Medical Critical Care,Surgical Ward,3
Medical Critical Care,Medical Cardiac Critical Care,1
Medical Critical Care,Medical Critical Care,2
Medical Critical Care,Neurologic Critical Care,1
Medical Critical Care,ONC Hematopoietic Stem Cell Transplant Ward,6
Medical Critical Care,ONC General Hematology/Oncology Ward,15
Medical Critical Care,Exit,34
Neonatal Critical Care (Level III),Pediatric Medical Ward,2
Neonatal Critical Care (Level III),Operating Room/Suite,18
Neonatal Critical Care (Level III),Postpartum Ward,4
Neonatal Critical Care (Level III),"Labor, Delivery, Recovery, Postpartum Suite (LDRP)",2
Neonatal Critical Care (Level III),Neonatal Critical Care (Level III),149
Neonatal Critical Care (Level III),Pediatric Cardiothoracic Critical Care,2
Neonatal Critical Care (Level III),Pediatric Medical/Surgical Critical Care,2
Neonatal Critical Care (Level III),Step down Neonatal Nursery (Level II),34
Neonatal Critical Care (Level III),ONC Pediatric General Hematology/Oncology Ward,1
Neonatal Critical Care (Level III),Exit,53
Neurologic Critical Care,Endoscopy Suite,1
Neurologic Critical Care,Medical Ward,11
Neurologic Critical Care,Medical/Surgical Ward,4
Neurologic Critical Care,Neurology Ward,23
Neurologic Critical Care,Neurosurgical Ward,64
Neurologic Critical Care,Operating Room/Suite,30
Neurologic Critical Care,Surgical Ward,2
Neurologic Critical Care,Medical Critical Care,1
Neurologic Critical Care,Neurologic Critical Care,3
Neurologic Critical Care,ONC General Hematology/Oncology Ward,3
Neurologic Critical Care,Exit,55
Pediatric Cardiothoracic Critical Care,Pediatric Medical Ward,6
Pediatric Cardiothoracic Critical Care,Operating Room/Suite,14
Pediatric Cardiothoracic Critical Care,Neonatal Critical Care (Level III),2
Pediatric Cardiothoracic Critical Care,Pediatric Cardiothoracic Critical Care,14
Pediatric Cardiothoracic Critical Care,Pediatric Step Down Unit (post-critical care),28
Pediatric Cardiothoracic Critical Care,ONC Pediatric General Hematology/Oncology Ward,1
Pediatric Cardiothoracic Critical Care,Exit,16
Pediatric Medical/Surgical Critical Care,Pediatric Medical Ward,38
Pediatric Medical/Surgical Critical Care,Operating Room/Suite,13
Pediatric Medical/Surgical Critical Care,Pediatric Medical/Surgical Critical Care,12
Pediatric Medical/Surgical Critical Care,Pediatric Step Down Unit (post-critical care),3
Pediatric Medical/Surgical Critical Care,ONC Pediatric Hematopoietic Stem Cell Transplant Ward,4
Pediatric Medical/Surgical Critical Care,ONC Pediatric General Hematology/Oncology Ward,40
Pediatric Medical/Surgical Critical Care,Exit,20
Pediatric Step Down Unit (post-critical care),Pediatric Medical Ward,6
Pediatric Step Down Unit (post-critical care),Operating Room/Suite,4
Pediatric Step Down Unit (post-critical care),Pediatric Cardiothoracic Critical Care,6
Pediatric Step Down Unit (post-critical care),Pediatric Medical/Surgical Critical Care,1
Pediatric Step Down Unit (post-critical care),Pediatric Step Down Unit (post-critical care),13
Pediatric Step Down Unit (post-critical care),Exit,37
Step down Neonatal Nursery (Level II),Neonatal Critical Care (Level III),22
Step down Neonatal Nursery (Level II),Step down Neonatal Nursery (Level II),1
Step down Neonatal Nursery (Level II),Exit,11
Surgical Cardiothoracic Critical Care,Adult Step Down Unit (post-critical care),51
Surgical Cardiothoracic Critical Care,Endoscopy Suite,1
Surgical Cardiothoracic Critical Care,Medical Ward,3
Surgical Cardiothoracic Critical Care,Medical/Surgical Ward,177
Surgical Cardiothoracic Critical Care,Operating Room/Suite,58
Surgical Cardiothoracic Critical Care,Pulmonary Ward,1
Surgical Cardiothoracic Critical Care,Medical Cardiac Critical Care,3
Surgical Cardiothoracic Critical Care,Medical Critical Care,2
Surgical Cardiothoracic Critical Care,Neurologic Critical Care,1
Surgical Cardiothoracic Critical Care,Surgical Cardiothoracic Critical Care,26
Surgical Cardiothoracic Critical Care,Exit,10
Surgical Critical Care,Endoscopy Suite,1
Surgical Critical Care,Medical Ward,11
Surgical Critical Care,Medical/Surgical Ward,27
Surgical Critical Care,Neurology Ward,5
Surgical Critical Care,Neurosurgical Ward,1
Surgical Critical Care,Operating Room/Suite,40
Surgical Critical Care,Postpartum Ward,1
Surgical Critical Care,Pulmonary Ward,3
Surgical Critical Care,Surgical Ward,51
Surgical Critical Care,"Labor, Delivery, Recovery, Postpartum Suite (LDRP)",1
Surgical Critical Care,Medical Critical Care,2
Surgical Critical Care,Neurologic Critical Care,1
Surgical Critical Care,Surgical Critical Care,11
Surgical Critical Care,ONC General Hematology/Oncology Ward,11
Surgical Critical Care,Exit,20
ONC Hematopoietic Stem Cell Transplant Ward,Emergency Department,1
ONC Hematopoietic Stem Cell Transplant Ward,Endoscopy Suite,7
ONC Hematopoietic Stem Cell Transplant Ward,Medical Ward,1
ONC Hematopoietic Stem Cell Transplant Ward,Operating Room/Suite,1
ONC Hematopoietic Stem Cell Transplant Ward,Pulmonary Ward,1
ONC Hematopoietic Stem Cell Transplant Ward,Medical Cardiac Critical Care,1
ONC Hematopoietic Stem Cell Transplant Ward,Medical Critical Care,4
ONC Hematopoietic Stem Cell Transplant Ward,ONC Hematopoietic Stem Cell Transplant Ward,9
ONC Hematopoietic Stem Cell Transplant Ward,ONC General Hematology/Oncology Ward,7
ONC Hematopoietic Stem Cell Transplant Ward,Exit,48
ONC General Hematology/Oncology Ward,Emergency Department,1
ONC General Hematology/Oncology Ward,Endoscopy Suite,27
ONC General Hematology/Oncology Ward,Medical Ward,1
ONC General Hematology/Oncology Ward,Medical/Surgical Ward,1
ONC General Hematology/Oncology Ward,Operating Room/Suite,51
ONC General Hematology/Oncology Ward,Pulmonary Ward,1
ONC General Hematology/Oncology Ward,Surgical Ward,2
ONC General Hematology/Oncology Ward,Medical Cardiac Critical Care,4
ONC General Hematology/Oncology Ward,Medical Critical Care,10
ONC General Hematology/Oncology Ward,Neurologic Critical Care,3
ONC General Hematology/Oncology Ward,Surgical Critical Care,5
ONC General Hematology/Oncology Ward,ONC General Hematology/Oncology Ward,30
ONC General Hematology/Oncology Ward,Exit,523
ONC Pediatric Hematopoietic Stem Cell Transplant Ward,Operating Room/Suite,2
ONC Pediatric Hematopoietic Stem Cell Transplant Ward,Pediatric Medical/Surgical Critical Care,1
ONC Pediatric Hematopoietic Stem Cell Transplant Ward,ONC Hematopoietic Stem Cell Transplant Ward,1
ONC Pediatric Hematopoietic Stem Cell Transplant Ward,Exit,14
ONC Pediatric General Hematology/Oncology Ward,Operating Room/Suite,23
ONC Pediatric General Hematology/Oncology Ward,Pediatric Medical/Surgical Critical Care,15
ONC Pediatric General Hematology/Oncology Ward,ONC Pediatric General Hematology/Oncology Ward,18
ONC Pediatric General Hematology/Oncology Ward,Exit,195
