source,destination,count
Entry,24-Hour Observation Area,141
Entry,Adult Step Down Unit (post-critical care),34
Entry,Ambulatory Surgery Center,579
Entry,Emergency Department,6855
Entry,Endoscopy Suite,5
Entry,Behavioral Health/Psych Ward,33
Entry,Pediatric Medical Ward,34
Entry,Medical Ward,287
Entry,Medical/Surgical Ward,128
Entry,Neurology Ward,50
Entry,Neurosurgical Ward,45
Entry,Operating Room/Suite,1915
Entry,Postpartum Ward,124
Entry,Pulmonary Ward,25
Entry,Surgical Ward,93
Entry,"Labor, Delivery, Recovery, Postpartum Suite (LDRP)",479
Entry,Medical Cardiac Critical Care,36
Entry,Medical Critical Care,37
Entry,Neonatal Critical Care (Level III),38
Entry,Neurologic Critical Care,20
Entry,Pediatric Cardiothoracic Critical Care,23
Entry,Pediatric Medical/Surgical Critical Care,18
Entry,Pediatric Step Down Unit (post-critical care),21
Entry,Surgical Cardiothoracic Critical Care,21
Entry,Surgical Critical Care,6
Entry,ONC Hematopoietic Stem Cell Transplant Ward,40
Entry,ONC General Hematology/Oncology Ward,161
Entry,ONC Pediatric Hematopoietic Stem Cell Transplant Ward,19
Entry,ONC Pediatric General Hematology/Oncology Ward,90
24-Hour Observation Area,24-Hour Observation Area,17
24-Hour Observation Area,Adult Step Down Unit (post-critical care),2
24-Hour Observation Area,Medical Ward,15
24-Hour Observation Area,Medical/Surgical Ward,28
24-Hour Observation Area,Neurology Ward,11
24-Hour Observation Area,Neurosurgical Ward,1
24-Hour Observation Area,Operating Room/Suite,10
24-Hour Observation Area,Surgical Ward,38
24-Hour Observation Area,Surgical Critical Care,2
24-Hour Observation Area,ONC General Hematology/Oncology Ward,10
24-Hour Observation Area,Exit,330
Adult Step Down Unit (post-critical care),Adult Step Down Unit (post-critical care),1
Adult Step Down Unit (post-critical care),Endoscopy Suite,13
Adult Step Down Unit (post-critical care),Neurology Ward,1
Adult Step Down Unit (post-critical care),Operating Room/Suite,37
Adult Step Down Unit (post-critical care),Pulmonary Ward,1
Adult Step Down Unit (post-critical care),Medical Cardiac Critical Care,1
Adult Step Down Unit (post-critical care),Medical Critical Care,1
Adult Step Down Unit (post-critical care),Surgical Cardiothoracic Critical Care,5
Adult Step Down Unit (post-critical care),Surgical Critical Care,1
Adult Step Down Unit (post-critical care),ONC General Hematology/Oncology Ward,2
Adult Step Down Unit (post-critical care),Exit,92
Ambulatory Surgery Center,24-Hour Observation Area,1
Ambulatory Surgery Center,Exit,578
Emergency Department,Adult Step Down Unit (post-critical care),21
Emergency Department,Emergency Department,15969
Emergency Department,Endoscopy Suite,5
Emergency Department,Pediatric Medical Ward,94
Emergency Department,Medical Ward,487
Emergency Department,Medical/Surgical Ward,165
Emergency Department,Neurology Ward,72
Emergency Department,Neurosurgical Ward,69
Emergency Department,Operating Room/Suite,110
Emergency Department,Postpartum Ward,2
Emergency Department,Pulmonary Ward,50
Emergency Department,Surgical Ward,211
Emergency Department,"Labor, Delivery, Recovery, Postpartum Suite (LDRP)",4
Emergency Department,Medical Cardiac Critical Care,44
Emergency Department,Medical Critical Care,53
Emergency Department,Neonatal Critical Care (Level III),1
Emergency Department,Neurologic Critical Care,35
Emergency Department,Pediatric Cardiothoracic Critical Care,5
Emergency Department,Pediatric Medical/Surgical Critical Care,30
Emergency Department,Pediatric Step Down Unit (post-critical care),11
Emergency Department,Surgical Cardiothoracic Critical Care,6
Emergency Department,Surgical Critical Care,46
Emergency Department,ONC Hematopoietic Stem Cell Transplant Ward,15
Emergency Department,ONC General Hematology/Oncology Ward,201
Emergency Department,ONC Pediatric Hematopoietic Stem Cell Transplant Ward,1
Emergency Department,ONC Pediatric General Hematology/Oncology Ward,112
Emergency Department,Exit,5012
Endoscopy Suite,Adult Step Down Unit (post-critical care),13
Endoscopy Suite,Emergency Department,5
Endoscopy Suite,Medical Ward,69
Endoscopy Suite,Medical/Surgical Ward,38
Endoscopy Suite,Neurology Ward,2
Endoscopy Suite,Neurosurgical Ward,1
Endoscopy Suite,Operating Room/Suite,2
Endoscopy Suite,Postpartum Ward,1
Endoscopy Suite,Pulmonary Ward,15
Endoscopy Suite,Surgical Ward,27
Endoscopy Suite,"Labor, Delivery, Recovery, Postpartum Suite (LDRP)",1
Endoscopy Suite,Medical Cardiac Critical Care,1
Endoscopy Suite,Medical Critical Care,3
Endoscopy Suite,Surgical Critical Care,1
Endoscopy Suite,ONC Hematopoietic Stem Cell Transplant Ward,7
Endoscopy Suite,ONC General Hematology/Oncology Ward,34
Endoscopy Suite,Exit,5
Behavioral Health/Psych Ward,Behavioral Health/Psych Ward,7
Behavioral Health/Psych Ward,Exit,33
Pediatric Medical Ward,Pediatric Medical Ward,8
Pediatric Medical Ward,Operating Room/Suite,38
Pediatric Medical Ward,Surgical Ward,1
Pediatric Medical Ward,Pediatric Medical/Surgical Critical Care,8
Pediatric Medical Ward,ONC Pediatric General Hematology/Oncology Ward,7
Pediatric Medical Ward,Exit,235
Medical Ward,Endoscopy Suite,68
Medical Ward,Medical Ward,87
Medical Ward,Neurology Ward,1
Medical Ward,Neurosurgical Ward,1
Medical Ward,Operating Room/Suite,93
Medical Ward,Pulmonary Ward,4
Medical Ward,Surgical Ward,3
Medical Ward,Medical Cardiac Critical Care,35
Medical Ward,Medical Critical Care,17
Medical Ward,Neurologic Critical Care,4
Medical Ward,Surgical Cardiothoracic Critical Care,7
Medical Ward,Surgical Critical Care,9
Medical Ward,ONC General Hematology/Oncology Ward,11
Medical Ward,Exit,926
Medical/Surgical Ward,24-Hour Observation Area,1
Medical/Surgical Ward,Adult Step Down Unit (post-critical care),2
Medical/Surgical Ward,Endoscopy Suite,39
Medical/Surgical Ward,Medical Ward,12
Medical/Surgical Ward,Medical/Surgical Ward,46
Medical/Surgical Ward,Neurology Ward,1
Medical/Surgical Ward,Operating Room/Suite,131
Medical/Surgical Ward,Pulmonary Ward,5
Medical/Surgical Ward,Surgical Ward,8
Medical/Surgical Ward,Medical Cardiac Critical Care,6
Medical/Surgical Ward,Medical Critical Care,6
Medical/Surgical Ward,Neurologic Critical Care,4
Medical/Surgical Ward,Surgical Cardiothoracic Critical Care,15
Medical/Surgical Ward,Surgical Critical Care,5
Medical/Surgical Ward,ONC General Hematology/Oncology Ward,6
Medical/Surgical Ward,Exit,437
Neurology Ward,24-Hour Observation Area,1
Neurology Ward,Endoscopy Suite,2
Neurology Ward,Medical Ward,1
Neurology Ward,Neurology Ward,8
Neurology Ward,Operating Room/Suite,33
Neurology Ward,Neurologic Critical Care,5
Neurology Ward,Surgical Cardiothoracic Critical Care,2
Neurology Ward,Surgical Critical Care,1
Neurology Ward,ONC General Hematology/Oncology Ward,2
Neurology Ward,Exit,194
Neurosurgical Ward,Endoscopy Suite,2
Neurosurgical Ward,Medical Ward,1
Neurosurgical Ward,Medical/Surgical Ward,1
Neurosurgical Ward,Neurosurgical Ward,3
Neurosurgical Ward,Operating Room/Suite,43
Neurosurgical Ward,Surgical Ward,1
Neurosurgical Ward,Neurologic Critical Care,10
Neurosurgical Ward,Surgical Critical Care,1
Neurosurgical Ward,ONC General Hematology/Oncology Ward,2
Neurosurgical Ward,Exit,190
Operating Room/Suite,24-Hour Observation Area,293
Operating Room/Suite,Adult Step Down Unit (post-critical care),29
Operating Room/Suite,Pediatric Medical Ward,118
Operating Room/Suite,Medical Ward,86
Operating Room/Suite,Medical/Surgical Ward,144
Operating Room/Suite,Neurology Ward,69
Operating Room/Suite,Neurosurgical Ward,57
Operating Room/Suite,Operating Room/Suite,177
Operating Room/Suite,Postpartum Ward,4
Operating Room/Suite,Pulmonary Ward,10
Operating Room/Suite,Surgical Ward,362
Operating Room/Suite,"Labor, Delivery, Recovery, Postpartum Suite (LDRP)",4
Operating Room/Suite,Medical Cardiac Critical Care,10
Operating Room/Suite,Medical Critical Care,8
Operating Room/Suite,Neonatal Critical Care (Level III),17
Operating Room/Suite,Neurologic Critical Care,94
Operating Room/Suite,Pediatric Cardiothoracic Critical Care,35
Operating Room/Suite,Pediatric Medical/Surgical Critical Care,31
Operating Room/Suite,Pediatric Step Down Unit (post-critical care),2
Operating Room/Suite,Surgical Cardiothoracic Critical Care,228
Operating Room/Suite,Surgical Critical Care,111
Operating Room/Suite,ONC Hematopoietic Stem Cell Transplant Ward,1
Operating Room/Suite,ONC General Hematology/Oncology Ward,159
Operating Room/Suite,ONC Pediatric Hematopoietic Stem Cell Transplant Ward,8
Operating Room/Suite,ONC Pediatric General Hematology/Oncology Ward,20
Operating Room/Suite,Exit,925
Postpartum Ward,Endoscopy Suite,1
Postpartum Ward,Medical Ward,1
Postpartum Ward,Medical/Surgical Ward,2
Postpartum Ward,Operating Room/Suite,1
Postpartum Ward,Postpartum Ward,42
Postpartum Ward,Surgical Ward,1
Postpartum Ward,"Labor, Delivery, Recovery, Postpartum Suite (LDRP)",16
Postpartum Ward,Neonatal Critical Care (Level III),15
Postpartum Ward,ONC General Hematology/Oncology Ward,1
Postpartum Ward,ONC Pediatric General Hematology/Oncology Ward,3
Postpartum Ward,Exit,498
Pulmonary Ward,Endoscopy Suite,16
Pulmonary Ward,Medical Ward,5
Pulmonary Ward,Neurosurgical Ward,1
Pulmonary Ward,Operating Room/Suite,13
Pulmonary Ward,Pulmonary Ward,6
Pulmonary Ward,Surgical Ward,1
Pulmonary Ward,Medical Cardiac Critical Care,1
Pulmonary Ward,Medical Critical Care,4
Pulmonary Ward,Neurologic Critical Care,1
Pulmonary Ward,Surgical Cardiothoracic Critical Care,1
Pulmonary Ward,Surgical Critical Care,1
Pulmonary Ward,ONC General Hematology/Oncology Ward,1
Pulmonary Ward,Exit,97
Surgical Ward,24-Hour Observation Area,1
Surgical Ward,Endoscopy Suite,27
Surgical Ward,Pediatric Medical Ward,1
Surgical Ward,Medical Ward,1
Surgical Ward,Neurology Ward,1
Surgical Ward,Neurosurgical Ward,1
Surgical Ward,Operating Room/Suite,114
Surgical Ward,Pulmonary Ward,2
Surgical Ward,Surgical Ward,31
Surgical Ward,Medical Cardiac Critical Care,1
Surgical Ward,Medical Critical Care,6
Surgical Ward,Neurologic Critical Care,3
Surgical Ward,Surgical Critical Care,12
Surgical Ward,ONC General Hematology/Oncology Ward,9
Surgical Ward,Exit,639
"Labor, Delivery, Recovery, Postpartum Suite (LDRP)",Endoscopy Suite,1
"Labor, Delivery, Recovery, Postpartum Suite (LDRP)",Operating Room/Suite,7
"Labor, Delivery, Recovery, Postpartum Suite (LDRP)",Postpartum Ward,402
"Labor, Delivery, Recovery, Postpartum Suite (LDRP)","Labor, Delivery, Recovery, Postpartum Suite (LDRP)",85
"Labor, Delivery, Recovery, Postpartum Suite (LDRP)",Medical Critical Care,1
"Labor, Delivery, Recovery, Postpartum Suite (LDRP)",Neonatal Critical Care (Level III),18
"Labor, Delivery, Recovery, Postpartum Suite (LDRP)",Pediatric Cardiothoracic Critical Care,1
"Labor, Delivery, Recovery, Postpartum Suite (LDRP)",ONC General Hematology/Oncology Ward,2
"Labor, Delivery, Recovery, Postpartum Suite (LDRP)",Exit,72
Medical Cardiac Critical Care,Endoscopy Suite,2
Medical Cardiac Critical Care,Medical Ward,86
Medical Cardiac Critical Care,Medical/Surgical Ward,4
Medical Cardiac Critical Care,Operating Room/Suite,21
Medical Cardiac Critical Care,Pulmonary Ward,2
Medical Cardiac Critical Care,Medical Cardiac Critical Care,4
Medical Cardiac Critical Care,Medical Critical Care,2
Medical Cardiac Critical Care,Surgical Cardiothoracic Critical Care,4
Medical Cardiac Critical Care,ONC General Hematology/Oncology Ward,4
Medical Cardiac Critical Care,Exit,15
Medical Critical Care,Endoscopy Suite,2
Medical Critical Care,Medical Ward,68
Medical Critical Care,Medical/Surgical Ward,3
Medical Critical Care,Neurology Ward,1
Medical Critical Care,Neurosurgical Ward,3
Medical Critical Care,Operating Room/Suite,6
Medical Critical Care,Pulmonary Ward,21
Medical Critical Care,Surgical Ward,2
Medical Critical Care,"Labor, Delivery, Recovery, Postpartum Suite (LDRP)",1
Medical Critical Care,Medical Critical Care,4
Medical Critical Care,Surgical Cardiothoracic Critical Care,2
Medical Critical Care,Surgical Critical Care,1
Medical Critical Care,ONC Hematopoietic Stem Cell Transplant Ward,1
Medical Critical Care,ONC General Hematology/Oncology Ward,9
Medical Critical Care,Exit,33
Neonatal Critical Care (Level III),Pediatric Medical Ward,1
Neonatal Critical Care (Level III),Operating Room/Suite,15
Neonatal Critical Care (Level III),Postpartum Ward,8
Neonatal Critical Care (Level III),Neonatal Critical Care (Level III),143
Neonatal Critical Care (Level III),Pediatric Cardiothoracic Critical Care,2
Neonatal Critical Care (Level III),Pediatric Medical/Surgical Critical Care,2
Neonatal Critical Care (Level III),Step down Neonatal Nursery (Level II),41
Neonatal Critical Care (Level III),ONC Pediatric General Hematology/Oncology Ward,2
Neonatal Critical Care (Level III),Exit,42
Neurologic Critical Care,Medical Ward,12
Neurologic Critical Care,Medical/Surgical Ward,1
Neurologic Critical Care,Neurology Ward,19
Neurologic Critical Care,Neurosurgical Ward,59
Neurologic Critical Care,Operating Room/Suite,23
Neurologic Critical Care,Pulmonary Ward,2
Neurologic Critical Care,Surgical Ward,2
Neurologic Critical Care,Medical Cardiac Critical Care,1
Neurologic Critical Care,Medical Critical Care,3
Neurologic Critical Care,ONC General Hematology/Oncology Ward,5
Neurologic Critical Care,Exit,54
Pediatric Cardiothoracic Critical Care,Pediatric Medical Ward,1
Pediatric Cardiothoracic Critical Care,Operating Room/Suite,14
Pediatric Cardiothoracic Critical Care,Pediatric Cardiothoracic Critical Care,21
Pediatric Cardiothoracic Critical Care,Pediatric Step Down Unit (post-critical care),39
Pediatric Cardiothoracic Critical Care,Exit,13
Pediatric Medical/Surgical Critical Care,Pediatric Medical Ward,27
Pediatric Medical/Surgical Critical Care,Medical Ward,1
Pediatric Medical/Surgical Critical Care,Neurology Ward,1
Pediatric Medical/Surgical Critical Care,Operating Room/Suite,8
Pediatric Medical/Surgical Critical Care,Pediatric Medical/Surgical Critical Care,10
Pediatric Medical/Surgical Critical Care,Pediatric Step Down Unit (post-critical care),1
Pediatric Medical/Surgical Critical Care,ONC Pediatric Hematopoietic Stem Cell Transplant Ward,3
Pediatric Medical/Surgical Critical Care,ONC Pediatric General Hematology/Oncology Ward,30
Pediatric Medical/Surgical Critical Care,Exit,26
Pediatric Step Down Unit (post-critical care),Pediatric Medical Ward,1
Pediatric Step Down Unit (post-critical care),Operating Room/Suite,8
Pediatric Step Down Unit (post-critical care),Neonatal Critical Care (Level III),1
Pediatric Step Down Unit (post-critical care),Pediatric Cardiothoracic Critical Care,3
Pediatric Step Down Unit (post-critical care),Pediatric Step Down Unit (post-critical care),12
Pediatric Step Down Unit (post-critical care),Exit,59
Step down Neonatal Nursery (Level II),Pediatric Medical Ward,1
Step down Neonatal Nursery (Level II),Operating Room/Suite,2
Step down Neonatal Nursery (Level II),Neonatal Critical Care (Level III),21
Step down Neonatal Nursery (Level II),Step down Neonatal Nursery (Level II),3
Step down Neonatal Nursery (Level II),Exit,19
Surgical Cardiothoracic Critical Care,Adult Step Down Unit (post-critical care),54
Surgical Cardiothoracic Critical Care,Medical Ward,2
Surgical Cardiothoracic Critical Care,Medical/Surgical Ward,153
Surgical Cardiothoracic Critical Care,Operating Room/Suite,64
Surgical Cardiothoracic Critical Care,Medical Cardiac Critical Care,3
Surgical Cardiothoracic Critical Care,Medical Critical Care,2
Surgical Cardiothoracic Critical Care,Surgical Cardiothoracic Critical Care,9
Surgical Cardiothoracic Critical Care,Surgical Critical Care,2
Surgical Cardiothoracic Critical Care,ONC Hematopoietic Stem Cell Transplant Ward,1
Surgical Cardiothoracic Critical Care,Exit,7
Surgical Critical Care,Adult Step Down Unit (post-critical care),1
Surgical Critical Care,Endoscopy Suite,1
Surgical Critical Care,Medical Ward,25
Surgical Critical Care,Medical/Surgical Ward,5
Surgical Critical Care,Neurology Ward,9
Surgical Critical Care,Neurosurgical Ward,12
Surgical Critical Care,Operating Room/Suite,48
Surgical Critical Care,Postpartum Ward,3
Surgical Critical Care,Pulmonary Ward,2
Surgical Critical Care,Surgical Ward,65
Surgical Critical Care,Medical Critical Care,2
Surgical Critical Care,Neurologic Critical Care,2
Surgical Critical Care,Surgical Cardiothoracic Critical Care,1
Surgical Critical Care,Surgical Critical Care,1
Surgical Critical Care,ONC Hematopoietic Stem Cell Transplant Ward,1
Surgical Critical Care,ONC General Hematology/Oncology Ward,13
Surgical Critical Care,Exit,16
ONC Hematopoietic Stem Cell Transplant Ward,Endoscopy Suite,7
ONC Hematopoietic Stem Cell Transplant Ward,Operating Room/Suite,3
ONC Hematopoietic Stem Cell Transplant Ward,Surgical Ward,1
ONC Hematopoietic Stem Cell Transplant Ward,Medical Critical Care,2
ONC Hematopoietic Stem Cell Transplant Ward,Surgical Critical Care,1
ONC Hematopoietic Stem Cell Transplant Ward,ONC Hematopoietic Stem Cell Transplant Ward,9
ONC Hematopoietic Stem Cell Transplant Ward,ONC General Hematology/Oncology Ward,5
ONC Hematopoietic Stem Cell Transplant Ward,Exit,43
ONC General Hematology/Oncology Ward,Endoscopy Suite,34
ONC General Hematology/Oncology Ward,Medical Ward,8
ONC General Hematology/Oncology Ward,Medical/Surgical Ward,2
ONC General Hematology/Oncology Ward,Operating Room/Suite,45
ONC General Hematology/Oncology Ward,Postpartum Ward,1
ONC General Hematology/Oncology Ward,Medical Cardiac Critical Care,2
ONC General Hematology/Oncology Ward,Medical Critical Care,5
ONC General Hematology/Oncology Ward,Neurologic Critical Care,1
ONC General Hematology/Oncology Ward,Surgical Cardiothoracic Critical Care,1
ONC General Hematology/Oncology Ward,Surgical Critical Care,8
ONC General Hematology/Oncology Ward,ONC General Hematology/Oncology Ward,47
ONC General Hematology/Oncology Ward,Exit,539
ONC Pediatric Hematopoietic Stem Cell Transplant Ward,Operating Room/Suite,4
ONC Pediatric Hematopoietic Stem Cell Transplant Ward,Pediatric Medical/Surgical Critical Care,4
ONC Pediatric Hematopoietic Stem Cell Transplant Ward,ONC Pediatric Hematopoietic Stem Cell Transplant Ward,2
ONC Pediatric Hematopoietic Stem Cell Transplant Ward,ONC Pediatric General Hematology/Oncology Ward,1
ONC Pediatric Hematopoietic Stem Cell Transplant Ward,Exit,19
ONC Pediatric General Hematology/Oncology Ward,Emergency Department,1
ONC Pediatric General Hematology/Oncology Ward,Operating Room/Suite,17
ONC Pediatric General Hematology/Oncology Ward,Pediatric Medical/Surgical Critical Care,11
ONC Pediatric General Hematology/Oncology Ward,ONC Pediatric General Hematology/Oncology Ward,19
ONC Pediatric General Hematology/Oncology Ward,Exit,242
