source,destination,count
Entry,24-Hour Observation Area,110
Entry,Adult Step Down Unit (post-critical care),26
Entry,Ambulatory Surgery Center,516
Entry,Emergency Department,6175
Entry,Endoscopy Suite,14
Entry,Behavioral Health/Psych Ward,35
Entry,Pediatric Medical Ward,49
Entry,Medical Ward,270
Entry,Medical/Surgical Ward,130
Entry,Neurology Ward,39
Entry,Neurosurgical Ward,45
Entry,Operating Room/Suite,1599
Entry,Postpartum Ward,114
Entry,Pulmonary Ward,26
Entry,Surgical Ward,66
Entry,"Labor, Delivery, Recovery, Postpartum Suite (LDRP)",407
Entry,Medical Cardiac Critical Care,36
Entry,Medical Critical Care,25
Entry,Neonatal Critical Care (Level III),40
Entry,Neurologic Critical Care,29
Entry,Pediatric Cardiothoracic Critical Care,14
Entry,Pediatric Medical/Surgical Critical Care,21
Entry,Pediatric Step Down Unit (post-critical care),19
Entry,Step down Neonatal Nursery (Level II),1
Entry,Surgical Cardiothoracic Critical Care,22
Entry,Surgical Critical Care,5
Entry,ONC Hematopoietic Stem Cell Transplant Ward,42
Entry,ONC General Hematology/Oncology Ward,148
Entry,ONC Pediatric Hematopoietic Stem Cell Transplant Ward,7
Entry,ONC Pediatric General Hematology/Oncology Ward,91
24-Hour Observation Area,24-Hour Observation Area,4
24-Hour Observation Area,Medical Ward,7
24-Hour Observation Area,Medical/Surgical Ward,2
24-Hour Observation Area,Neurology Ward,1
24-Hour Observation Area,Operating Room/Suite,9
24-Hour Observation Area,Medical Cardiac Critical Care,1
24-Hour Observation Area,Pediatric Cardiothoracic Critical Care,1
24-Hour Observation Area,ONC Hematopoietic Stem Cell Transplant Ward,1
24-Hour Observation Area,ONC General Hematology/Oncology Ward,4
24-Hour Observation Area,Exit,217
Adult Step Down Unit (post-critical care),24-Hour Observation Area,1
Adult Step Down Unit (post-critical care),Adult Step Down Unit (post-critical care),3
Adult Step Down Unit (post-critical care),Emergency Department,1
Adult Step Down Unit (post-critical care),Endoscopy Suite,11
Adult Step Down Unit (post-critical care),Operating Room/Suite,27
Adult Step Down Unit (post-critical care),Medical Cardiac Critical Care,2
Adult Step Down Unit (post-critical care),Surgical Cardiothoracic Critical Care,5
Adult Step Down Unit (post-critical care),Exit,83
Ambulatory Surgery Center,24-Hour Observation Area,2
Ambulatory Surgery Center,Exit,515
Emergency Department,Adult Step Down Unit (post-critical care),13
Emergency Department,Emergency Department,13020
Emergency Department,Endoscopy Suite,2
Emergency Department,Pediatric Medical Ward,75
Emergency Department,Medical Ward,484
Emergency Department,Medical/Surgical Ward,125
Emergency Department,Neurology Ward,64
Emergency Department,Neurosurgical Ward,57
Emergency Department,Operating Room/Suite,91
Emergency Department,Postpartum Ward,2
Emergency Department,Pulmonary Ward,54
Emergency Department,Surgical Ward,150
Emergency Department,"Labor, Delivery, Recovery, Postpartum Suite (LDRP)",3
Emergency Department,Medical Cardiac Critical Care,34
Emergency Department,Medical Critical Care,41
Emergency Department,Neurologic Critical Care,34
Emergency Department,Pediatric Cardiothoracic Critical Care,2
Emergency Department,Pediatric Medical/Surgical Critical Care,30
Emergency Department,Pediatric Step Down Unit (post-critical care),6
Emergency Department,Surgical Cardiothoracic Critical Care,5
Emergency Department,Surgical Critical Care,30
Emergency Department,ONC Hematopoietic Stem Cell Transplant Ward,23
Emergency Department,ONC General Hematology/Oncology Ward,166
Emergency Department,ONC Pediatric Hematopoietic Stem Cell Transplant Ward,1
Emergency Department,ONC Pediatric General Hematology/Oncology Ward,77
Emergency Department,Exit,4609
Endoscopy Suite,Adult Step Down Unit (post-critical care),11
Endoscopy Suite,Emergency Department,2
Endoscopy Suite,Medical Ward,44
Endoscopy Suite,Medical/Surgical Ward,28
Endoscopy Suite,Neurology Ward,2
Endoscopy Suite,Neurosurgical Ward,1
Endoscopy Suite,Pulmonary Ward,14
Endoscopy Suite,Surgical Ward,25
Endoscopy Suite,Medical Critical Care,1
Endoscopy Suite,Surgical Cardiothoracic Critical Care,1
Endoscopy Suite,Surgical Critical Care,3
Endoscopy Suite,ONC Hematopoietic Stem Cell Transplant Ward,5
Endoscopy Suite,ONC General Hematology/Oncology Ward,32
Endoscopy Suite,Exit,11
Behavioral Health/Psych Ward,Behavioral Health/Psych Ward,8
Behavioral Health/Psych Ward,Exit,34
Pediatric Medical Ward,Emergency Department,1
Pediatric Medical Ward,Pediatric Medical Ward,10
Pediatric Medical Ward,Medical Ward,1
Pediatric Medical Ward,Operating Room/Suite,32
Pediatric Medical Ward,Pediatric Cardiothoracic Critical Care,1
Pediatric Medical Ward,Pediatric Medical/Surgical Critical Care,7
Pediatric Medical Ward,Pediatric Step Down Unit (post-critical care),1
Pediatric Medical Ward,ONC Pediatric General Hematology/Oncology Ward,3
Pediatric Medical Ward,Exit,209
Medical Ward,Emergency Department,1
Medical Ward,Endoscopy Suite,45
Medical Ward,Medical Ward,66
Medical Ward,Medical/Surgical Ward,3
Medical Ward,Neurology Ward,4
Medical Ward,Neurosurgical Ward,1
Medical Ward,Operating Room/Suite,101
Medical Ward,Pulmonary Ward,5
Medical Ward,Surgical Ward,2
Medical Ward,Medical Cardiac Critical Care,40
Medical Ward,Medical Critical Care,15
Medical Ward,Neurologic Critical Care,6
Medical Ward,Surgical Cardiothoracic Critical Care,2
Medical Ward,Surgical Critical Care,6
Medical Ward,ONC General Hematology/Oncology Ward,16
Medical Ward,Exit,846
Medical/Surgical Ward,Adult Step Down Unit (post-critical care),1
Medical/Surgical Ward,Endoscopy Suite,28
Medical/Surgical Ward,Medical Ward,12
Medical/Surgical Ward,Medical/Surgical Ward,25
Medical/Surgical Ward,Neurosurgical Ward,1
Medical/Surgical Ward,Operating Room/Suite,134
Medical/Surgical Ward,Pulmonary Ward,3
Medical/Surgical Ward,Surgical Ward,8
Medical/Surgical Ward,Medical Cardiac Critical Care,6
Medical/Surgical Ward,Medical Critical Care,1
Medical/Surgical Ward,Surgical Cardiothoracic Critical Care,17
Medical/Surgical Ward,Surgical Critical Care,4
Medical/Surgical Ward,ONC General Hematology/Oncology Ward,7
Medical/Surgical Ward,ONC Pediatric General Hematology/Oncology Ward,1
Medical/Surgical Ward,Exit,379
Neurology Ward,Endoscopy Suite,2
Neurology Ward,Medical Ward,5
Neurology Ward,Neurology Ward,9
Neurology Ward,Operating Room/Suite,26
Neurology Ward,Surgical Ward,1
Neurology Ward,Neurologic Critical Care,4
Neurology Ward,Surgical Critical Care,1
Neurology Ward,ONC General Hematology/Oncology Ward,1
Neurology Ward,Exit,172
Neurosurgical Ward,Emergency Department,1
Neurosurgical Ward,Endoscopy Suite,1
Neurosurgical Ward,Medical Ward,1
Neurosurgical Ward,Operating Room/Suite,41
Neurosurgical Ward,Neurologic Critical Care,5
Neurosurgical Ward,Exit,152
Operating Room/Suite,24-Hour Observation Area,130
Operating Room/Suite,Adult Step Down Unit (post-critical care),27
Operating Room/Suite,Ambulatory Surgery Center,1
Operating Room/Suite,Pediatric Medical Ward,107
Operating Room/Suite,Medical Ward,88
Operating Room/Suite,Medical/Surgical Ward,163
Operating Room/Suite,Neurology Ward,72
Operating Room/Suite,Neurosurgical Ward,36
Operating Room/Suite,Operating Room/Suite,151
Operating Room/Suite,Postpartum Ward,3
Operating Room/Suite,Pulmonary Ward,3
Operating Room/Suite,Surgical Ward,353
Operating Room/Suite,"Labor, Delivery, Recovery, Postpartum Suite (LDRP)",1
Operating Room/Suite,Medical Cardiac Critical Care,13
Operating Room/Suite,Medical Critical Care,13
Operating Room/Suite,Neonatal Critical Care (Level III),18
Operating Room/Suite,Neurologic Critical Care,91
Operating Room/Suite,Pediatric Cardiothoracic Critical Care,29
Operating Room/Suite,Pediatric Medical/Surgical Critical Care,29
Operating Room/Suite,Step down Neonatal Nursery (Level II),1
Operating Room/Suite,Surgical Cardiothoracic Critical Care,201
Operating Room/Suite,Surgical Critical Care,92
Operating Room/Suite,ONC Hematopoietic Stem Cell Transplant Ward,2
Operating Room/Suite,ONC General Hematology/Oncology Ward,145
Operating Room/Suite,ONC Pediatric Hematopoietic Stem Cell Transplant Ward,4
Operating Room/Suite,ONC Pediatric General Hematology/Oncology Ward,18
Operating Room/Suite,Exit,818
Postpartum Ward,Operating Room/Suite,3
Postpartum Ward,Postpartum Ward,54
Postpartum Ward,"Labor, Delivery, Recovery, Postpartum Suite (LDRP)",12
Postpartum Ward,Neonatal Critical Care (Level III),8
Postpartum Ward,ONC General Hematology/Oncology Ward,1
Postpartum Ward,ONC Pediatric Hematopoietic Stem Cell Transplant Ward,1
Postpartum Ward,ONC Pediatric General Hematology/Oncology Ward,1
Postpartum Ward,Exit,470
Pulmonary Ward,Endoscopy Suite,14
Pulmonary Ward,Medical Ward,4
Pulmonary Ward,Medical/Surgical Ward,2
Pulmonary Ward,Operating Room/Suite,8
Pulmonary Ward,Pulmonary Ward,10
Pulmonary Ward,"Labor, Delivery, Recovery, Postpartum Suite (LDRP)",1
Pulmonary Ward,Medical Cardiac Critical Care,3
Pulmonary Ward,Medical Critical Care,5
Pulmonary Ward,Surgical Critical Care,2
Pulmonary Ward,Exit,85
Surgical Ward,Emergency Department,5
Surgical Ward,Endoscopy Suite,25
Surgical Ward,Medical Ward,4
Surgical Ward,Medical/Surgical Ward,1
Surgical Ward,Operating Room/Suite,130
Surgical Ward,Surgical Ward,18
Surgical Ward,Medical Critical Care,2
Surgical Ward,Surgical Critical Care,9
Surgical Ward,ONC General Hematology/Oncology Ward,7
Surgical Ward,Exit,477
"Labor, Delivery, Recovery, Postpartum Suite (LDRP)",Operating Room/Suite,1
"Labor, Delivery, Recovery, Postpartum Suite (LDRP)",Postpartum Ward,364
"Labor, Delivery, Recovery, Postpartum Suite (LDRP)","Labor, Delivery, Recovery, Postpartum Suite (LDRP)",63
"Labor, Delivery, Recovery, Postpartum Suite (LDRP)",Neonatal Critical Care (Level III),14
"Labor, Delivery, Recovery, Postpartum Suite (LDRP)",Pediatric Cardiothoracic Critical Care,1
"Labor, Delivery, Recovery, Postpartum Suite (LDRP)",Exit,44
Medical Cardiac Critical Care,Adult Step Down Unit (post-critical care),4
Medical Cardiac Critical Care,Medical Ward,85
Medical Cardiac Critical Care,Medical/Surgical Ward,7
Medical Cardiac Critical Care,Operating Room/Suite,15
Medical Cardiac Critical Care,Pulmonary Ward,1
Medical Cardiac Critical Care,Medical Cardiac Critical Care,8
Medical Cardiac Critical Care,Medical Critical Care,3
Medical Cardiac Critical Care,Neurologic Critical Care,1
Medical Cardiac Critical Care,Surgical Cardiothoracic Critical Care,1
Medical Cardiac Critical Care,Surgical Critical Care,1
Medical Cardiac Critical Care,ONC Hematopoietic Stem Cell Transplant Ward,1
Medical Cardiac Critical Care,ONC General Hematology/Oncology Ward,5
Medical Cardiac Critical Care,Exit,21
Medical Critical Care,Medical Ward,44
Medical Critical Care,Medical/Surgical Ward,1
Medical Critical Care,Operating Room/Suite,12
Medical Critical Care,Pulmonary Ward,14
Medical Critical Care,Surgical Ward,2
Medical Critical Care,Medical Cardiac Critical Care,1
Medical Critical Care,Medical Critical Care,10
Medical Critical Care,Surgical Critical Care,2
Medical Critical Care,ONC Hematopoietic Stem Cell Transplant Ward,1
Medical Critical Care,ONC General Hematology/Oncology Ward,13
Medical Critical Care,Exit,30
Neonatal Critical Care (Level III),Pediatric Medical Ward,2
Neonatal Critical Care (Level III),Operating Room/Suite,17
Neonatal Critical Care (Level III),Postpartum Ward,4
Neonatal Critical Care (Level III),Neonatal Critical Care (Level III),143
Neonatal Critical Care (Level III),Step down Neonatal Nursery (Level II),36
Neonatal Critical Care (Level III),Exit,41
Neurologic Critical Care,Medical Ward,12
Neurologic Critical Care,Medical/Surgical Ward,1
Neurologic Critical Care,Neurology Ward,19
Neurologic Critical Care,Neurosurgical Ward,61
Neurologic Critical Care,Operating Room/Suite,26
Neurologic Critical Care,Medical Critical Care,3
Neurologic Critical Care,ONC General Hematology/Oncology Ward,2
Neurologic Critical Care,Exit,56
Pediatric Cardiothoracic Critical Care,Operating Room/Suite,14
Pediatric Cardiothoracic Critical Care,Neonatal Critical Care (Level III),1
Pediatric Cardiothoracic Critical Care,Pediatric Cardiothoracic Critical Care,34
Pediatric Cardiothoracic Critical Care,Pediatric Step Down Unit (post-critical care),30
Pediatric Cardiothoracic Critical Care,Exit,8
Pediatric Medical/Surgical Critical Care,Pediatric Medical Ward,18
Pediatric Medical/Surgical Critical Care,Operating Room/Suite,13
Pediatric Medical/Surgical Critical Care,Pulmonary Ward,1
Pediatric Medical/Surgical Critical Care,Pediatric Cardiothoracic Critical Care,1
Pediatric Medical/Surgical Critical Care,Pediatric Medical/Surgical Critical Care,9
Pediatric Medical/Surgical Critical Care,Pediatric Step Down Unit (post-critical care),1
Pediatric Medical/Surgical Critical Care,ONC Pediatric Hematopoietic Stem Cell Transplant Ward,4
Pediatric Medical/Surgical Critical Care,ONC Pediatric General Hematology/Oncology Ward,26
Pediatric Medical/Surgical Critical Care,Exit,29
Pediatric Step Down Unit (post-critical care),Operating Room/Suite,3
Pediatric Step Down Unit (post-critical care),Pediatric Cardiothoracic Critical Care,5
Pediatric Step Down Unit (post-critical care),Pediatric Medical/Surgical Critical Care,1
Pediatric Step Down Unit (post-critical care),Pediatric Step Down Unit (post-critical care),21
Pediatric Step Down Unit (post-critical care),Exit,48
Step down Neonatal Nursery (Level II),Operating Room/Suite,2
Step down Neonatal Nursery (Level II),Neonatal Critical Care (Level III),17
Step down Neonatal Nursery (Level II),Step down Neonatal Nursery (Level II),6
Step down Neonatal Nursery (Level II),ONC Pediatric General Hematology/Oncology Ward,1
Step down Neonatal Nursery (Level II),Exit,19
Surgical Cardiothoracic Critical Care,Adult Step Down Unit (post-critical care),44
Surgical Cardiothoracic Critical Care,Endoscopy Suite,1
Surgical Cardiothoracic Critical Care,Medical Ward,2
Surgical Cardiothoracic Critical Care,Medical/Surgical Ward,128
Surgical Cardiothoracic Critical Care,Operating Room/Suite,56
Surgical Cardiothoracic Critical Care,Pulmonary Ward,2
Surgical Cardiothoracic Critical Care,Medical Cardiac Critical Care,2
Surgical Cardiothoracic Critical Care,Medical Critical Care,1
Surgical Cardiothoracic Critical Care,Surgical Cardiothoracic Critical Care,7
Surgical Cardiothoracic Critical Care,Surgical Critical Care,2
Surgical Cardiothoracic Critical Care,ONC General Hematology/Oncology Ward,1
Surgical Cardiothoracic Critical Care,Exit,14
Surgical Critical Care,Adult Step Down Unit (post-critical care),4
Surgical Critical Care,Endoscopy Suite,2
Surgical Critical Care,Pediatric Medical Ward,1
Surgical Critical Care,Medical Ward,18
Surgical Critical Care,Medical/Surgical Ward,9
Surgical Critical Care,Neurology Ward,7
Surgical Critical Care,Neurosurgical Ward,1
Surgical Critical Care,Operating Room/Suite,31
Surgical Critical Care,Pulmonary Ward,4
Surgical Critical Care,Surgical Ward,48
Surgical Critical Care,Medical Critical Care,1
Surgical Critical Care,Neurologic Critical Care,1
Surgical Critical Care,Surgical Cardiothoracic Critical Care,1
Surgical Critical Care,Surgical Critical Care,1
Surgical Critical Care,ONC General Hematology/Oncology Ward,13
Surgical Critical Care,Exit,20
ONC Hematopoietic Stem Cell Transplant Ward,Endoscopy Suite,5
ONC Hematopoietic Stem Cell Transplant Ward,Medical Ward,2
ONC Hematopoietic Stem Cell Transplant Ward,Operating Room/Suite,9
ONC Hematopoietic Stem Cell Transplant Ward,Pulmonary Ward,1
ONC Hematopoietic Stem Cell Transplant Ward,Medical Cardiac Critical Care,1
ONC Hematopoietic Stem Cell Transplant Ward,Medical Critical Care,2
ONC Hematopoietic Stem Cell Transplant Ward,ONC Hematopoietic Stem Cell Transplant Ward,6
ONC Hematopoietic Stem Cell Transplant Ward,ONC General Hematology/Oncology Ward,5
ONC Hematopoietic Stem Cell Transplant Ward,Exit,51
ONC General Hematology/Oncology Ward,Endoscopy Suite,30
ONC General Hematology/Oncology Ward,Medical Ward,6
ONC General Hematology/Oncology Ward,Medical/Surgical Ward,1
ONC General Hematology/Oncology Ward,Operating Room/Suite,48
ONC General Hematology/Oncology Ward,Surgical Ward,3
ONC General Hematology/Oncology Ward,Medical Cardiac Critical Care,5
ONC General Hematology/Oncology Ward,Medical Critical Care,9
ONC General Hematology/Oncology Ward,Neurologic Critical Care,2
ONC General Hematology/Oncology Ward,Surgical Critical Care,3
ONC General Hematology/Oncology Ward,ONC General Hematology/Oncology Ward,35
ONC General Hematology/Oncology Ward,Exit,463
ONC Pediatric Hematopoietic Stem Cell Transplant Ward,Pediatric Medical/Surgical Critical Care,3
ONC Pediatric Hematopoietic Stem Cell Transplant Ward,ONC Pediatric General Hematology/Oncology Ward,1
ONC Pediatric Hematopoietic Stem Cell Transplant Ward,Exit,14
ONC Pediatric General Hematology/Oncology Ward,Operating Room/Suite,11
ONC Pediatric General Hematology/Oncology Ward,Pediatric Medical/Surgical Critical Care,5
ONC Pediatric General Hematology/Oncology Ward,ONC Pediatric Hematopoietic Stem Cell Transplant Ward,1
ONC Pediatric General Hematology/Oncology Ward,ONC Pediatric General Hematology/Oncology Ward,22
ONC Pediatric General Hematology/Oncology Ward,Exit,202
