source,destination,count
Entry,24-Hour Observation Area,117
Entry,Adult Step Down Unit (post-critical care),32
Entry,Ambulatory Surgery Center,619
Entry,Emergency Department,6615
Entry,Endoscopy Suite,7
Entry,Behavioral Health/Psych Ward,50
Entry,Pediatric Medical Ward,54
Entry,Medical Ward,269
Entry,Medical/Surgical Ward,125
Entry,Neurology Ward,41
Entry,Neurosurgical Ward,34
Entry,Operating Room/Suite,1802
Entry,Postpartum Ward,124
Entry,Pulmonary Ward,34
Entry,Surgical Ward,73
Entry,"Labor, Delivery, Recovery, Postpartum Suite (LDRP)",538
Entry,Medical Cardiac Critical Care,44
Entry,Medical Critical Care,22
Entry,Neonatal Critical Care (Level III),35
Entry,Neurologic Critical Care,25
Entry,Pediatric Cardiothoracic Critical Care,18
Entry,Pediatric Medical/Surgical Critical Care,26
Entry,Pediatric Step Down Unit (post-critical care),19
Entry,Surgical Cardiothoracic Critical Care,12
Entry,Surgical Critical Care,7
Entry,ONC Hematopoietic Stem Cell Transplant Ward,45
Entry,ONC General Hematology/Oncology Ward,151
Entry,ONC Pediatric Hematopoietic Stem Cell Transplant Ward,16
Entry,ONC Pediatric General Hematology/Oncology Ward,92
24-Hour Observation Area,24-Hour Observation Area,19
24-Hour Observation Area,Adult Step Down Unit (post-critical care),2
24-Hour Observation Area,Medical Ward,13
24-Hour Observation Area,Medical/Surgical Ward,20
24-Hour Observation Area,Neurology Ward,12
24-Hour Observation Area,Neurosurgical Ward,5
24-Hour Observation Area,Operating Room/Suite,7
24-Hour Observation Area,Surgical Ward,25
24-Hour Observation Area,Medical Cardiac Critical Care,1
24-Hour Observation Area,ONC Hematopoietic Stem Cell Transplant Ward,2
24-Hour Observation Area,ONC General Hematology/Oncology Ward,19
24-Hour Observation Area,Exit,274
Adult Step Down Unit (post-critical care),Adult Step Down Unit (post-critical care),3
Adult Step Down Unit (post-critical care),Endoscopy Suite,8
Adult Step Down Unit (post-critical care),Medical Ward,2
Adult Step Down Unit (post-critical care),Operating Room/Suite,43
Adult Step Down Unit (post-critical care),Pulmonary Ward,3
Adult Step Down Unit (post-critical care),Surgical Ward,1
Adult Step Down Unit (post-critical care),Medical Cardiac Critical Care,1
Adult Step Down Unit (post-critical care),Medical Critical Care,1
Adult Step Down Unit (post-critical care),Surgical Cardiothoracic Critical Care,8
Adult Step Down Unit (post-critical care),Exit,84
Ambulatory Surgery Center,24-Hour Observation Area,1
Ambulatory Surgery Center,Medical/Surgical Ward,1
Ambulatory Surgery Center,Surgical Ward,1
Ambulatory Surgery Center,Medical Cardiac Critical Care,1
Ambulatory Surgery Center,Pediatric Medical/Surgical Critical Care,1
Ambulatory Surgery Center,Exit,614
Emergency Department,24-Hour Observation Area,3
Emergency Department,Adult Step Down Unit (post-critical care),17
Emergency Department,Emergency Department,15314
Emergency Department,Endoscopy Suite,3
Emergency Department,Pediatric Medical Ward,107
Emergency Department,Medical Ward,471
Emergency Department,Medical/Surgical Ward,147
Emergency Department,Neurology Ward,87
Emergency Department,Neurosurgical Ward,76
Emergency Department,Operating Room/Suite,79
Emergency Department,Postpartum Ward,1
Emergency Department,Pulmonary Ward,61
Emergency Department,Surgical Ward,222
Emergency Department,"Labor, Delivery, Recovery, Postpartum Suite (LDRP)",1
Emergency Department,Medical Cardiac Critical Care,30
Emergency Department,Medical Critical Care,60
Emergency Department,Neonatal Critical Care (Level III),1
Emergency Department,Neurologic Critical Care,32
Emergency Department,Pediatric Cardiothoracic Critical Care,4
Emergency Department,Pediatric Medical/Surgical Critical Care,22
Emergency Department,Pediatric Step Down Unit (post-critical care),11
Emergency Department,Surgical Cardiothoracic Critical Care,6
Emergency Department,Surgical Critical Care,57
Emergency Department,ONC Hematopoietic Stem Cell Transplant Ward,21
Emergency Department,ONC General Hematology/Oncology Ward,198
Emergency Department,ONC Pediatric Hematopoietic Stem Cell Transplant Ward,2
Emergency Department,ONC Pediatric General Hematology/Oncology Ward,65
Emergency Department,Exit,4829
Endoscopy Suite,Adult Step Down Unit (post-critical care),8
Endoscopy Suite,Emergency Department,3
Endoscopy Suite,Medical Ward,47
Endoscopy Suite,Medical/Surgical Ward,32
Endoscopy Suite,Neurology Ward,6
Endoscopy Suite,Neurosurgical Ward,1
Endoscopy Suite,Operating Room/Suite,3
Endoscopy Suite,Postpartum Ward,1
Endoscopy Suite,Pulmonary Ward,18
Endoscopy Suite,Surgical Ward,25
Endoscopy Suite,ONC Hematopoietic Stem Cell Transplant Ward,5
Endoscopy Suite,ONC General Hematology/Oncology Ward,31
Endoscopy Suite,Exit,4
Behavioral Health/Psych Ward,Behavioral Health/Psych Ward,8
Behavioral Health/Psych Ward,Exit,52
Pediatric Medical Ward,Pediatric Medical Ward,15
Pediatric Medical Ward,Medical Ward,1
Pediatric Medical Ward,Medical/Surgical Ward,1
Pediatric Medical Ward,Neurosurgical Ward,1
Pediatric Medical Ward,Operating Room/Suite,42
Pediatric Medical Ward,Surgical Ward,1
Pediatric Medical Ward,Pediatric Medical/Surgical Critical Care,16
Pediatric Medical Ward,ONC Pediatric General Hematology/Oncology Ward,4
Pediatric Medical Ward,Exit,256
Medical Ward,Emergency Department,3
Medical Ward,Endoscopy Suite,49
Medical Ward,Medical Ward,75
Medical Ward,Medical/Surgical Ward,1
Medical Ward,Neurosurgical Ward,3
Medical Ward,Operating Room/Suite,105
Medical Ward,Pulmonary Ward,5
Medical Ward,Surgical Ward,4
Medical Ward,Medical Cardiac Critical Care,34
Medical Ward,Medical Critical Care,15
Medical Ward,Neurologic Critical Care,6
Medical Ward,Surgical Cardiothoracic Critical Care,1
Medical Ward,Surgical Critical Care,5
Medical Ward,ONC General Hematology/Oncology Ward,8
Medical Ward,Exit,841
Medical/Surgical Ward,Emergency Department,1
Medical/Surgical Ward,Endoscopy Suite,32
Medical/Surgical Ward,Medical Ward,9
Medical/Surgical Ward,Medical/Surgical Ward,29
Medical/Surgical Ward,Operating Room/Suite,111
Medical/Surgical Ward,Pulmonary Ward,1
Medical/Surgical Ward,Surgical Ward,8
Medical/Surgical Ward,Medical Cardiac Critical Care,2
Medical/Surgical Ward,Medical Critical Care,5
Medical/Surgical Ward,Neurologic Critical Care,1
Medical/Surgical Ward,Surgical Cardiothoracic Critical Care,15
Medical/Surgical Ward,Surgical Critical Care,9
Medical/Surgical Ward,ONC General Hematology/Oncology Ward,7
Medical/Surgical Ward,Exit,471
Neurology Ward,Endoscopy Suite,6
Neurology Ward,Medical Ward,1
Neurology Ward,Neurology Ward,13
Neurology Ward,Neurosurgical Ward,1
Neurology Ward,Operating Room/Suite,22
Neurology Ward,Medical Critical Care,2
Neurology Ward,Neurologic Critical Care,5
Neurology Ward,ONC General Hematology/Oncology Ward,2
Neurology Ward,Exit,210
Neurosurgical Ward,Emergency Department,1
Neurosurgical Ward,Endoscopy Suite,1
Neurosurgical Ward,Medical/Surgical Ward,1
Neurosurgical Ward,Neurosurgical Ward,3
Neurosurgical Ward,Operating Room/Suite,40
Neurosurgical Ward,Surgical Ward,2
Neurosurgical Ward,Neurologic Critical Care,2
Neurosurgical Ward,ONC General Hematology/Oncology Ward,4
Neurosurgical Ward,Exit,175
Operating Room/Suite,24-Hour Observation Area,248
Operating Room/Suite,Adult Step Down Unit (post-critical care),31
Operating Room/Suite,Emergency Department,1
Operating Room/Suite,Endoscopy Suite,1
Operating Room/Suite,Pediatric Medical Ward,103
Operating Room/Suite,Medical Ward,82
Operating Room/Suite,Medical/Surgical Ward,141
Operating Room/Suite,Neurology Ward,71
Operating Room/Suite,Neurosurgical Ward,45
Operating Room/Suite,Operating Room/Suite,178
Operating Room/Suite,Postpartum Ward,2
Operating Room/Suite,Pulmonary Ward,8
Operating Room/Suite,Surgical Ward,347
Operating Room/Suite,"Labor, Delivery, Recovery, Postpartum Suite (LDRP)",2
Operating Room/Suite,Medical Cardiac Critical Care,17
Operating Room/Suite,Medical Critical Care,17
Operating Room/Suite,Neonatal Critical Care (Level III),14
Operating Room/Suite,Neurologic Critical Care,86
Operating Room/Suite,Pediatric Cardiothoracic Critical Care,42
Operating Room/Suite,Pediatric Medical/Surgical Critical Care,35
Operating Room/Suite,Pediatric Step Down Unit (post-critical care),1
Operating Room/Suite,Surgical Cardiothoracic Critical Care,248
Operating Room/Suite,Surgical Critical Care,114
Operating Room/Suite,ONC Hematopoietic Stem Cell Transplant Ward,6
Operating Room/Suite,ONC General Hematology/Oncology Ward,144
Operating Room/Suite,ONC Pediatric Hematopoietic Stem Cell Transplant Ward,9
Operating Room/Suite,ONC Pediatric General Hematology/Oncology Ward,12
Operating Room/Suite,Exit,860
Postpartum Ward,Endoscopy Suite,1
Postpartum Ward,Pediatric Medical Ward,1
Postpartum Ward,Operating Room/Suite,2
Postpartum Ward,Postpartum Ward,34
Postpartum Ward,"Labor, Delivery, Recovery, Postpartum Suite (LDRP)",16
Postpartum Ward,Neonatal Critical Care (Level III),9
Postpartum Ward,Step down Neonatal Nursery (Level II),1
Postpartum Ward,ONC Pediatric General Hematology/Oncology Ward,1
Postpartum Ward,Exit,564
Pulmonary Ward,Endoscopy Suite,18
Pulmonary Ward,Medical Ward,3
Pulmonary Ward,Operating Room/Suite,10
Pulmonary Ward,Pulmonary Ward,14
Pulmonary Ward,Surgical Ward,1
Pulmonary Ward,Medical Critical Care,2
Pulmonary Ward,Neurologic Critical Care,1
Pulmonary Ward,Surgical Cardiothoracic Critical Care,1
Pulmonary Ward,ONC General Hematology/Oncology Ward,2
Pulmonary Ward,Exit,101
Surgical Ward,Emergency Department,6
Surgical Ward,Endoscopy Suite,24
Surgical Ward,Medical Ward,3
Surgical Ward,Medical/Surgical Ward,3
Surgical Ward,Neurology Ward,1
Surgical Ward,Operating Room/Suite,120
Surgical Ward,Surgical Ward,33
Surgical Ward,Medical Cardiac Critical Care,1
Surgical Ward,Medical Critical Care,5
Surgical Ward,Surgical Critical Care,8
Surgical Ward,ONC Hematopoietic Stem Cell Transplant Ward,1
Surgical Ward,ONC General Hematology/Oncology Ward,11
Surgical Ward,Exit,590
"Labor, Delivery, Recovery, Postpartum Suite (LDRP)",Operating Room/Suite,2
"Labor, Delivery, Recovery, Postpartum Suite (LDRP)",Postpartum Ward,461
"Labor, Delivery, Recovery, Postpartum Suite (LDRP)","Labor, Delivery, Recovery, Postpartum Suite (LDRP)",72
"Labor, Delivery, Recovery, Postpartum Suite (LDRP)",Medical Cardiac Critical Care,1
"Labor, Delivery, Recovery, Postpartum Suite (LDRP)",Neonatal Critical Care (Level III),22
"Labor, Delivery, Recovery, Postpartum Suite (LDRP)",Surgical Cardiothoracic Critical Care,2
"Labor, Delivery, Recovery, Postpartum Suite (LDRP)",Surgical Critical Care,2
"Labor, Delivery, Recovery, Postpartum Suite (LDRP)",Exit,72
Medical Cardiac Critical Care,Medical Ward,70
Medical Cardiac Critical Care,Medical/Surgical Ward,4
Medical Cardiac Critical Care,Operating Room/Suite,32
Medical Cardiac Critical Care,Pulmonary Ward,1
Medical Cardiac Critical Care,Surgical Ward,1
Medical Cardiac Critical Care,Medical Cardiac Critical Care,4
Medical Cardiac Critical Care,Medical Critical Care,3
Medical Cardiac Critical Care,Neurologic Critical Care,2
Medical Cardiac Critical Care,Pediatric Step Down Unit (post-critical care),1
Medical Cardiac Critical Care,Surgical Cardiothoracic Critical Care,6
Medical Cardiac Critical Care,Surgical Critical Care,2
Medical Cardiac Critical Care,ONC General Hematology/Oncology Ward,1
Medical Cardiac Critical Care,Exit,25
Medical Critical Care,Adult Step Down Unit (post-critical care),2
Medical Critical Care,Medical Ward,70
Medical Critical Care,Medical/Surgical Ward,5
Medical Critical Care,Neurology Ward,1
Medical Critical Care,Operating Room/Suite,21
Medical Critical Care,Pulmonary Ward,7
Medical Critical Care,Surgical Ward,1
Medical Critical Care,"Labor, Delivery, Recovery, Postpartum Suite (LDRP)",1
Medical Critical Care,Medical Cardiac Critical Care,1
Medical Critical Care,Medical Critical Care,13
Medical Critical Care,ONC Hematopoietic Stem Cell Transplant Ward,8
Medical Critical Care,ONC General Hematology/Oncology Ward,15
Medical Critical Care,Exit,21
Neonatal Critical Care (Level III),Pediatric Medical Ward,1
Neonatal Critical Care (Level III),Operating Room/Suite,14
Neonatal Critical Care (Level III),Postpartum Ward,6
Neonatal Critical Care (Level III),"Labor, Delivery, Recovery, Postpartum Suite (LDRP)",1
Neonatal Critical Care (Level III),Neonatal Critical Care (Level III),134
Neonatal Critical Care (Level III),Step down Neonatal Nursery (Level II),34
Neonatal Critical Care (Level III),ONC Pediatric General Hematology/Oncology Ward,1
Neonatal Critical Care (Level III),Exit,43
Neurologic Critical Care,Pediatric Medical Ward,1
Neurologic Critical Care,Medical Ward,8
Neurologic Critical Care,Medical/Surgical Ward,2
Neurologic Critical Care,Neurology Ward,21
Neurologic Critical Care,Neurosurgical Ward,60
Neurologic Critical Care,Operating Room/Suite,20
Neurologic Critical Care,Pulmonary Ward,1
Neurologic Critical Care,Medical Critical Care,1
Neurologic Critical Care,ONC Hematopoietic Stem Cell Transplant Ward,2
Neurologic Critical Care,ONC General Hematology/Oncology Ward,2
Neurologic Critical Care,Exit,58
Pediatric Cardiothoracic Critical Care,Pediatric Medical Ward,4
Pediatric Cardiothoracic Critical Care,Operating Room/Suite,13
Pediatric Cardiothoracic Critical Care,Neonatal Critical Care (Level III),1
Pediatric Cardiothoracic Critical Care,Pediatric Cardiothoracic Critical Care,34
Pediatric Cardiothoracic Critical Care,Pediatric Medical/Surgical Critical Care,6
Pediatric Cardiothoracic Critical Care,Pediatric Step Down Unit (post-critical care),41
Pediatric Cardiothoracic Critical Care,Exit,10
Pediatric Medical/Surgical Critical Care,Pediatric Medical Ward,43
Pediatric Medical/Surgical Critical Care,Neurology Ward,1
Pediatric Medical/Surgical Critical Care,Operating Room/Suite,11
Pediatric Medical/Surgical Critical Care,Pediatric Cardiothoracic Critical Care,1
Pediatric Medical/Surgical Critical Care,Pediatric Medical/Surgical Critical Care,18
Pediatric Medical/Surgical Critical Care,Pediatric Step Down Unit (post-critical care),13
Pediatric Medical/Surgical Critical Care,ONC General Hematology/Oncology Ward,1
Pediatric Medical/Surgical Critical Care,ONC Pediatric Hematopoietic Stem Cell Transplant Ward,3
Pediatric Medical/Surgical Critical Care,ONC Pediatric General Hematology/Oncology Ward,31
Pediatric Medical/Surgical Critical Care,Exit,22
Pediatric Step Down Unit (post-critical care),Pediatric Medical Ward,6
Pediatric Step Down Unit (post-critical care),Operating Room/Suite,4
Pediatric Step Down Unit (post-critical care),Pediatric Cardiothoracic Critical Care,11
Pediatric Step Down Unit (post-critical care),Pediatric Medical/Surgical Critical Care,6
Pediatric Step Down Unit (post-critical care),Pediatric Step Down Unit (post-critical care),17
Pediatric Step Down Unit (post-critical care),ONC Pediatric General Hematology/Oncology Ward,1
Pediatric Step Down Unit (post-critical care),Exit,57
Step down Neonatal Nursery (Level II),Postpartum Ward,1
Step down Neonatal Nursery (Level II),Neonatal Critical Care (Level III),15
Step down Neonatal Nursery (Level II),Step down Neonatal Nursery (Level II),2
Step down Neonatal Nursery (Level II),Exit,20
Surgical Cardiothoracic Critical Care,Adult Step Down Unit (post-critical care),57
Surgical Cardiothoracic Critical Care,Medical Ward,2
Surgical Cardiothoracic Critical Care,Medical/Surgical Ward,150
Surgical Cardiothoracic Critical Care,Operating Room/Suite,70
Surgical Cardiothoracic Critical Care,"Labor, Delivery, Recovery, Postpartum Suite (LDRP)",1
Surgical Cardiothoracic Critical Care,Medical Cardiac Critical Care,4
Surgical Cardiothoracic Critical Care,Medical Critical Care,1
Surgical Cardiothoracic Critical Care,Neurologic Critical Care,1
Surgical Cardiothoracic Critical Care,Surgical Cardiothoracic Critical Care,14
Surgical Cardiothoracic Critical Care,Surgical Critical Care,1
Surgical Cardiothoracic Critical Care,ONC General Hematology/Oncology Ward,1
Surgical Cardiothoracic Critical Care,Exit,9
Surgical Critical Care,Medical Ward,17
Surgical Critical Care,Medical/Surgical Ward,19
Surgical Critical Care,Neurology Ward,9
Surgical Critical Care,Neurosurgical Ward,3
Surgical Critical Care,Operating Room/Suite,46
Surgical Critical Care,Surgical Ward,56
Surgical Critical Care,"Labor, Delivery, Recovery, Postpartum Suite (LDRP)",2
Surgical Critical Care,Medical Cardiac Critical Care,3
Surgical Critical Care,Medical Critical Care,3
Surgical Critical Care,Neurologic Critical Care,1
Surgical Critical Care,Surgical Cardiothoracic Critical Care,1
Surgical Critical Care,ONC General Hematology/Oncology Ward,24
Surgical Critical Care,Exit,28
ONC Hematopoietic Stem Cell Transplant Ward,Endoscopy Suite,5
ONC Hematopoietic Stem Cell Transplant Ward,Medical Ward,1
ONC Hematopoietic Stem Cell Transplant Ward,Medical/Surgical Ward,1
ONC Hematopoietic Stem Cell Transplant Ward,Operating Room/Suite,11
ONC Hematopoietic Stem Cell Transplant Ward,Medical Cardiac Critical Care,1
ONC Hematopoietic Stem Cell Transplant Ward,Medical Critical Care,1
ONC Hematopoietic Stem Cell Transplant Ward,Neurologic Critical Care,1
ONC Hematopoietic Stem Cell Transplant Ward,ONC Hematopoietic Stem Cell Transplant Ward,8
ONC Hematopoietic Stem Cell Transplant Ward,ONC General Hematology/Oncology Ward,7
ONC Hematopoietic Stem Cell Transplant Ward,Exit,66
ONC General Hematology/Oncology Ward,Endoscopy Suite,29
ONC General Hematology/Oncology Ward,Medical Ward,2
ONC General Hematology/Oncology Ward,Medical/Surgical Ward,1
ONC General Hematology/Oncology Ward,Operating Room/Suite,41
ONC General Hematology/Oncology Ward,Surgical Ward,3
ONC General Hematology/Oncology Ward,Medical Cardiac Critical Care,6
ONC General Hematology/Oncology Ward,Medical Critical Care,11
ONC General Hematology/Oncology Ward,Neurologic Critical Care,3
ONC General Hematology/Oncology Ward,Surgical Critical Care,4
ONC General Hematology/Oncology Ward,ONC General Hematology/Oncology Ward,52
ONC General Hematology/Oncology Ward,Exit,520
ONC Pediatric Hematopoietic Stem Cell Transplant Ward,Operating Room/Suite,8
ONC Pediatric Hematopoietic Stem Cell Transplant Ward,ONC Pediatric Hematopoietic Stem Cell Transplant Ward,2
ONC Pediatric Hematopoietic Stem Cell Transplant Ward,Exit,20
ONC Pediatric General Hematology/Oncology Ward,Pediatric Medical Ward,1
ONC Pediatric General Hematology/Oncology Ward,Operating Room/Suite,9
ONC Pediatric General Hematology/Oncology Ward,Pediatric Medical/Surgical Critical Care,13
ONC Pediatric General Hematology/Oncology Ward,ONC General Hematology/Oncology Ward,1
ONC Pediatric General Hematology/Oncology Ward,ONC Pediatric General Hematology/Oncology Ward,14
ONC Pediatric General Hematology/Oncology Ward,Exit,177
