source,destination,count
Entry,24-Hour Observation Area,123
Entry,Adult Step Down Unit (post-critical care),35
Entry,Ambulatory Surgery Center,573
Entry,Emergency Department,6607
Entry,Endoscopy Suite,11
Entry,Behavioral Health/Psych Ward,35
Entry,Pediatric Medical Ward,39
Entry,Medical Ward,261
Entry,Medical/Surgical Ward,153
Entry,Neurology Ward,51
Entry,Neurosurgical Ward,32
Entry,Operating Room/Suite,1710
Entry,Postpartum Ward,139
Entry,Pulmonary Ward,40
Entry,Surgical Ward,82
Entry,"Labor, Delivery, Recovery, Postpartum Suite (LDRP)",465
Entry,Medical Cardiac Critical Care,31
Entry,Medical Critical Care,29
Entry,Neonatal Critical Care (Level III),45
Entry,Neurologic Critical Care,27
Entry,Pediatric Cardiothoracic Critical Care,17
Entry,Pediatric Medical/Surgical Critical Care,21
Entry,Pediatric Step Down Unit (post-critical care),20
Entry,Surgical Cardiothoracic Critical Care,6
Entry,Surgical Critical Care,4
Entry,ONC Hematopoietic Stem Cell Transplant Ward,28
Entry,ONC General Hematology/Oncology Ward,160
Entry,ONC Pediatric Hematopoietic Stem Cell Transplant Ward,5
Entry,ONC Pediatric General Hematology/Oncology Ward,85
24-Hour Observation Area,24-Hour Observation Area,3
24-Hour Observation Area,Medical Ward,8
24-Hour Observation Area,Neurology Ward,1
24-Hour Observation Area,Operating Room/Suite,18
24-Hour Observation Area,Surgical Ward,6
24-Hour Observation Area,ONC General Hematology/Oncology Ward,1
24-Hour Observation Area,Exit,235
Adult Step Down Unit (post-critical care),Adult Step Down Unit (post-critical care),10
Adult Step Down Unit (post-critical care),Emergency Department,3
Adult Step Down Unit (post-critical care),Endoscopy Suite,9
Adult Step Down Unit (post-critical care),Medical Ward,1
Adult Step Down Unit (post-critical care),Operating Room/Suite,35
Adult Step Down Unit (post-critical care),Medical Cardiac Critical Care,1
Adult Step Down Unit (post-critical care),Medical Critical Care,1
Adult Step Down Unit (post-critical care),Surgical Cardiothoracic Critical Care,4
Adult Step Down Unit (post-critical care),ONC General Hematology/Oncology Ward,1
Adult Step Down Unit (post-critical care),Exit,103
Ambulatory Surgery Center,24-Hour Observation Area,4
Ambulatory Surgery Center,Surgical Ward,2
Ambulatory Surgery Center,Exit,567
Emergency Department,Adult Step Down Unit (post-critical care),25
Emergency Department,Emergency Department,14805
Emergency Department,Endoscopy Suite,3
Emergency Department,Pediatric Medical Ward,75
Emergency Department,Medical Ward,490
Emergency Department,Medical/Surgical Ward,137
Emergency Department,Neurology Ward,77
Emergency Department,Neurosurgical Ward,74
Emergency Department,Operating Room/Suite,109
Emergency Department,Postpartum Ward,2
Emergency Department,Pulmonary Ward,54
Emergency Department,Surgical Ward,159
Emergency Department,"Labor, Delivery, Recovery, Postpartum Suite (LDRP)",2
Emergency Department,Medical Cardiac Critical Care,38
Emergency Department,Medical Critical Care,70
Emergency Department,Neonatal Critical Care (Level III),1
Emergency Department,Neurologic Critical Care,51
Emergency Department,Pediatric Cardiothoracic Critical Care,2
Emergency Department,Pediatric Medical/Surgical Critical Care,24
Emergency Department,Pediatric Step Down Unit (post-critical care),7
Emergency Department,Surgical Cardiothoracic Critical Care,1
Emergency Department,Surgical Critical Care,36
Emergency Department,ONC Hematopoietic Stem Cell Transplant Ward,32
Emergency Department,ONC General Hematology/Oncology Ward,210
Emergency Department,ONC Pediatric Hematopoietic Stem Cell Transplant Ward,1
Emergency Department,ONC Pediatric General Hematology/Oncology Ward,74
Emergency Department,Exit,4841
Endoscopy Suite,Adult Step Down Unit (post-critical care),9
Endoscopy Suite,Emergency Department,3
Endoscopy Suite,Medical Ward,62
Endoscopy Suite,Medical/Surgical Ward,23
Endoscopy Suite,Neurology Ward,10
Endoscopy Suite,Neurosurgical Ward,3
Endoscopy Suite,Pulmonary Ward,14
Endoscopy Suite,Surgical Ward,30
Endoscopy Suite,Medical Critical Care,1
Endoscopy Suite,Surgical Critical Care,3
Endoscopy Suite,ONC Hematopoietic Stem Cell Transplant Ward,5
Endoscopy Suite,ONC General Hematology/Oncology Ward,23
Endoscopy Suite,Exit,5
Behavioral Health/Psych Ward,Behavioral Health/Psych Ward,13
Behavioral Health/Psych Ward,Exit,31
Pediatric Medical Ward,Emergency Department,3
Pediatric Medical Ward,Pediatric Medical Ward,9
Pediatric Medical Ward,Medical Ward,1
Pediatric Medical Ward,Operating Room/Suite,29
Pediatric Medical Ward,Pediatric Cardiothoracic Critical Care,2
Pediatric Medical Ward,Pediatric Medical/Surgical Critical Care,12
Pediatric Medical Ward,ONC Hematopoietic Stem Cell Transplant Ward,1
Pediatric Medical Ward,ONC General Hematology/Oncology Ward,1
Pediatric Medical Ward,ONC Pediatric Hematopoietic Stem Cell Transplant Ward,1
Pediatric Medical Ward,ONC Pediatric General Hematology/Oncology Ward,1
Pediatric Medical Ward,Exit,182
Medical Ward,Emergency Department,5
Medical Ward,Endoscopy Suite,63
Medical Ward,Medical Ward,73
Medical Ward,Medical/Surgical Ward,2
Medical Ward,Neurosurgical Ward,1
Medical Ward,Operating Room/Suite,85
Medical Ward,Pulmonary Ward,5
Medical Ward,Surgical Ward,2
Medical Ward,Medical Cardiac Critical Care,41
Medical Ward,Medical Critical Care,10
Medical Ward,Neurologic Critical Care,1
Medical Ward,Surgical Critical Care,9
Medical Ward,ONC General Hematology/Oncology Ward,15
Medical Ward,Exit,876
Medical/Surgical Ward,Adult Step Down Unit (post-critical care),1
Medical/Surgical Ward,Emergency Department,3
Medical/Surgical Ward,Endoscopy Suite,22
Medical/Surgical Ward,Medical Ward,11
Medical/Surgical Ward,Medical/Surgical Ward,29
Medical/Surgical Ward,Neurology Ward,1
Medical/Surgical Ward,Operating Room/Suite,173
Medical/Surgical Ward,Pulmonary Ward,3
Medical/Surgical Ward,Surgical Ward,14
Medical/Surgical Ward,"Labor, Delivery, Recovery, Postpartum Suite (LDRP)",5
Medical/Surgical Ward,Medical Cardiac Critical Care,1
Medical/Surgical Ward,Medical Critical Care,4
Medical/Surgical Ward,Neurologic Critical Care,3
Medical/Surgical Ward,Surgical Cardiothoracic Critical Care,11
Medical/Surgical Ward,Surgical Critical Care,6
Medical/Surgical Ward,ONC General Hematology/Oncology Ward,5
Medical/Surgical Ward,Exit,366
Neurology Ward,Emergency Department,5
Neurology Ward,Endoscopy Suite,10
Neurology Ward,Medical Ward,6
Neurology Ward,Neurology Ward,10
Neurology Ward,Operating Room/Suite,22
Neurology Ward,Surgical Ward,3
Neurology Ward,Neurologic Critical Care,2
Neurology Ward,ONC General Hematology/Oncology Ward,4
Neurology Ward,Exit,176
Neurosurgical Ward,Emergency Department,5
Neurosurgical Ward,Endoscopy Suite,3
Neurosurgical Ward,Medical Ward,2
Neurosurgical Ward,Medical/Surgical Ward,1
Neurosurgical Ward,Neurology Ward,1
Neurosurgical Ward,Neurosurgical Ward,7
Neurosurgical Ward,Operating Room/Suite,43
Neurosurgical Ward,Surgical Ward,1
Neurosurgical Ward,Medical Critical Care,2
Neurosurgical Ward,Neurologic Critical Care,10
Neurosurgical Ward,ONC General Hematology/Oncology Ward,2
Neurosurgical Ward,Exit,154
Operating Room/Suite,24-Hour Observation Area,146
Operating Room/Suite,Adult Step Down Unit (post-critical care),30
Operating Room/Suite,Pediatric Medical Ward,83
Operating Room/Suite,Medical Ward,76
Operating Room/Suite,Medical/Surgical Ward,192
Operating Room/Suite,Neurology Ward,66
Operating Room/Suite,Neurosurgical Ward,51
Operating Room/Suite,Operating Room/Suite,162
Operating Room/Suite,Postpartum Ward,3
Operating Room/Suite,Pulmonary Ward,9
Operating Room/Suite,Surgical Ward,366
Operating Room/Suite,"Labor, Delivery, Recovery, Postpartum Suite (LDRP)",2
Operating Room/Suite,Medical Cardiac Critical Care,14
Operating Room/Suite,Medical Critical Care,13
Operating Room/Suite,Neonatal Critical Care (Level III),19
Operating Room/Suite,Neurologic Critical Care,105
Operating Room/Suite,Pediatric Cardiothoracic Critical Care,33
Operating Room/Suite,Pediatric Medical/Surgical Critical Care,27
Operating Room/Suite,Pediatric Step Down Unit (post-critical care),1
Operating Room/Suite,Step down Neonatal Nursery (Level II),1
Operating Room/Suite,Surgical Cardiothoracic Critical Care,204
Operating Room/Suite,Surgical Critical Care,113
Operating Room/Suite,ONC Hematopoietic Stem Cell Transplant Ward,7
Operating Room/Suite,ONC General Hematology/Oncology Ward,157
Operating Room/Suite,ONC Pediatric Hematopoietic Stem Cell Transplant Ward,5
Operating Room/Suite,ONC Pediatric General Hematology/Oncology Ward,16
Operating Room/Suite,Exit,875
Postpartum Ward,Pediatric Medical Ward,1
Postpartum Ward,Operating Room/Suite,1
Postpartum Ward,Postpartum Ward,64
Postpartum Ward,"Labor, Delivery, Recovery, Postpartum Suite (LDRP)",26
Postpartum Ward,Neonatal Critical Care (Level III),5
Postpartum Ward,ONC General Hematology/Oncology Ward,1
Postpartum Ward,ONC Pediatric General Hematology/Oncology Ward,1
Postpartum Ward,Exit,513
Pulmonary Ward,Endoscopy Suite,12
Pulmonary Ward,Medical Ward,5
Pulmonary Ward,Medical/Surgical Ward,1
Pulmonary Ward,Operating Room/Suite,17
Pulmonary Ward,Pulmonary Ward,13
Pulmonary Ward,Medical Cardiac Critical Care,1
Pulmonary Ward,Medical Critical Care,6
Pulmonary Ward,Neurologic Critical Care,2
Pulmonary Ward,Surgical Cardiothoracic Critical Care,1
Pulmonary Ward,Surgical Critical Care,2
Pulmonary Ward,Exit,111
Surgical Ward,Emergency Department,11
Surgical Ward,Endoscopy Suite,29
Surgical Ward,Medical Ward,3
Surgical Ward,Medical/Surgical Ward,2
Surgical Ward,Neurology Ward,3
Surgical Ward,Neurosurgical Ward,1
Surgical Ward,Operating Room/Suite,121
Surgical Ward,Pulmonary Ward,2
Surgical Ward,Surgical Ward,52
Surgical Ward,Medical Cardiac Critical Care,2
Surgical Ward,Medical Critical Care,3
Surgical Ward,Neurologic Critical Care,1
Surgical Ward,Surgical Critical Care,13
Surgical Ward,ONC General Hematology/Oncology Ward,6
Surgical Ward,Exit,519
"Labor, Delivery, Recovery, Postpartum Suite (LDRP)",Emergency Department,1
"Labor, Delivery, Recovery, Postpartum Suite (LDRP)",Medical/Surgical Ward,3
"Labor, Delivery, Recovery, Postpartum Suite (LDRP)",Operating Room/Suite,2
"Labor, Delivery, Recovery, Postpartum Suite (LDRP)",Postpartum Ward,406
"Labor, Delivery, Recovery, Postpartum Suite (LDRP)","Labor, Delivery, Recovery, Postpartum Suite (LDRP)",67
"Labor, Delivery, Recovery, Postpartum Suite (LDRP)",Medical Critical Care,2
"Labor, Delivery, Recovery, Postpartum Suite (LDRP)",Neonatal Critical Care (Level III),11
"Labor, Delivery, Recovery, Postpartum Suite (LDRP)",Pediatric Cardiothoracic Critical Care,3
"Labor, Delivery, Recovery, Postpartum Suite (LDRP)",Exit,74
Medical Cardiac Critical Care,Adult Step Down Unit (post-critical care),4
Medical Cardiac Critical Care,Medical Ward,80
Medical Cardiac Critical Care,Medical/Surgical Ward,4
Medical Cardiac Critical Care,Operating Room/Suite,20
Medical Cardiac Critical Care,Pulmonary Ward,2
Medical Cardiac Critical Care,Surgical Ward,1
Medical Cardiac Critical Care,"Labor, Delivery, Recovery, Postpartum Suite (LDRP)",1
Medical Cardiac Critical Care,Medical Cardiac Critical Care,3
Medical Cardiac Critical Care,Medical Critical Care,2
Medical Cardiac Critical Care,Surgical Cardiothoracic Critical Care,2
Medical Cardiac Critical Care,ONC General Hematology/Oncology Ward,5
Medical Cardiac Critical Care,Exit,19
Medical Critical Care,Emergency Department,1
Medical Critical Care,Medical Ward,65
Medical Critical Care,Medical/Surgical Ward,2
Medical Critical Care,Neurology Ward,1
Medical Critical Care,Operating Room/Suite,16
Medical Critical Care,Pulmonary Ward,19
Medical Critical Care,Surgical Ward,2
Medical Critical Care,"Labor, Delivery, Recovery, Postpartum Suite (LDRP)",1
Medical Critical Care,Medical Cardiac Critical Care,1
Medical Critical Care,Medical Critical Care,3
Medical Critical Care,Neurologic Critical Care,1
Medical Critical Care,Surgical Cardiothoracic Critical Care,1
Medical Critical Care,Surgical Critical Care,1
Medical Critical Care,ONC Hematopoietic Stem Cell Transplant Ward,5
Medical Critical Care,ONC General Hematology/Oncology Ward,16
Medical Critical Care,Exit,27
Neonatal Critical Care (Level III),Pediatric Medical Ward,1
Neonatal Critical Care (Level III),Operating Room/Suite,18
Neonatal Critical Care (Level III),Postpartum Ward,3
Neonatal Critical Care (Level III),Neonatal Critical Care (Level III),162
Neonatal Critical Care (Level III),Pediatric Medical/Surgical Critical Care,1
Neonatal Critical Care (Level III),Pediatric Step Down Unit (post-critical care),1
Neonatal Critical Care (Level III),Step down Neonatal Nursery (Level II),21
Neonatal Critical Care (Level III),ONC Pediatric Hematopoietic Stem Cell Transplant Ward,1
Neonatal Critical Care (Level III),Exit,52
Neurologic Critical Care,Emergency Department,2
Neurologic Critical Care,Medical Ward,19
Neurologic Critical Care,Medical/Surgical Ward,2
Neurologic Critical Care,Neurology Ward,18
Neurologic Critical Care,Neurosurgical Ward,62
Neurologic Critical Care,Operating Room/Suite,14
Neurologic Critical Care,Surgical Ward,2
Neurologic Critical Care,"Labor, Delivery, Recovery, Postpartum Suite (LDRP)",1
Neurologic Critical Care,Neurologic Critical Care,1
Neurologic Critical Care,Surgical Cardiothoracic Critical Care,1
Neurologic Critical Care,ONC Hematopoietic Stem Cell Transplant Ward,1
Neurologic Critical Care,ONC General Hematology/Oncology Ward,2
Neurologic Critical Care,Exit,83
Pediatric Cardiothoracic Critical Care,Pediatric Medical Ward,2
Pediatric Cardiothoracic Critical Care,Operating Room/Suite,13
Pediatric Cardiothoracic Critical Care,"Labor, Delivery, Recovery, Postpartum Suite (LDRP)",1
Pediatric Cardiothoracic Critical Care,Medical Cardiac Critical Care,1
Pediatric Cardiothoracic Critical Care,Neonatal Critical Care (Level III),1
Pediatric Cardiothoracic Critical Care,Pediatric Cardiothoracic Critical Care,25
Pediatric Cardiothoracic Critical Care,Pediatric Medical/Surgical Critical Care,4
Pediatric Cardiothoracic Critical Care,Pediatric Step Down Unit (post-critical care),36
Pediatric Cardiothoracic Critical Care,Exit,5
Pediatric Medical/Surgical Critical Care,Pediatric Medical Ward,41
Pediatric Medical/Surgical Critical Care,Operating Room/Suite,13
Pediatric Medical/Surgical Critical Care,Neonatal Critical Care (Level III),2
Pediatric Medical/Surgical Critical Care,Neurologic Critical Care,1
Pediatric Medical/Surgical Critical Care,Pediatric Cardiothoracic Critical Care,1
Pediatric Medical/Surgical Critical Care,Pediatric Medical/Surgical Critical Care,14
Pediatric Medical/Surgical Critical Care,Pediatric Step Down Unit (post-critical care),1
Pediatric Medical/Surgical Critical Care,ONC Pediatric Hematopoietic Stem Cell Transplant Ward,2
Pediatric Medical/Surgical Critical Care,ONC Pediatric General Hematology/Oncology Ward,33
Pediatric Medical/Surgical Critical Care,Exit,10
Pediatric Step Down Unit (post-critical care),Pediatric Medical Ward,2
Pediatric Step Down Unit (post-critical care),Operating Room/Suite,7
Pediatric Step Down Unit (post-critical care),Pediatric Cardiothoracic Critical Care,6
Pediatric Step Down Unit (post-critical care),Pediatric Medical/Surgical Critical Care,1
Pediatric Step Down Unit (post-critical care),Pediatric Step Down Unit (post-critical care),22
Pediatric Step Down Unit (post-critical care),ONC Pediatric General Hematology/Oncology Ward,1
Pediatric Step Down Unit (post-critical care),Exit,45
Step down Neonatal Nursery (Level II),Operating Room/Suite,2
Step down Neonatal Nursery (Level II),Neonatal Critical Care (Level III),16
Step down Neonatal Nursery (Level II),Step down Neonatal Nursery (Level II),2
Step down Neonatal Nursery (Level II),Exit,6
Surgical Cardiothoracic Critical Care,Adult Step Down Unit (post-critical care),53
Surgical Cardiothoracic Critical Care,Medical Ward,1
Surgical Cardiothoracic Critical Care,Medical/Surgical Ward,100
Surgical Cardiothoracic Critical Care,Operating Room/Suite,53
Surgical Cardiothoracic Critical Care,Pulmonary Ward,1
Surgical Cardiothoracic Critical Care,Medical Cardiac Critical Care,5
Surgical Cardiothoracic Critical Care,Neurologic Critical Care,1
Surgical Cardiothoracic Critical Care,Surgical Cardiothoracic Critical Care,6
Surgical Cardiothoracic Critical Care,Surgical Critical Care,3
Surgical Cardiothoracic Critical Care,Exit,12
Surgical Critical Care,Adult Step Down Unit (post-critical care),2
Surgical Critical Care,Endoscopy Suite,3
Surgical Critical Care,Medical Ward,12
Surgical Critical Care,Medical/Surgical Ward,16
Surgical Critical Care,Neurology Ward,5
Surgical Critical Care,Neurosurgical Ward,3
Surgical Critical Care,Operating Room/Suite,43
Surgical Critical Care,Pulmonary Ward,3
Surgical Critical Care,Surgical Ward,55
Surgical Critical Care,Medical Critical Care,4
Surgical Critical Care,Surgical Critical Care,4
Surgical Critical Care,ONC Hematopoietic Stem Cell Transplant Ward,2
Surgical Critical Care,ONC General Hematology/Oncology Ward,18
Surgical Critical Care,Exit,27
ONC Hematopoietic Stem Cell Transplant Ward,Endoscopy Suite,5
ONC Hematopoietic Stem Cell Transplant Ward,Medical/Surgical Ward,1
ONC Hematopoietic Stem Cell Transplant Ward,Operating Room/Suite,5
ONC Hematopoietic Stem Cell Transplant Ward,Medical Critical Care,1
ONC Hematopoietic Stem Cell Transplant Ward,ONC Hematopoietic Stem Cell Transplant Ward,4
ONC Hematopoietic Stem Cell Transplant Ward,ONC General Hematology/Oncology Ward,6
ONC Hematopoietic Stem Cell Transplant Ward,Exit,57
ONC General Hematology/Oncology Ward,Emergency Department,8
ONC General Hematology/Oncology Ward,Endoscopy Suite,20
ONC General Hematology/Oncology Ward,Medical Ward,6
ONC General Hematology/Oncology Ward,Operating Room/Suite,44
ONC General Hematology/Oncology Ward,Pulmonary Ward,1
ONC General Hematology/Oncology Ward,Medical Cardiac Critical Care,4
ONC General Hematology/Oncology Ward,Medical Critical Care,9
ONC General Hematology/Oncology Ward,Neurologic Critical Care,3
ONC General Hematology/Oncology Ward,Surgical Critical Care,7
ONC General Hematology/Oncology Ward,ONC General Hematology/Oncology Ward,41
ONC General Hematology/Oncology Ward,Exit,516
ONC Pediatric Hematopoietic Stem Cell Transplant Ward,Operating Room/Suite,5
ONC Pediatric Hematopoietic Stem Cell Transplant Ward,Neonatal Critical Care (Level III),1
ONC Pediatric Hematopoietic Stem Cell Transplant Ward,Pediatric Medical/Surgical Critical Care,2
ONC Pediatric Hematopoietic Stem Cell Transplant Ward,ONC Pediatric Hematopoietic Stem Cell Transplant Ward,2
ONC Pediatric Hematopoietic Stem Cell Transplant Ward,Exit,17
ONC Pediatric General Hematology/Oncology Ward,Emergency Department,3
ONC Pediatric General Hematology/Oncology Ward,Pediatric Medical Ward,3
ONC Pediatric General Hematology/Oncology Ward,Operating Room/Suite,6
ONC Pediatric General Hematology/Oncology Ward,Pediatric Medical/Surgical Critical Care,6
ONC Pediatric General Hematology/Oncology Ward,ONC Pediatric Hematopoietic Stem Cell Transplant Ward,4
ONC Pediatric General Hematology/Oncology Ward,ONC Pediatric General Hematology/Oncology Ward,24
ONC Pediatric General Hematology/Oncology Ward,Exit,191
