source,destination,count
Entry,24-Hour Observation Area,106
Entry,Adult Step Down Unit (post-critical care),32
Entry,Ambulatory Surgery Center,557
Entry,Emergency Department,6996
Entry,Endoscopy Suite,7
Entry,Behavioral Health/Psych Ward,31
Entry,Pediatric Medical Ward,35
Entry,Medical Ward,277
Entry,Medical/Surgical Ward,135
Entry,Neurology Ward,46
Entry,Neurosurgical Ward,29
Entry,Operating Room/Suite,1583
Entry,Postpartum Ward,135
Entry,Pulmonary Ward,38
Entry,Surgical Ward,71
Entry,"Labor, Delivery, Recovery, Postpartum Suite (LDRP)",470
Entry,Medical Cardiac Critical Care,23
Entry,Medical Critical Care,27
Entry,Neonatal Critical Care (Level III),36
Entry,Neurologic Critical Care,33
Entry,Pediatric Cardiothoracic Critical Care,18
Entry,Pediatric Medical/Surgical Critical Care,24
Entry,Pediatric Step Down Unit (post-critical care),30
Entry,Surgical Cardiothoracic Critical Care,12
Entry,Surgical Critical Care,9
Entry,ONC Hematopoietic Stem Cell Transplant Ward,32
Entry,ONC General Hematology/Oncology Ward,156
Entry,ONC Pediatric Hematopoietic Stem Cell Transplant Ward,19
Entry,ONC Pediatric General Hematology/Oncology Ward,92
24-Hour Observation Area,24-Hour Observation Area,2
24-Hour Observation Area,Medical Ward,6
24-Hour Observation Area,Medical/Surgical Ward,2
24-Hour Observation Area,Operating Room/Suite,18
24-Hour Observation Area,Surgical Ward,2
24-Hour Observation Area,Medical Cardiac Critical Care,1
24-Hour Observation Area,Medical Critical Care,1
24-Hour Observation Area,Surgical Critical Care,2
24-Hour Observation Area,ONC General Hematology/Oncology Ward,1
24-Hour Observation Area,Exit,219
Adult Step Down Unit (post-critical care),Adult Step Down Unit (post-critical care),2
Adult Step Down Unit (post-critical care),Endoscopy Suite,9
Adult Step Down Unit (post-critical care),Medical Ward,4
Adult Step Down Unit (post-critical care),Operating Room/Suite,29
Adult Step Down Unit (post-critical care),Pulmonary Ward,1
Adult Step Down Unit (post-critical care),Medical Cardiac Critical Care,3
Adult Step Down Unit (post-critical care),Medical Critical Care,1
Adult Step Down Unit (post-critical care),Surgical Cardiothoracic Critical Care,4
Adult Step Down Unit (post-critical care),Surgical Critical Care,1
Adult Step Down Unit (post-critical care),ONC General Hematology/Oncology Ward,1
Adult Step Down Unit (post-critical care),Exit,102
Ambulatory Surgery Center,Exit,557
Emergency Department,24-Hour Observation Area,2
Emergency Department,Adult Step Down Unit (post-critical care),21
Emergency Department,Emergency Department,16039
Emergency Department,Endoscopy Suite,4
Emergency Department,Pediatric Medical Ward,107
Emergency Department,Medical Ward,507
Emergency Department,Medical/Surgical Ward,164
Emergency Department,Neurology Ward,81
Emergency Department,Neurosurgical Ward,74
Emergency Department,Operating Room/Suite,68
Emergency Department,Pulmonary Ward,44
Emergency Department,Surgical Ward,213
Emergency Department,"Labor, Delivery, Recovery, Postpartum Suite (LDRP)",1
Emergency Department,Medical Cardiac Critical Care,41
Emergency Department,Medical Critical Care,64
Emergency Department,Neurologic Critical Care,47
Emergency Department,Pediatric Cardiothoracic Critical Care,1
Emergency Department,Pediatric Medical/Surgical Critical Care,31
Emergency Department,Pediatric Step Down Unit (post-critical care),8
Emergency Department,Surgical Cardiothoracic Critical Care,2
Emergency Department,Surgical Critical Care,46
Emergency Department,ONC Hematopoietic Stem Cell Transplant Ward,8
Emergency Department,ONC General Hematology/Oncology Ward,198
Emergency Department,ONC Pediatric General Hematology/Oncology Ward,116
Emergency Department,Exit,5182
Endoscopy Suite,Adult Step Down Unit (post-critical care),9
Endoscopy Suite,Emergency Department,3
Endoscopy Suite,Medical Ward,46
Endoscopy Suite,Medical/Surgical Ward,22
Endoscopy Suite,Neurology Ward,4
Endoscopy Suite,Neurosurgical Ward,3
Endoscopy Suite,Pulmonary Ward,18
Endoscopy Suite,Surgical Ward,20
Endoscopy Suite,Medical Critical Care,3
Endoscopy Suite,Surgical Critical Care,2
Endoscopy Suite,ONC Hematopoietic Stem Cell Transplant Ward,1
Endoscopy Suite,ONC General Hematology/Oncology Ward,31
Endoscopy Suite,Exit,5
Behavioral Health/Psych Ward,Behavioral Health/Psych Ward,6
Behavioral Health/Psych Ward,Exit,37
Pediatric Medical Ward,Emergency Department,1
Pediatric Medical Ward,Pediatric Medical Ward,14
Pediatric Medical Ward,Operating Room/Suite,46
Pediatric Medical Ward,Pediatric Medical/Surgical Critical Care,10
Pediatric Medical Ward,Pediatric Step Down Unit (post-critical care),2
Pediatric Medical Ward,ONC Pediatric General Hematology/Oncology Ward,3
Pediatric Medical Ward,Exit,227
Medical Ward,Adult Step Down Unit (post-critical care),1
Medical Ward,Emergency Department,3
Medical Ward,Endoscopy Suite,44
Medical Ward,Medical Ward,82
Medical Ward,Neurosurgical Ward,1
Medical Ward,Operating Room/Suite,93
Medical Ward,Pulmonary Ward,5
Medical Ward,Surgical Ward,4
Medical Ward,Medical Cardiac Critical Care,26
Medical Ward,Medical Critical Care,12
Medical Ward,Neurologic Critical Care,5
Medical Ward,Surgical Critical Care,8
Medical Ward,ONC General Hematology/Oncology Ward,18
Medical Ward,Exit,890
Medical/Surgical Ward,Emergency Department,2
Medical/Surgical Ward,Endoscopy Suite,22
Medical/Surgical Ward,Medical Ward,21
Medical/Surgical Ward,Medical/Surgical Ward,34
Medical/Surgical Ward,Neurology Ward,2
Medical/Surgical Ward,Operating Room/Suite,152
Medical/Surgical Ward,Pulmonary Ward,1
Medical/Surgical Ward,Surgical Ward,16
Medical/Surgical Ward,Medical Cardiac Critical Care,7
Medical/Surgical Ward,Medical Critical Care,1
Medical/Surgical Ward,Neurologic Critical Care,2
Medical/Surgical Ward,Surgical Cardiothoracic Critical Care,7
Medical/Surgical Ward,Surgical Critical Care,5
Medical/Surgical Ward,ONC General Hematology/Oncology Ward,12
Medical/Surgical Ward,Exit,410
Neurology Ward,Emergency Department,3
Neurology Ward,Endoscopy Suite,4
Neurology Ward,Medical Ward,3
Neurology Ward,Neurology Ward,7
Neurology Ward,Operating Room/Suite,22
Neurology Ward,Surgical Ward,1
Neurology Ward,Neurologic Critical Care,2
Neurology Ward,Surgical Critical Care,1
Neurology Ward,ONC General Hematology/Oncology Ward,3
Neurology Ward,Exit,192
Neurosurgical Ward,Emergency Department,1
Neurosurgical Ward,Endoscopy Suite,3
Neurosurgical Ward,Neurosurgical Ward,3
Neurosurgical Ward,Operating Room/Suite,39
Neurosurgical Ward,Surgical Ward,1
Neurosurgical Ward,Neurologic Critical Care,9
Neurosurgical Ward,Surgical Critical Care,1
Neurosurgical Ward,ONC General Hematology/Oncology Ward,1
Neurosurgical Ward,Exit,162
Operating Room/Suite,24-Hour Observation Area,140
Operating Room/Suite,Adult Step Down Unit (post-critical care),32
Operating Room/Suite,Pediatric Medical Ward,100
Operating Room/Suite,Medical Ward,83
Operating Room/Suite,Medical/Surgical Ward,192
Operating Room/Suite,Neurology Ward,68
Operating Room/Suite,Neurosurgical Ward,47
Operating Room/Suite,Operating Room/Suite,181
Operating Room/Suite,Postpartum Ward,2
Operating Room/Suite,Pulmonary Ward,9
Operating Room/Suite,Surgical Ward,306
Operating Room/Suite,"Labor, Delivery, Recovery, Postpartum Suite (LDRP)",1
Operating Room/Suite,Medical Cardiac Critical Care,16
Operating Room/Suite,Medical Critical Care,11
Operating Room/Suite,Neonatal Critical Care (Level III),16
Operating Room/Suite,Neurologic Critical Care,84
Operating Room/Suite,Pediatric Cardiothoracic Critical Care,29
Operating Room/Suite,Pediatric Medical/Surgical Critical Care,28
Operating Room/Suite,Pediatric Step Down Unit (post-critical care),2
Operating Room/Suite,Surgical Cardiothoracic Critical Care,208
Operating Room/Suite,Surgical Critical Care,101
Operating Room/Suite,ONC Hematopoietic Stem Cell Transplant Ward,4
Operating Room/Suite,ONC General Hematology/Oncology Ward,129
Operating Room/Suite,ONC Pediatric Hematopoietic Stem Cell Transplant Ward,5
Operating Room/Suite,ONC Pediatric General Hematology/Oncology Ward,10
Operating Room/Suite,Exit,836
Postpartum Ward,Operating Room/Suite,1
Postpartum Ward,Postpartum Ward,35
Postpartum Ward,"Labor, Delivery, Recovery, Postpartum Suite (LDRP)",11
Postpartum Ward,Neonatal Critical Care (Level III),9
Postpartum Ward,Pediatric Cardiothoracic Critical Care,2
Postpartum Ward,ONC Pediatric General Hematology/Oncology Ward,2
Postpartum Ward,Exit,545
Pulmonary Ward,Emergency Department,1
Pulmonary Ward,Endoscopy Suite,17
Pulmonary Ward,Medical Ward,2
Pulmonary Ward,Operating Room/Suite,13
Pulmonary Ward,Pulmonary Ward,8
Pulmonary Ward,Surgical Ward,1
Pulmonary Ward,Medical Cardiac Critical Care,1
Pulmonary Ward,Medical Critical Care,10
Pulmonary Ward,Surgical Critical Care,1
Pulmonary Ward,ONC General Hematology/Oncology Ward,1
Pulmonary Ward,Exit,98
Surgical Ward,Emergency Department,4
Surgical Ward,Endoscopy Suite,20
Surgical Ward,Medical Ward,5
Surgical Ward,Medical/Surgical Ward,2
Surgical Ward,Operating Room/Suite,111
Surgical Ward,Pulmonary Ward,1
Surgical Ward,Surgical Ward,37
Surgical Ward,Medical Cardiac Critical Care,3
Surgical Ward,Medical Critical Care,3
Surgical Ward,Neurologic Critical Care,2
Surgical Ward,Surgical Critical Care,11
Surgical Ward,ONC General Hematology/Oncology Ward,10
Surgical Ward,Exit,512
"Labor, Delivery, Recovery, Postpartum Suite (LDRP)",Medical Ward,1
"Labor, Delivery, Recovery, Postpartum Suite (LDRP)",Operating Room/Suite,1
"Labor, Delivery, Recovery, Postpartum Suite (LDRP)",Postpartum Ward,423
"Labor, Delivery, Recovery, Postpartum Suite (LDRP)","Labor, Delivery, Recovery, Postpartum Suite (LDRP)",71
"Labor, Delivery, Recovery, Postpartum Suite (LDRP)",Medical Cardiac Critical Care,1
"Labor, Delivery, Recovery, Postpartum Suite (LDRP)",Medical Critical Care,1
"Labor, Delivery, Recovery, Postpartum Suite (LDRP)",Neonatal Critical Care (Level III),13
"Labor, Delivery, Recovery, Postpartum Suite (LDRP)",Exit,45
Medical Cardiac Critical Care,Adult Step Down Unit (post-critical care),3
Medical Cardiac Critical Care,Medical Ward,72
Medical Cardiac Critical Care,Medical/Surgical Ward,6
Medical Cardiac Critical Care,Operating Room/Suite,27
Medical Cardiac Critical Care,Pulmonary Ward,2
Medical Cardiac Critical Care,Surgical Ward,2
Medical Cardiac Critical Care,"Labor, Delivery, Recovery, Postpartum Suite (LDRP)",1
Medical Cardiac Critical Care,Medical Cardiac Critical Care,4
Medical Cardiac Critical Care,Medical Critical Care,1
Medical Cardiac Critical Care,Neurologic Critical Care,1
Medical Cardiac Critical Care,Surgical Cardiothoracic Critical Care,3
Medical Cardiac Critical Care,ONC General Hematology/Oncology Ward,2
Medical Cardiac Critical Care,Exit,14
Medical Critical Care,Adult Step Down Unit (post-critical care),2
Medical Critical Care,Endoscopy Suite,4
Medical Critical Care,Medical Ward,60
Medical Critical Care,Medical/Surgical Ward,7
Medical Critical Care,Neurology Ward,1
Medical Critical Care,Neurosurgical Ward,1
Medical Critical Care,Operating Room/Suite,11
Medical Critical Care,Pulmonary Ward,18
Medical Critical Care,Surgical Ward,4
Medical Critical Care,"Labor, Delivery, Recovery, Postpartum Suite (LDRP)",1
Medical Critical Care,Medical Critical Care,6
Medical Critical Care,ONC Hematopoietic Stem Cell Transplant Ward,1
Medical Critical Care,ONC General Hematology/Oncology Ward,18
Medical Critical Care,Exit,27
Neonatal Critical Care (Level III),Operating Room/Suite,17
Neonatal Critical Care (Level III),Postpartum Ward,4
Neonatal Critical Care (Level III),Neonatal Critical Care (Level III),144
Neonatal Critical Care (Level III),Pediatric Cardiothoracic Critical Care,1
Neonatal Critical Care (Level III),Step down Neonatal Nursery (Level II),42
Neonatal Critical Care (Level III),ONC Pediatric General Hematology/Oncology Ward,1
Neonatal Critical Care (Level III),Exit,34
Neurologic Critical Care,Pediatric Medical Ward,2
Neurologic Critical Care,Medical Ward,12
Neurologic Critical Care,Medical/Surgical Ward,1
Neurologic Critical Care,Neurology Ward,20
Neurologic Critical Care,Neurosurgical Ward,60
Neurologic Critical Care,Operating Room/Suite,14
Neurologic Critical Care,Surgical Ward,1
Neurologic Critical Care,Medical Critical Care,2
Neurologic Critical Care,Neurologic Critical Care,2
Neurologic Critical Care,Surgical Critical Care,1
Neurologic Critical Care,ONC General Hematology/Oncology Ward,5
Neurologic Critical Care,Exit,71
Pediatric Cardiothoracic Critical Care,Adult Step Down Unit (post-critical care),1
Pediatric Cardiothoracic Critical Care,Operating Room/Suite,13
Pediatric Cardiothoracic Critical Care,Neonatal Critical Care (Level III),1
Pediatric Cardiothoracic Critical Care,Pediatric Cardiothoracic Critical Care,38
Pediatric Cardiothoracic Critical Care,Pediatric Medical/Surgical Critical Care,1
Pediatric Cardiothoracic Critical Care,Pediatric Step Down Unit (post-critical care),28
Pediatric Cardiothoracic Critical Care,Exit,11
Pediatric Medical/Surgical Critical Care,Pediatric Medical Ward,39
Pediatric Medical/Surgical Critical Care,Medical Ward,1
Pediatric Medical/Surgical Critical Care,Operating Room/Suite,6
Pediatric Medical/Surgical Critical Care,Pediatric Medical/Surgical Critical Care,13
Pediatric Medical/Surgical Critical Care,Pediatric Step Down Unit (post-critical care),3
Pediatric Medical/Surgical Critical Care,ONC Pediatric Hematopoietic Stem Cell Transplant Ward,1
Pediatric Medical/Surgical Critical Care,ONC Pediatric General Hematology/Oncology Ward,42
Pediatric Medical/Surgical Critical Care,Exit,14
Pediatric Step Down Unit (post-critical care),Pediatric Medical Ward,1
Pediatric Step Down Unit (post-critical care),Operating Room/Suite,2
Pediatric Step Down Unit (post-critical care),Pediatric Cardiothoracic Critical Care,2
Pediatric Step Down Unit (post-critical care),Pediatric Medical/Surgical Critical Care,3
Pediatric Step Down Unit (post-critical care),Pediatric Step Down Unit (post-critical care),19
Pediatric Step Down Unit (post-critical care),Exit,63
Step down Neonatal Nursery (Level II),Neonatal Critical Care (Level III),29
Step down Neonatal Nursery (Level II),Step down Neonatal Nursery (Level II),2
Step down Neonatal Nursery (Level II),Exit,12
Surgical Cardiothoracic Critical Care,Adult Step Down Unit (post-critical care),53
Surgical Cardiothoracic Critical Care,Medical/Surgical Ward,102
Surgical Cardiothoracic Critical Care,Operating Room/Suite,62
Surgical Cardiothoracic Critical Care,Pulmonary Ward,1
Surgical Cardiothoracic Critical Care,Medical Cardiac Critical Care,7
Surgical Cardiothoracic Critical Care,Medical Critical Care,3
Surgical Cardiothoracic Critical Care,Surgical Cardiothoracic Critical Care,8
Surgical Cardiothoracic Critical Care,Surgical Critical Care,2
Surgical Cardiothoracic Critical Care,Exit,12
Surgical Critical Care,Adult Step Down Unit (post-critical care),1
Surgical Critical Care,Endoscopy Suite,2
Surgical Critical Care,Medical Ward,17
Surgical Critical Care,Medical/Surgical Ward,26
Surgical Critical Care,Neurology Ward,8
Surgical Critical Care,Neurosurgical Ward,3
Surgical Critical Care,Operating Room/Suite,56
Surgical Critical Care,Postpartum Ward,1
Surgical Critical Care,Pulmonary Ward,1
Surgical Critical Care,Surgical Ward,37
Surgical Critical Care,Medical Cardiac Critical Care,4
Surgical Critical Care,Medical Critical Care,1
Surgical Critical Care,Surgical Cardiothoracic Critical Care,2
Surgical Critical Care,Surgical Critical Care,2
Surgical Critical Care,ONC General Hematology/Oncology Ward,15
Surgical Critical Care,Exit,24
ONC Hematopoietic Stem Cell Transplant Ward,Endoscopy Suite,1
ONC Hematopoietic Stem Cell Transplant Ward,Medical Ward,1
ONC Hematopoietic Stem Cell Transplant Ward,Operating Room/Suite,4
ONC Hematopoietic Stem Cell Transplant Ward,Medical Critical Care,2
ONC Hematopoietic Stem Cell Transplant Ward,ONC Hematopoietic Stem Cell Transplant Ward,5
ONC Hematopoietic Stem Cell Transplant Ward,ONC General Hematology/Oncology Ward,7
ONC Hematopoietic Stem Cell Transplant Ward,Exit,37
ONC General Hematology/Oncology Ward,Endoscopy Suite,30
ONC General Hematology/Oncology Ward,Medical Ward,3
ONC General Hematology/Oncology Ward,Neurology Ward,1
ONC General Hematology/Oncology Ward,Operating Room/Suite,52
ONC General Hematology/Oncology Ward,Pulmonary Ward,1
ONC General Hematology/Oncology Ward,Surgical Ward,2
ONC General Hematology/Oncology Ward,Medical Critical Care,12
ONC General Hematology/Oncology Ward,Neurologic Critical Care,4
ONC General Hematology/Oncology Ward,Surgical Critical Care,3
ONC General Hematology/Oncology Ward,ONC Hematopoietic Stem Cell Transplant Ward,3
ONC General Hematology/Oncology Ward,ONC General Hematology/Oncology Ward,40
ONC General Hematology/Oncology Ward,Exit,488
ONC Pediatric Hematopoietic Stem Cell Transplant Ward,Operating Room/Suite,4
ONC Pediatric Hematopoietic Stem Cell Transplant Ward,Pediatric Medical/Surgical Critical Care,2
ONC Pediatric Hematopoietic Stem Cell Transplant Ward,Exit,19
ONC Pediatric General Hematology/Oncology Ward,Emergency Department,1
ONC Pediatric General Hematology/Oncology Ward,Pediatric Medical Ward,1
ONC Pediatric General Hematology/Oncology Ward,Operating Room/Suite,9
ONC Pediatric General Hematology/Oncology Ward,Pediatric Medical/Surgical Critical Care,8
ONC Pediatric General Hematology/Oncology Ward,ONC Pediatric General Hematology/Oncology Ward,15
ONC Pediatric General Hematology/Oncology Ward,Exit,245
