source,destination,count
Entry,24-Hour Observation Area,101
Entry,Adult Step Down Unit (post-critical care),33
Entry,Ambulatory Surgery Center,559
Entry,Emergency Department,6362
Entry,Endoscopy Suite,11
Entry,Behavioral Health/Psych Ward,31
Entry,Pediatric Medical Ward,39
Entry,Medical Ward,265
Entry,Medical/Surgical Ward,120
Entry,Neurology Ward,51
Entry,Neurosurgical Ward,35
Entry,Operating Room/Suite,1657
Entry,Postpartum Ward,127
Entry,Pulmonary Ward,36
Entry,Surgical Ward,71
Entry,"Labor, Delivery, Recovery, Postpartum Suite (LDRP)",446
Entry,Medical Cardiac Critical Care,47
Entry,Medical Critical Care,25
Entry,Neonatal Critical Care (Level III),54
Entry,Neurologic Critical Care,36
Entry,Pediatric Cardiothoracic Critical Care,16
Entry,Pediatric Medical/Surgical Critical Care,20
Entry,Pediatric Step Down Unit (post-critical care),13
Entry,Surgical Cardiothoracic Critical Care,5
Entry,Surgical Critical Care,2
Entry,ONC Hematopoietic Stem Cell Transplant Ward,36
Entry,ONC General Hematology/Oncology Ward,145
Entry,ONC Pediatric Hematopoietic Stem Cell Transplant Ward,19
Entry,ONC Pediatric General Hematology/Oncology Ward,81
24-Hour Observation Area,24-Hour Observation Area,19
24-Hour Observation Area,Medical Ward,4
24-Hour Observation Area,Medical/Surgical Ward,16
24-Hour Observation Area,Neurology Ward,15
24-Hour Observation Area,Neurosurgical Ward,2
24-Hour Observation Area,Operating Room/Suite,18
24-Hour Observation Area,Surgical Ward,29
24-Hour Observation Area,Medical Cardiac Critical Care,3
24-Hour Observation Area,Pediatric Cardiothoracic Critical Care,1
24-Hour Observation Area,Surgical Critical Care,1
24-Hour Observation Area,ONC General Hematology/Oncology Ward,11
24-Hour Observation Area,Exit,238
Adult Step Down Unit (post-critical care),Adult Step Down Unit (post-critical care),3
Adult Step Down Unit (post-critical care),Endoscopy Suite,7
Adult Step Down Unit (post-critical care),Operating Room/Suite,39
Adult Step Down Unit (post-critical care),Medical Cardiac Critical Care,1
Adult Step Down Unit (post-critical care),Surgical Cardiothoracic Critical Care,4
Adult Step Down Unit (post-critical care),Surgical Critical Care,1
Adult Step Down Unit (post-critical care),Exit,87
Ambulatory Surgery Center,Medical/Surgical Ward,1
Ambulatory Surgery Center,Exit,558
Emergency Department,24-Hour Observation Area,3
Emergency Department,Adult Step Down Unit (post-critical care),13
Emergency Department,Emergency Department,14711
Emergency Department,Endoscopy Suite,5
Emergency Department,Pediatric Medical Ward,75
Emergency Department,Medical Ward,488
Emergency Department,Medical/Surgical Ward,124
Emergency Department,Neurology Ward,70
Emergency Department,Neurosurgical Ward,84
Emergency Department,Operating Room/Suite,68
Emergency Department,Postpartum Ward,1
Emergency Department,Pulmonary Ward,57
Emergency Department,Surgical Ward,220
Emergency Department,"Labor, Delivery, Recovery, Postpartum Suite (LDRP)",5
Emergency Department,Medical Cardiac Critical Care,37
Emergency Department,Medical Critical Care,68
Emergency Department,Neonatal Critical Care (Level III),1
Emergency Department,Neurologic Critical Care,45
Emergency Department,Pediatric Cardiothoracic Critical Care,5
Emergency Department,Pediatric Medical/Surgical Critical Care,23
Emergency Department,Pediatric Step Down Unit (post-critical care),6
Emergency Department,Surgical Cardiothoracic Critical Care,8
Emergency Department,Surgical Critical Care,40
Emergency Department,ONC Hematopoietic Stem Cell Transplant Ward,20
Emergency Department,ONC General Hematology/Oncology Ward,185
Emergency Department,ONC Pediatric Hematopoietic Stem Cell Transplant Ward,1
Emergency Department,ONC Pediatric General Hematology/Oncology Ward,94
Emergency Department,Exit,4662
Endoscopy Suite,Adult Step Down Unit (post-critical care),7
Endoscopy Suite,Emergency Department,3
Endoscopy Suite,Pediatric Medical Ward,1
Endoscopy Suite,Medical Ward,34
Endoscopy Suite,Medical/Surgical Ward,28
Endoscopy Suite,Neurology Ward,4
Endoscopy Suite,Neurosurgical Ward,4
Endoscopy Suite,Pulmonary Ward,11
Endoscopy Suite,Surgical Ward,22
Endoscopy Suite,Neurologic Critical Care,1
Endoscopy Suite,Surgical Cardiothoracic Critical Care,1
Endoscopy Suite,Surgical Critical Care,1
Endoscopy Suite,ONC Hematopoietic Stem Cell Transplant Ward,5
Endoscopy Suite,ONC General Hematology/Oncology Ward,29
Endoscopy Suite,Exit,10
Behavioral Health/Psych Ward,Behavioral Health/Psych Ward,11
Behavioral Health/Psych Ward,Exit,31
Pediatric Medical Ward,Emergency Department,1
Pediatric Medical Ward,Endoscopy Suite,1
Pediatric Medical Ward,Pediatric Medical Ward,15
Pediatric Medical Ward,Operating Room/Suite,49
Pediatric Medical Ward,Surgical Ward,1
Pediatric Medical Ward,Pediatric Cardiothoracic Critical Care,2
Pediatric Medical Ward,Pediatric Medical/Surgical Critical Care,3
Pediatric Medical Ward,Pediatric Step Down Unit (post-critical care),1
Pediatric Medical Ward,Exit,208
Medical Ward,Emergency Department,2
Medical Ward,Endoscopy Suite,32
Medical Ward,Medical Ward,78
Medical Ward,Medical/Surgical Ward,2
Medical Ward,Neurosurgical Ward,1
Medical Ward,Operating Room/Suite,99
Medical Ward,Pulmonary Ward,3
Medical Ward,Surgical Ward,6
Medical Ward,Medical Cardiac Critical Care,25
Medical Ward,Medical Critical Care,15
Medical Ward,Neurologic Critical Care,7
Medical Ward,Surgical Cardiothoracic Critical Care,1
Medical Ward,Surgical Critical Care,6
Medical Ward,ONC General Hematology/Oncology Ward,11
Medical Ward,Exit,844
Medical/Surgical Ward,Emergency Department,1
Medical/Surgical Ward,Endoscopy Suite,28
Medical/Surgical Ward,Medical Ward,9
Medical/Surgical Ward,Medical/Surgical Ward,29
Medical/Surgical Ward,Operating Room/Suite,133
Medical/Surgical Ward,Pulmonary Ward,1
Medical/Surgical Ward,Surgical Ward,17
Medical/Surgical Ward,Medical Cardiac Critical Care,3
Medical/Surgical Ward,Medical Critical Care,6
Medical/Surgical Ward,Neurologic Critical Care,2
Medical/Surgical Ward,Surgical Cardiothoracic Critical Care,18
Medical/Surgical Ward,Surgical Critical Care,6
Medical/Surgical Ward,ONC General Hematology/Oncology Ward,10
Medical/Surgical Ward,Exit,373
Neurology Ward,Endoscopy Suite,5
Neurology Ward,Medical Ward,1
Neurology Ward,Neurology Ward,17
Neurology Ward,Neurosurgical Ward,1
Neurology Ward,Operating Room/Suite,29
Neurology Ward,Surgical Ward,1
Neurology Ward,Medical Critical Care,2
Neurology Ward,Neurologic Critical Care,4
Neurology Ward,Surgical Critical Care,1
Neurology Ward,ONC General Hematology/Oncology Ward,1
Neurology Ward,Exit,208
Neurosurgical Ward,Emergency Department,1
Neurosurgical Ward,Endoscopy Suite,4
Neurosurgical Ward,Medical Ward,6
Neurosurgical Ward,Neurosurgical Ward,4
Neurosurgical Ward,Operating Room/Suite,34
Neurosurgical Ward,Pulmonary Ward,1
Neurosurgical Ward,Neurologic Critical Care,4
Neurosurgical Ward,ONC General Hematology/Oncology Ward,3
Neurosurgical Ward,Exit,185
Operating Room/Suite,24-Hour Observation Area,225
Operating Room/Suite,Adult Step Down Unit (post-critical care),34
Operating Room/Suite,Pediatric Medical Ward,111
Operating Room/Suite,Medical Ward,78
Operating Room/Suite,Medical/Surgical Ward,138
Operating Room/Suite,Neurology Ward,68
Operating Room/Suite,Neurosurgical Ward,44
Operating Room/Suite,Operating Room/Suite,114
Operating Room/Suite,Postpartum Ward,2
Operating Room/Suite,Pulmonary Ward,9
Operating Room/Suite,Surgical Ward,307
Operating Room/Suite,"Labor, Delivery, Recovery, Postpartum Suite (LDRP)",3
Operating Room/Suite,Medical Cardiac Critical Care,10
Operating Room/Suite,Medical Critical Care,13
Operating Room/Suite,Neonatal Critical Care (Level III),14
Operating Room/Suite,Neurologic Critical Care,88
Operating Room/Suite,Pediatric Cardiothoracic Critical Care,35
Operating Room/Suite,Pediatric Medical/Surgical Critical Care,29
Operating Room/Suite,Surgical Cardiothoracic Critical Care,222
Operating Room/Suite,Surgical Critical Care,111
Operating Room/Suite,ONC Hematopoietic Stem Cell Transplant Ward,4
Operating Room/Suite,ONC General Hematology/Oncology Ward,132
Operating Room/Suite,ONC Pediatric Hematopoietic Stem Cell Transplant Ward,13
Operating Room/Suite,ONC Pediatric General Hematology/Oncology Ward,25
Operating Room/Suite,Exit,824
Postpartum Ward,Pediatric Medical Ward,1
Postpartum Ward,Operating Room/Suite,3
Postpartum Ward,Postpartum Ward,33
Postpartum Ward,"Labor, Delivery, Recovery, Postpartum Suite (LDRP)",9
Postpartum Ward,Neonatal Critical Care (Level III),6
Postpartum Ward,Pediatric Cardiothoracic Critical Care,1
Postpartum Ward,ONC Pediatric General Hematology/Oncology Ward,2
Postpartum Ward,Exit,521
Pulmonary Ward,Emergency Department,1
Pulmonary Ward,Endoscopy Suite,10
Pulmonary Ward,Medical Ward,2
Pulmonary Ward,Operating Room/Suite,9
Pulmonary Ward,Pulmonary Ward,2
Pulmonary Ward,Medical Cardiac Critical Care,1
Pulmonary Ward,Medical Critical Care,6
Pulmonary Ward,Neurologic Critical Care,1
Pulmonary Ward,ONC General Hematology/Oncology Ward,2
Pulmonary Ward,Exit,107
Surgical Ward,Emergency Department,3
Surgical Ward,Endoscopy Suite,22
Surgical Ward,Medical Ward,5
Surgical Ward,Medical/Surgical Ward,1
Surgical Ward,Neurology Ward,1
Surgical Ward,Neurosurgical Ward,2
Surgical Ward,Operating Room/Suite,108
Surgical Ward,Surgical Ward,24
Surgical Ward,Medical Cardiac Critical Care,2
Surgical Ward,Medical Critical Care,2
Surgical Ward,Surgical Critical Care,9
Surgical Ward,ONC Hematopoietic Stem Cell Transplant Ward,1
Surgical Ward,ONC General Hematology/Oncology Ward,11
Surgical Ward,Exit,565
"Labor, Delivery, Recovery, Postpartum Suite (LDRP)",Operating Room/Suite,2
"Labor, Delivery, Recovery, Postpartum Suite (LDRP)",Postpartum Ward,402
"Labor, Delivery, Recovery, Postpartum Suite (LDRP)","Labor, Delivery, Recovery, Postpartum Suite (LDRP)",58
"Labor, Delivery, Recovery, Postpartum Suite (LDRP)",Neonatal Critical Care (Level III),13
"Labor, Delivery, Recovery, Postpartum Suite (LDRP)",Pediatric Cardiothoracic Critical Care,1
"Labor, Delivery, Recovery, Postpartum Suite (LDRP)",Exit,49
Medical Cardiac Critical Care,Adult Step Down Unit (post-critical care),4
Medical Cardiac Critical Care,Medical Ward,84
Medical Cardiac Critical Care,Medical/Surgical Ward,8
Medical Cardiac Critical Care,Operating Room/Suite,23
Medical Cardiac Critical Care,Pulmonary Ward,2
Medical Cardiac Critical Care,Surgical Ward,1
Medical Cardiac Critical Care,Medical Cardiac Critical Care,4
Medical Cardiac Critical Care,Medical Critical Care,2
Medical Cardiac Critical Care,Neurologic Critical Care,1
Medical Cardiac Critical Care,Surgical Cardiothoracic Critical Care,2
Medical Cardiac Critical Care,ONC Hematopoietic Stem Cell Transplant Ward,1
Medical Cardiac Critical Care,ONC General Hematology/Oncology Ward,2
Medical Cardiac Critical Care,Exit,18
Medical Critical Care,Adult Step Down Unit (post-critical care),1
Medical Critical Care,Medical Ward,64
Medical Critical Care,Medical/Surgical Ward,5
Medical Critical Care,Neurology Ward,3
Medical Critical Care,Neurosurgical Ward,2
Medical Critical Care,Operating Room/Suite,9
Medical Critical Care,Pulmonary Ward,16
Medical Critical Care,Surgical Ward,4
Medical Critical Care,Medical Cardiac Critical Care,1
Medical Critical Care,Medical Critical Care,5
Medical Critical Care,Neurologic Critical Care,1
Medical Critical Care,Surgical Cardiothoracic Critical Care,2
Medical Critical Care,ONC Hematopoietic Stem Cell Transplant Ward,2
Medical Critical Care,ONC General Hematology/Oncology Ward,22
Medical Critical Care,ONC Pediatric General Hematology/Oncology Ward,1
Medical Critical Care,Exit,35
Neonatal Critical Care (Level III),Operating Room/Suite,12
Neonatal Critical Care (Level III),Postpartum Ward,5
Neonatal Critical Care (Level III),"Labor, Delivery, Recovery, Postpartum Suite (LDRP)",4
Neonatal Critical Care (Level III),Neonatal Critical Care (Level III),133
Neonatal Critical Care (Level III),Pediatric Medical/Surgical Critical Care,2
Neonatal Critical Care (Level III),Pediatric Step Down Unit (post-critical care),1
Neonatal Critical Care (Level III),Step down Neonatal Nursery (Level II),34
Neonatal Critical Care (Level III),ONC Pediatric Hematopoietic Stem Cell Transplant Ward,1
Neonatal Critical Care (Level III),Exit,42
Neurologic Critical Care,Medical Ward,11
Neurologic Critical Care,Medical/Surgical Ward,1
Neurologic Critical Care,Neurology Ward,28
Neurologic Critical Care,Neurosurgical Ward,61
Neurologic Critical Care,Operating Room/Suite,24
Neurologic Critical Care,Pulmonary Ward,1
Neurologic Critical Care,Medical Critical Care,1
Neurologic Critical Care,Neurologic Critical Care,1
Neurologic Critical Care,ONC General Hematology/Oncology Ward,3
Neurologic Critical Care,Exit,63
Pediatric Cardiothoracic Critical Care,Pediatric Medical Ward,6
Pediatric Cardiothoracic Critical Care,Operating Room/Suite,17
Pediatric Cardiothoracic Critical Care,Neonatal Critical Care (Level III),1
Pediatric Cardiothoracic Critical Care,Pediatric Cardiothoracic Critical Care,30
Pediatric Cardiothoracic Critical Care,Pediatric Medical/Surgical Critical Care,1
Pediatric Cardiothoracic Critical Care,Pediatric Step Down Unit (post-critical care),31
Pediatric Cardiothoracic Critical Care,ONC Pediatric Hematopoietic Stem Cell Transplant Ward,1
Pediatric Cardiothoracic Critical Care,Exit,13
Pediatric Medical/Surgical Critical Care,Pediatric Medical Ward,26
Pediatric Medical/Surgical Critical Care,Medical Ward,1
Pediatric Medical/Surgical Critical Care,Operating Room/Suite,10
Pediatric Medical/Surgical Critical Care,Pediatric Medical/Surgical Critical Care,18
Pediatric Medical/Surgical Critical Care,Pediatric Step Down Unit (post-critical care),6
Pediatric Medical/Surgical Critical Care,ONC General Hematology/Oncology Ward,1
Pediatric Medical/Surgical Critical Care,ONC Pediatric Hematopoietic Stem Cell Transplant Ward,6
Pediatric Medical/Surgical Critical Care,ONC Pediatric General Hematology/Oncology Ward,22
Pediatric Medical/Surgical Critical Care,Exit,16
Pediatric Step Down Unit (post-critical care),24-Hour Observation Area,1
Pediatric Step Down Unit (post-critical care),Pediatric Medical Ward,5
Pediatric Step Down Unit (post-critical care),Operating Room/Suite,1
Pediatric Step Down Unit (post-critical care),Pediatric Cardiothoracic Critical Care,6
Pediatric Step Down Unit (post-critical care),Pediatric Medical/Surgical Critical Care,2
Pediatric Step Down Unit (post-critical care),Pediatric Step Down Unit (post-critical care),9
Pediatric Step Down Unit (post-critical care),Exit,42
Step down Neonatal Nursery (Level II),Operating Room/Suite,2
Step down Neonatal Nursery (Level II),Neonatal Critical Care (Level III),18
Step down Neonatal Nursery (Level II),Step down Neonatal Nursery (Level II),5
Step down Neonatal Nursery (Level II),Exit,15
Surgical Cardiothoracic Critical Care,Adult Step Down Unit (post-critical care),45
Surgical Cardiothoracic Critical Care,Endoscopy Suite,1
Surgical Cardiothoracic Critical Care,Medical Ward,1
Surgical Cardiothoracic Critical Care,Medical/Surgical Ward,121
Surgical Cardiothoracic Critical Care,Operating Room/Suite,64
Surgical Cardiothoracic Critical Care,Pulmonary Ward,1
Surgical Cardiothoracic Critical Care,Medical Cardiac Critical Care,10
Surgical Cardiothoracic Critical Care,Medical Critical Care,6
Surgical Cardiothoracic Critical Care,Surgical Cardiothoracic Critical Care,23
Surgical Cardiothoracic Critical Care,Surgical Critical Care,2
Surgical Cardiothoracic Critical Care,Exit,9
Surgical Critical Care,Endoscopy Suite,1
Surgical Critical Care,Medical Ward,9
Surgical Critical Care,Medical/Surgical Ward,18
Surgical Critical Care,Neurology Ward,15
Surgical Critical Care,Neurosurgical Ward,4
Surgical Critical Care,Operating Room/Suite,47
Surgical Critical Care,Pulmonary Ward,1
Surgical Critical Care,Surgical Ward,51
Surgical Critical Care,Medical Critical Care,4
Surgical Critical Care,Neurologic Critical Care,2
Surgical Critical Care,Surgical Cardiothoracic Critical Care,1
Surgical Critical Care,Surgical Critical Care,3
Surgical Critical Care,ONC General Hematology/Oncology Ward,13
Surgical Critical Care,Exit,24
ONC Hematopoietic Stem Cell Transplant Ward,Endoscopy Suite,5
ONC Hematopoietic Stem Cell Transplant Ward,Operating Room/Suite,4
ONC Hematopoietic Stem Cell Transplant Ward,Medical Cardiac Critical Care,1
ONC Hematopoietic Stem Cell Transplant Ward,Medical Critical Care,1
ONC Hematopoietic Stem Cell Transplant Ward,ONC Hematopoietic Stem Cell Transplant Ward,7
ONC Hematopoietic Stem Cell Transplant Ward,ONC General Hematology/Oncology Ward,6
ONC Hematopoietic Stem Cell Transplant Ward,Exit,53
ONC General Hematology/Oncology Ward,Endoscopy Suite,29
ONC General Hematology/Oncology Ward,Medical Ward,4
ONC General Hematology/Oncology Ward,Medical/Surgical Ward,1
ONC General Hematology/Oncology Ward,Operating Room/Suite,50
ONC General Hematology/Oncology Ward,Surgical Ward,3
ONC General Hematology/Oncology Ward,Medical Cardiac Critical Care,2
ONC General Hematology/Oncology Ward,Medical Critical Care,10
ONC General Hematology/Oncology Ward,Surgical Cardiothoracic Critical Care,1
ONC General Hematology/Oncology Ward,Surgical Critical Care,3
ONC General Hematology/Oncology Ward,ONC Hematopoietic Stem Cell Transplant Ward,1
ONC General Hematology/Oncology Ward,ONC General Hematology/Oncology Ward,24
ONC General Hematology/Oncology Ward,Exit,484
ONC Pediatric Hematopoietic Stem Cell Transplant Ward,Operating Room/Suite,6
ONC Pediatric Hematopoietic Stem Cell Transplant Ward,Pediatric Medical/Surgical Critical Care,1
ONC Pediatric Hematopoietic Stem Cell Transplant Ward,ONC Pediatric Hematopoietic Stem Cell Transplant Ward,1
ONC Pediatric Hematopoietic Stem Cell Transplant Ward,ONC Pediatric General Hematology/Oncology Ward,1
ONC Pediatric Hematopoietic Stem Cell Transplant Ward,Exit,32
ONC Pediatric General Hematology/Oncology Ward,Emergency Department,1
ONC Pediatric General Hematology/Oncology Ward,Pediatric Medical Ward,3
ONC Pediatric General Hematology/Oncology Ward,Operating Room/Suite,18
ONC Pediatric General Hematology/Oncology Ward,Pediatric Medical/Surgical Critical Care,6
ONC Pediatric General Hematology/Oncology Ward,ONC Pediatric General Hematology/Oncology Ward,23
ONC Pediatric General Hematology/Oncology Ward,Exit,199
