source,destination,count
Entry,24-Hour Observation Area,105
Entry,Adult Step Down Unit (post-critical care),37
Entry,Ambulatory Surgery Center,571
Entry,Emergency Department,6850
Entry,Endoscopy Suite,13
Entry,Behavioral Health/Psych Ward,42
Entry,Pediatric Medical Ward,40
Entry,Medical Ward,333
Entry,Medical/Surgical Ward,135
Entry,Neurology Ward,49
Entry,Neurosurgical Ward,38
Entry,Operating Room/Suite,1786
Entry,Postpartum Ward,108
Entry,Pulmonary Ward,31
Entry,Surgical Ward,70
Entry,"Labor, Delivery, Recovery, Postpartum Suite (LDRP)",488
Entry,Medical Cardiac Critical Care,35
Entry,Medical Critical Care,25
Entry,Neonatal Critical Care (Level III),43
Entry,Neurologic Critical Care,26
Entry,Pediatric Cardiothoracic Critical Care,14
Entry,Pediatric Medical/Surgical Critical Care,14
Entry,Pediatric Step Down Unit (post-critical care),16
Entry,Surgical Cardiothoracic Critical Care,12
Entry,Surgical Critical Care,11
Entry,ONC Hematopoietic Stem Cell Transplant Ward,36
Entry,ONC General Hematology/Oncology Ward,163
Entry,ONC Pediatric Hematopoietic Stem Cell Transplant Ward,10
Entry,ONC Pediatric General Hematology/Oncology Ward,95
24-Hour Observation Area,24-Hour Observation Area,3
24-Hour Observation Area,Medical Ward,13
24-Hour Observation Area,Medical/Surgical Ward,1
24-Hour Observation Area,Operating Room/Suite,10
24-Hour Observation Area,Surgical Ward,4
24-Hour Observation Area,Medical Cardiac Critical Care,1
24-Hour Observation Area,Exit,230
Adult Step Down Unit (post-critical care),Adult Step Down Unit (post-critical care),3
Adult Step Down Unit (post-critical care),Endoscopy Suite,11
Adult Step Down Unit (post-critical care),Medical Ward,1
Adult Step Down Unit (post-critical care),Operating Room/Suite,40
Adult Step Down Unit (post-critical care),Surgical Ward,2
Adult Step Down Unit (post-critical care),Medical Cardiac Critical Care,3
Adult Step Down Unit (post-critical care),Medical Critical Care,1
Adult Step Down Unit (post-critical care),Surgical Cardiothoracic Critical Care,4
Adult Step Down Unit (post-critical care),Exit,90
Ambulatory Surgery Center,24-Hour Observation Area,1
Ambulatory Surgery Center,Surgical Ward,2
Ambulatory Surgery Center,Exit,568
Emergency Department,24-Hour Observation Area,1
Emergency Department,Adult Step Down Unit (post-critical care),22
Emergency Department,Emergency Department,15281
Emergency Department,Endoscopy Suite,4
Emergency Department,Pediatric Medical Ward,97
Emergency Department,Medical Ward,528
Emergency Department,Medical/Surgical Ward,180
Emergency Department,Neurology Ward,65
Emergency Department,Neurosurgical Ward,86
Emergency Department,Operating Room/Suite,74
Emergency Department,Postpartum Ward,1
Emergency Department,Pulmonary Ward,40
Emergency Department,Surgical Ward,218
Emergency Department,"Labor, Delivery, Recovery, Postpartum Suite (LDRP)",2
Emergency Department,Medical Cardiac Critical Care,43
Emergency Department,Medical Critical Care,60
Emergency Department,Neonatal Critical Care (Level III),1
Emergency Department,Neurologic Critical Care,46
Emergency Department,Pediatric Cardiothoracic Critical Care,4
Emergency Department,Pediatric Medical/Surgical Critical Care,37
Emergency Department,Pediatric Step Down Unit (post-critical care),3
Emergency Department,Surgical Cardiothoracic Critical Care,8
Emergency Department,Surgical Critical Care,35
Emergency Department,ONC Hematopoietic Stem Cell Transplant Ward,21
Emergency Department,ONC General Hematology/Oncology Ward,190
Emergency Department,ONC Pediatric General Hematology/Oncology Ward,96
Emergency Department,Exit,4972
Endoscopy Suite,Adult Step Down Unit (post-critical care),11
Endoscopy Suite,Emergency Department,3
Endoscopy Suite,Medical Ward,59
Endoscopy Suite,Medical/Surgical Ward,26
Endoscopy Suite,Neurology Ward,2
Endoscopy Suite,Neurosurgical Ward,1
Endoscopy Suite,Pulmonary Ward,18
Endoscopy Suite,Surgical Ward,21
Endoscopy Suite,Neurologic Critical Care,2
Endoscopy Suite,ONC Hematopoietic Stem Cell Transplant Ward,14
Endoscopy Suite,ONC General Hematology/Oncology Ward,28
Endoscopy Suite,Exit,12
Behavioral Health/Psych Ward,Behavioral Health/Psych Ward,9
Behavioral Health/Psych Ward,Exit,43
Pediatric Medical Ward,Pediatric Medical Ward,12
Pediatric Medical Ward,Operating Room/Suite,58
Pediatric Medical Ward,Pediatric Cardiothoracic Critical Care,1
Pediatric Medical Ward,Pediatric Medical/Surgical Critical Care,9
Pediatric Medical Ward,Pediatric Step Down Unit (post-critical care),2
Pediatric Medical Ward,ONC Pediatric General Hematology/Oncology Ward,1
Pediatric Medical Ward,Exit,240
Medical Ward,Adult Step Down Unit (post-critical care),1
Medical Ward,Emergency Department,5
Medical Ward,Endoscopy Suite,58
Medical Ward,Medical Ward,52
Medical Ward,Medical/Surgical Ward,1
Medical Ward,Neurology Ward,1
Medical Ward,Operating Room/Suite,98
Medical Ward,Postpartum Ward,1
Medical Ward,Pulmonary Ward,8
Medical Ward,Surgical Ward,6
Medical Ward,Medical Cardiac Critical Care,43
Medical Ward,Medical Critical Care,16
Medical Ward,Neurologic Critical Care,4
Medical Ward,Surgical Cardiothoracic Critical Care,4
Medical Ward,Surgical Critical Care,7
Medical Ward,ONC General Hematology/Oncology Ward,14
Medical Ward,Exit,962
Medical/Surgical Ward,Emergency Department,2
Medical/Surgical Ward,Endoscopy Suite,26
Medical/Surgical Ward,Medical Ward,10
Medical/Surgical Ward,Medical/Surgical Ward,31
Medical/Surgical Ward,Neurosurgical Ward,1
Medical/Surgical Ward,Operating Room/Suite,136
Medical/Surgical Ward,Pulmonary Ward,1
Medical/Surgical Ward,Surgical Ward,8
Medical/Surgical Ward,Medical Cardiac Critical Care,7
Medical/Surgical Ward,Medical Critical Care,3
Medical/Surgical Ward,Surgical Cardiothoracic Critical Care,14
Medical/Surgical Ward,Surgical Critical Care,3
Medical/Surgical Ward,ONC General Hematology/Oncology Ward,7
Medical/Surgical Ward,Exit,437
Neurology Ward,Endoscopy Suite,2
Neurology Ward,Medical Ward,5
Neurology Ward,Neurology Ward,6
Neurology Ward,Operating Room/Suite,28
Neurology Ward,Surgical Ward,2
Neurology Ward,Medical Critical Care,1
Neurology Ward,Neurologic Critical Care,5
Neurology Ward,Surgical Critical Care,1
Neurology Ward,ONC Hematopoietic Stem Cell Transplant Ward,1
Neurology Ward,ONC General Hematology/Oncology Ward,2
Neurology Ward,Exit,187
Neurosurgical Ward,Emergency Department,1
Neurosurgical Ward,Endoscopy Suite,1
Neurosurgical Ward,Medical Ward,3
Neurosurgical Ward,Neurosurgical Ward,2
Neurosurgical Ward,Operating Room/Suite,57
Neurosurgical Ward,Surgical Ward,1
Neurosurgical Ward,Neurologic Critical Care,3
Neurosurgical Ward,ONC General Hematology/Oncology Ward,2
Neurosurgical Ward,Exit,175
Operating Room/Suite,24-Hour Observation Area,155
Operating Room/Suite,Adult Step Down Unit (post-critical care),30
Operating Room/Suite,Pediatric Medical Ward,120
Operating Room/Suite,Medical Ward,70
Operating Room/Suite,Medical/Surgical Ward,143
Operating Room/Suite,Neurology Ward,80
Operating Room/Suite,Neurosurgical Ward,58
Operating Room/Suite,Operating Room/Suite,221
Operating Room/Suite,Postpartum Ward,1
Operating Room/Suite,Pulmonary Ward,7
Operating Room/Suite,Surgical Ward,377
Operating Room/Suite,Medical Cardiac Critical Care,7
Operating Room/Suite,Medical Critical Care,14
Operating Room/Suite,Neonatal Critical Care (Level III),13
Operating Room/Suite,Neurologic Critical Care,92
Operating Room/Suite,Pediatric Cardiothoracic Critical Care,33
Operating Room/Suite,Pediatric Medical/Surgical Critical Care,36
Operating Room/Suite,Surgical Cardiothoracic Critical Care,245
Operating Room/Suite,Surgical Critical Care,97
Operating Room/Suite,ONC Hematopoietic Stem Cell Transplant Ward,3
Operating Room/Suite,ONC General Hematology/Oncology Ward,169
Operating Room/Suite,ONC Pediatric Hematopoietic Stem Cell Transplant Ward,8
Operating Room/Suite,ONC Pediatric General Hematology/Oncology Ward,13
Operating Room/Suite,Exit,919
Postpartum Ward,Pediatric Medical Ward,2
Postpartum Ward,Operating Room/Suite,1
Postpartum Ward,Postpartum Ward,37
Postpartum Ward,"Labor, Delivery, Recovery, Postpartum Suite (LDRP)",12
Postpartum Ward,Neonatal Critical Care (Level III),8
Postpartum Ward,ONC General Hematology/Oncology Ward,2
Postpartum Ward,ONC Pediatric Hematopoietic Stem Cell Transplant Ward,1
Postpartum Ward,ONC Pediatric General Hematology/Oncology Ward,1
Postpartum Ward,Exit,514
Pulmonary Ward,Endoscopy Suite,17
Pulmonary Ward,Operating Room/Suite,9
Pulmonary Ward,Pulmonary Ward,14
Pulmonary Ward,Medical Critical Care,4
Pulmonary Ward,Neurologic Critical Care,2
Pulmonary Ward,Surgical Critical Care,1
Pulmonary Ward,ONC General Hematology/Oncology Ward,3
Pulmonary Ward,Exit,88
Surgical Ward,Emergency Department,2
Surgical Ward,Endoscopy Suite,22
Surgical Ward,Medical Ward,11
Surgical Ward,Medical/Surgical Ward,1
Surgical Ward,Neurology Ward,2
Surgical Ward,Operating Room/Suite,127
Surgical Ward,Surgical Ward,31
Surgical Ward,Medical Cardiac Critical Care,1
Surgical Ward,Medical Critical Care,5
Surgical Ward,Neurologic Critical Care,1
Surgical Ward,Surgical Critical Care,12
Surgical Ward,ONC General Hematology/Oncology Ward,8
Surgical Ward,Exit,580
"Labor, Delivery, Recovery, Postpartum Suite (LDRP)",Postpartum Ward,428
"Labor, Delivery, Recovery, Postpartum Suite (LDRP)",Surgical Ward,1
"Labor, Delivery, Recovery, Postpartum Suite (LDRP)","Labor, Delivery, Recovery, Postpartum Suite (LDRP)",72
"Labor, Delivery, Recovery, Postpartum Suite (LDRP)",Neonatal Critical Care (Level III),17
"Labor, Delivery, Recovery, Postpartum Suite (LDRP)",Pediatric Cardiothoracic Critical Care,1
"Labor, Delivery, Recovery, Postpartum Suite (LDRP)",ONC General Hematology/Oncology Ward,2
"Labor, Delivery, Recovery, Postpartum Suite (LDRP)",Exit,55
Medical Cardiac Critical Care,Adult Step Down Unit (post-critical care),2
Medical Cardiac Critical Care,Medical Ward,88
Medical Cardiac Critical Care,Medical/Surgical Ward,11
Medical Cardiac Critical Care,Operating Room/Suite,11
Medical Cardiac Critical Care,Pulmonary Ward,1
Medical Cardiac Critical Care,Surgical Ward,1
Medical Cardiac Critical Care,Medical Cardiac Critical Care,5
Medical Cardiac Critical Care,Medical Critical Care,4
Medical Cardiac Critical Care,Surgical Cardiothoracic Critical Care,4
Medical Cardiac Critical Care,ONC Hematopoietic Stem Cell Transplant Ward,1
Medical Cardiac Critical Care,ONC General Hematology/Oncology Ward,4
Medical Cardiac Critical Care,Exit,30
Medical Critical Care,Medical Ward,66
Medical Critical Care,Medical/Surgical Ward,2
Medical Critical Care,Operating Room/Suite,17
Medical Critical Care,Pulmonary Ward,14
Medical Critical Care,Surgical Ward,1
Medical Critical Care,Medical Cardiac Critical Care,1
Medical Critical Care,Medical Critical Care,3
Medical Critical Care,Surgical Critical Care,1
Medical Critical Care,ONC General Hematology/Oncology Ward,20
Medical Critical Care,Exit,24
Neonatal Critical Care (Level III),Pediatric Medical Ward,1
Neonatal Critical Care (Level III),Operating Room/Suite,13
Neonatal Critical Care (Level III),Postpartum Ward,6
Neonatal Critical Care (Level III),"Labor, Delivery, Recovery, Postpartum Suite (LDRP)",1
Neonatal Critical Care (Level III),Neonatal Critical Care (Level III),164
Neonatal Critical Care (Level III),Pediatric Cardiothoracic Critical Care,2
Neonatal Critical Care (Level III),Pediatric Medical/Surgical Critical Care,3
Neonatal Critical Care (Level III),Step down Neonatal Nursery (Level II),33
Neonatal Critical Care (Level III),ONC Pediatric General Hematology/Oncology Ward,3
Neonatal Critical Care (Level III),Exit,44
Neurologic Critical Care,Endoscopy Suite,1
Neurologic Critical Care,Medical Ward,13
Neurologic Critical Care,Medical/Surgical Ward,1
Neurologic Critical Care,Neurology Ward,25
Neurologic Critical Care,Neurosurgical Ward,58
Neurologic Critical Care,Operating Room/Suite,18
Neurologic Critical Care,Pulmonary Ward,1
Neurologic Critical Care,Medical Critical Care,1
Neurologic Critical Care,Neurologic Critical Care,1
Neurologic Critical Care,ONC General Hematology/Oncology Ward,3
Neurologic Critical Care,Exit,65
Pediatric Cardiothoracic Critical Care,Operating Room/Suite,16
Pediatric Cardiothoracic Critical Care,Postpartum Ward,1
Pediatric Cardiothoracic Critical Care,Medical Cardiac Critical Care,1
Pediatric Cardiothoracic Critical Care,Neonatal Critical Care (Level III),1
Pediatric Cardiothoracic Critical Care,Pediatric Cardiothoracic Critical Care,22
Pediatric Cardiothoracic Critical Care,Pediatric Step Down Unit (post-critical care),26
Pediatric Cardiothoracic Critical Care,Exit,17
Pediatric Medical/Surgical Critical Care,Pediatric Medical Ward,39
Pediatric Medical/Surgical Critical Care,Operating Room/Suite,6
Pediatric Medical/Surgical Critical Care,Pediatric Medical/Surgical Critical Care,25
Pediatric Medical/Surgical Critical Care,Pediatric Step Down Unit (post-critical care),1
Pediatric Medical/Surgical Critical Care,ONC Pediatric Hematopoietic Stem Cell Transplant Ward,6
Pediatric Medical/Surgical Critical Care,ONC Pediatric General Hematology/Oncology Ward,29
Pediatric Medical/Surgical Critical Care,Exit,27
Pediatric Step Down Unit (post-critical care),Pediatric Medical Ward,1
Pediatric Step Down Unit (post-critical care),Operating Room/Suite,2
Pediatric Step Down Unit (post-critical care),Pediatric Cardiothoracic Critical Care,10
Pediatric Step Down Unit (post-critical care),Pediatric Step Down Unit (post-critical care),11
Pediatric Step Down Unit (post-critical care),Exit,37
Step down Neonatal Nursery (Level II),Pediatric Medical Ward,1
Step down Neonatal Nursery (Level II),Operating Room/Suite,1
Step down Neonatal Nursery (Level II),Neonatal Critical Care (Level III),15
Step down Neonatal Nursery (Level II),Step down Neonatal Nursery (Level II),2
Step down Neonatal Nursery (Level II),ONC Pediatric General Hematology/Oncology Ward,1
Step down Neonatal Nursery (Level II),Exit,15
Surgical Cardiothoracic Critical Care,Adult Step Down Unit (post-critical care),51
Surgical Cardiothoracic Critical Care,Medical Ward,2
Surgical Cardiothoracic Critical Care,Medical/Surgical Ward,148
Surgical Cardiothoracic Critical Care,Operating Room/Suite,64
Surgical Cardiothoracic Critical Care,Pulmonary Ward,1
Surgical Cardiothoracic Critical Care,Medical Cardiac Critical Care,6
Surgical Cardiothoracic Critical Care,Medical Critical Care,2
Surgical Cardiothoracic Critical Care,Pediatric Cardiothoracic Critical Care,1
Surgical Cardiothoracic Critical Care,Surgical Cardiothoracic Critical Care,7
Surgical Cardiothoracic Critical Care,Surgical Critical Care,2
Surgical Cardiothoracic Critical Care,Exit,14
Surgical Critical Care,Emergency Department,1
Surgical Critical Care,Medical Ward,16
Surgical Critical Care,Medical/Surgical Ward,12
Surgical Critical Care,Neurology Ward,9
Surgical Critical Care,Operating Room/Suite,49
Surgical Critical Care,Pulmonary Ward,1
Surgical Critical Care,Surgical Ward,43
Surgical Critical Care,"Labor, Delivery, Recovery, Postpartum Suite (LDRP)",1
Surgical Critical Care,Medical Cardiac Critical Care,2
Surgical Critical Care,Medical Critical Care,1
Surgical Critical Care,Neurologic Critical Care,1
Surgical Critical Care,Surgical Cardiothoracic Critical Care,1
Surgical Critical Care,Surgical Critical Care,2
Surgical Critical Care,ONC General Hematology/Oncology Ward,18
Surgical Critical Care,Exit,19
ONC Hematopoietic Stem Cell Transplant Ward,Endoscopy Suite,14
ONC Hematopoietic Stem Cell Transplant Ward,Medical Ward,4
ONC Hematopoietic Stem Cell Transplant Ward,Operating Room/Suite,4
ONC Hematopoietic Stem Cell Transplant Ward,ONC Hematopoietic Stem Cell Transplant Ward,6
ONC Hematopoietic Stem Cell Transplant Ward,ONC General Hematology/Oncology Ward,5
ONC Hematopoietic Stem Cell Transplant Ward,Exit,51
ONC General Hematology/Oncology Ward,Endoscopy Suite,28
ONC General Hematology/Oncology Ward,Medical Ward,6
ONC General Hematology/Oncology Ward,Medical/Surgical Ward,1
ONC General Hematology/Oncology Ward,Operating Room/Suite,48
ONC General Hematology/Oncology Ward,Surgical Ward,2
ONC General Hematology/Oncology Ward,"Labor, Delivery, Recovery, Postpartum Suite (LDRP)",1
ONC General Hematology/Oncology Ward,Medical Cardiac Critical Care,7
ONC General Hematology/Oncology Ward,Medical Critical Care,10
ONC General Hematology/Oncology Ward,Neurologic Critical Care,2
ONC General Hematology/Oncology Ward,Surgical Critical Care,8
ONC General Hematology/Oncology Ward,ONC General Hematology/Oncology Ward,65
ONC General Hematology/Oncology Ward,Exit,529
ONC Pediatric Hematopoietic Stem Cell Transplant Ward,Operating Room/Suite,4
ONC Pediatric Hematopoietic Stem Cell Transplant Ward,Pediatric Medical/Surgical Critical Care,3
ONC Pediatric Hematopoietic Stem Cell Transplant Ward,ONC Pediatric Hematopoietic Stem Cell Transplant Ward,1
ONC Pediatric Hematopoietic Stem Cell Transplant Ward,Exit,21
ONC Pediatric General Hematology/Oncology Ward,Pediatric Medical Ward,1
ONC Pediatric General Hematology/Oncology Ward,Operating Room/Suite,12
ONC Pediatric General Hematology/Oncology Ward,Pediatric Medical/Surgical Critical Care,9
ONC Pediatric General Hematology/Oncology Ward,ONC Pediatric General Hematology/Oncology Ward,13
ONC Pediatric General Hematology/Oncology Ward,Exit,217
