source,destination,count
Entry,24-Hour Observation Area,127
Entry,Adult Step Down Unit (post-critical care),17
Entry,Ambulatory Surgery Center,584
Entry,Emergency Department,6658
Entry,Endoscopy Suite,10
Entry,Pediatric Medical Ward,46
Entry,Medical Ward,191
Entry,Medical/Surgical Ward,143
Entry,Neurology Ward,44
Entry,Neurosurgical Ward,35
Entry,Operating Room/Suite,1603
Entry,Postpartum Ward,177
Entry,Pulmonary Ward,27
Entry,Surgical Ward,56
Entry,"Labor, Delivery, Recovery, Postpartum Suite (LDRP)",504
Entry,Medical Cardiac Critical Care,26
Entry,Medical Critical Care,14
Entry,Neurologic Critical Care,11
Entry,Pediatric Cardiothoracic Critical Care,13
Entry,Pediatric Medical/Surgical Critical Care,24
Entry,Pediatric Step Down Unit (post-critical care),13
Entry,Surgical Cardiothoracic Critical Care,8
Entry,Surgical Critical Care,1
Entry,ONC Leukemia/Lymphoma Ward,69
Entry,ONC Hematopoietic Stem Cell Transplant Ward,28
Entry,ONC General Hematology/Oncology Ward,87
Entry,ONC Pediatric Hematopoietic Stem Cell Transplant Ward,16
Entry,ONC Pediatric General Hematology/Oncology Ward,61
Entry,Adult Mixed Acuity Unit,15
Entry,Neonatal Critical Care (Level IV),44
24-Hour Observation Area,24-Hour Observation Area,15
24-Hour Observation Area,Medical Ward,15
24-Hour Observation Area,Medical/Surgical Ward,2
24-Hour Observation Area,Neurology Ward,1
24-Hour Observation Area,Operating Room/Suite,21
24-Hour Observation Area,Surgical Ward,12
24-Hour Observation Area,ONC General Hematology/Oncology Ward,7
24-Hour Observation Area,Exit,294
Adult Step Down Unit (post-critical care),Adult Step Down Unit (post-critical care),3
Adult Step Down Unit (post-critical care),Endoscopy Suite,14
Adult Step Down Unit (post-critical care),Medical Ward,4
Adult Step Down Unit (post-critical care),Operating Room/Suite,25
Adult Step Down Unit (post-critical care),Medical Critical Care,1
Adult Step Down Unit (post-critical care),Surgical Cardiothoracic Critical Care,5
Adult Step Down Unit (post-critical care),Exit,71
Ambulatory Surgery Center,Exit,584
Emergency Department,Adult Step Down Unit (post-critical care),16
Emergency Department,Emergency Department,14804
Emergency Department,Endoscopy Suite,14
Emergency Department,Pediatric Medical Ward,97
Emergency Department,Medical Ward,502
Emergency Department,Medical/Surgical Ward,127
Emergency Department,Neurology Ward,64
Emergency Department,Neurosurgical Ward,73
Emergency Department,Operating Room/Suite,115
Emergency Department,Postpartum Ward,1
Emergency Department,Pulmonary Ward,28
Emergency Department,Surgical Ward,188
Emergency Department,Medical Cardiac Critical Care,57
Emergency Department,Medical Critical Care,28
Emergency Department,Neurologic Critical Care,54
Emergency Department,Pediatric Cardiothoracic Critical Care,4
Emergency Department,Pediatric Medical/Surgical Critical Care,39
Emergency Department,Pediatric Step Down Unit (post-critical care),9
Emergency Department,Surgical Cardiothoracic Critical Care,5
Emergency Department,Surgical Critical Care,36
Emergency Department,ONC Leukemia/Lymphoma Ward,19
Emergency Department,ONC Hematopoietic Stem Cell Transplant Ward,23
Emergency Department,ONC General Hematology/Oncology Ward,188
Emergency Department,ONC Pediatric Hematopoietic Stem Cell Transplant Ward,1
Emergency Department,ONC Pediatric General Hematology/Oncology Ward,86
Emergency Department,Adult Mixed Acuity Unit,90
Emergency Department,Exit,4865
Endoscopy Suite,Adult Step Down Unit (post-critical care),14
Endoscopy Suite,Emergency Department,13
Endoscopy Suite,Medical Ward,58
Endoscopy Suite,Medical/Surgical Ward,26
Endoscopy Suite,Neurology Ward,2
Endoscopy Suite,Neurosurgical Ward,5
Endoscopy Suite,Pulmonary Ward,14
Endoscopy Suite,Surgical Ward,18
Endoscopy Suite,Neurologic Critical Care,1
Endoscopy Suite,ONC Leukemia/Lymphoma Ward,4
Endoscopy Suite,ONC Hematopoietic Stem Cell Transplant Ward,7
Endoscopy Suite,ONC General Hematology/Oncology Ward,19
Endoscopy Suite,Exit,12
Pediatric Medical Ward,Pediatric Medical Ward,10
Pediatric Medical Ward,Medical/Surgical Ward,1
Pediatric Medical Ward,Neurosurgical Ward,1
Pediatric Medical Ward,Operating Room/Suite,32
Pediatric Medical Ward,Pediatric Medical/Surgical Critical Care,15
Pediatric Medical Ward,Pediatric Step Down Unit (post-critical care),4
Pediatric Medical Ward,Surgical Cardiothoracic Critical Care,1
Pediatric Medical Ward,ONC Pediatric Hematopoietic Stem Cell Transplant Ward,1
Pediatric Medical Ward,ONC Pediatric General Hematology/Oncology Ward,2
Pediatric Medical Ward,Exit,240
Medical Ward,24-Hour Observation Area,2
Medical Ward,Endoscopy Suite,58
Medical Ward,Medical Ward,71
Medical Ward,Medical/Surgical Ward,2
Medical Ward,Neurology Ward,1
Medical Ward,Operating Room/Suite,88
Medical Ward,Pulmonary Ward,3
Medical Ward,Surgical Ward,2
Medical Ward,Medical Cardiac Critical Care,18
Medical Ward,Medical Critical Care,16
Medical Ward,Neurologic Critical Care,9
Medical Ward,Surgical Cardiothoracic Critical Care,7
Medical Ward,Surgical Critical Care,4
Medical Ward,ONC Leukemia/Lymphoma Ward,3
Medical Ward,ONC General Hematology/Oncology Ward,6
Medical Ward,Adult Mixed Acuity Unit,3
Medical Ward,Exit,828
Medical/Surgical Ward,Endoscopy Suite,26
Medical/Surgical Ward,Medical Ward,10
Medical/Surgical Ward,Medical/Surgical Ward,42
Medical/Surgical Ward,Operating Room/Suite,171
Medical/Surgical Ward,Pulmonary Ward,4
Medical/Surgical Ward,Surgical Ward,9
Medical/Surgical Ward,Medical Cardiac Critical Care,4
Medical/Surgical Ward,Medical Critical Care,1
Medical/Surgical Ward,Neurologic Critical Care,3
Medical/Surgical Ward,Surgical Cardiothoracic Critical Care,9
Medical/Surgical Ward,Surgical Critical Care,5
Medical/Surgical Ward,ONC General Hematology/Oncology Ward,4
Medical/Surgical Ward,Exit,394
Neurology Ward,Endoscopy Suite,2
Neurology Ward,Medical Ward,1
Neurology Ward,Neurology Ward,10
Neurology Ward,Operating Room/Suite,36
Neurology Ward,Medical Cardiac Critical Care,1
Neurology Ward,Neurologic Critical Care,4
Neurology Ward,ONC Leukemia/Lymphoma Ward,1
Neurology Ward,ONC General Hematology/Oncology Ward,1
Neurology Ward,Adult Mixed Acuity Unit,1
Neurology Ward,Exit,179
Neurosurgical Ward,Adult Step Down Unit (post-critical care),1
Neurosurgical Ward,Endoscopy Suite,4
Neurosurgical Ward,Medical Ward,2
Neurosurgical Ward,Neurosurgical Ward,2
Neurosurgical Ward,Operating Room/Suite,48
Neurosurgical Ward,Medical Cardiac Critical Care,2
Neurosurgical Ward,Medical Critical Care,2
Neurosurgical Ward,Neurologic Critical Care,5
Neurosurgical Ward,ONC Leukemia/Lymphoma Ward,2
Neurosurgical Ward,ONC General Hematology/Oncology Ward,2
Neurosurgical Ward,Exit,171
Operating Room/Suite,24-Hour Observation Area,232
Operating Room/Suite,Adult Step Down Unit (post-critical care),20
Operating Room/Suite,Endoscopy Suite,1
Operating Room/Suite,Pediatric Medical Ward,93
Operating Room/Suite,Medical Ward,66
Operating Room/Suite,Medical/Surgical Ward,172
Operating Room/Suite,Neurology Ward,81
Operating Room/Suite,Neurosurgical Ward,64
Operating Room/Suite,Operating Room/Suite,179
Operating Room/Suite,Postpartum Ward,1
Operating Room/Suite,Pulmonary Ward,11
Operating Room/Suite,Surgical Ward,319
Operating Room/Suite,Medical Cardiac Critical Care,13
Operating Room/Suite,Medical Critical Care,9
Operating Room/Suite,Neurologic Critical Care,81
Operating Room/Suite,Pediatric Cardiothoracic Critical Care,38
Operating Room/Suite,Pediatric Medical/Surgical Critical Care,27
Operating Room/Suite,Pediatric Step Down Unit (post-critical care),2
Operating Room/Suite,Surgical Cardiothoracic Critical Care,217
Operating Room/Suite,Surgical Critical Care,101
Operating Room/Suite,ONC Leukemia/Lymphoma Ward,3
Operating Room/Suite,ONC Hematopoietic Stem Cell Transplant Ward,1
Operating Room/Suite,ONC General Hematology/Oncology Ward,138
Operating Room/Suite,ONC Pediatric Hematopoietic Stem Cell Transplant Ward,7
Operating Room/Suite,ONC Pediatric General Hematology/Oncology Ward,19
Operating Room/Suite,Adult Mixed Acuity Unit,2
Operating Room/Suite,Neonatal Critical Care (Level IV),18
Operating Room/Suite,Exit,861
Postpartum Ward,Pediatric Medical Ward,1
Postpartum Ward,Medical Ward,1
Postpartum Ward,Operating Room/Suite,1
Postpartum Ward,Postpartum Ward,43
Postpartum Ward,Surgical Ward,1
Postpartum Ward,"Labor, Delivery, Recovery, Postpartum Suite (LDRP)",31
Postpartum Ward,Pediatric Medical/Surgical Critical Care,1
Postpartum Ward,ONC Pediatric General Hematology/Oncology Ward,6
Postpartum Ward,Neonatal Critical Care (Level IV),11
Postpartum Ward,Exit,583
Pulmonary Ward,Endoscopy Suite,14
Pulmonary Ward,Medical Ward,4
Pulmonary Ward,Medical/Surgical Ward,1
Pulmonary Ward,Operating Room/Suite,13
Pulmonary Ward,Pulmonary Ward,8
Pulmonary Ward,Medical Cardiac Critical Care,3
Pulmonary Ward,Medical Critical Care,4
Pulmonary Ward,Neurologic Critical Care,1
Pulmonary Ward,Surgical Cardiothoracic Critical Care,1
Pulmonary Ward,Exit,70
Surgical Ward,Endoscopy Suite,18
Surgical Ward,Medical/Surgical Ward,4
Surgical Ward,Neurology Ward,2
Surgical Ward,Neurosurgical Ward,1
Surgical Ward,Operating Room/Suite,146
Surgical Ward,Surgical Ward,31
Surgical Ward,"Labor, Delivery, Recovery, Postpartum Suite (LDRP)",1
Surgical Ward,Medical Cardiac Critical Care,6
Surgical Ward,Medical Critical Care,1
Surgical Ward,Neurologic Critical Care,3
Surgical Ward,Surgical Critical Care,9
Surgical Ward,ONC Leukemia/Lymphoma Ward,1
Surgical Ward,ONC General Hematology/Oncology Ward,7
Surgical Ward,Exit,443
"Labor, Delivery, Recovery, Postpartum Suite (LDRP)",Postpartum Ward,449
"Labor, Delivery, Recovery, Postpartum Suite (LDRP)","Labor, Delivery, Recovery, Postpartum Suite (LDRP)",64
"Labor, Delivery, Recovery, Postpartum Suite (LDRP)",Pediatric Cardiothoracic Critical Care,2
"Labor, Delivery, Recovery, Postpartum Suite (LDRP)",ONC Pediatric General Hematology/Oncology Ward,1
"Labor, Delivery, Recovery, Postpartum Suite (LDRP)",Neonatal Critical Care (Level IV),18
"Labor, Delivery, Recovery, Postpartum Suite (LDRP)",Exit,73
Medical Cardiac Critical Care,Adult Step Down Unit (post-critical care),1
Medical Cardiac Critical Care,Medical Ward,78
Medical Cardiac Critical Care,Medical/Surgical Ward,4
Medical Cardiac Critical Care,Neurology Ward,1
Medical Cardiac Critical Care,Neurosurgical Ward,2
Medical Cardiac Critical Care,Operating Room/Suite,13
Medical Cardiac Critical Care,Postpartum Ward,1
Medical Cardiac Critical Care,Pulmonary Ward,3
Medical Cardiac Critical Care,Medical Cardiac Critical Care,4
Medical Cardiac Critical Care,Medical Critical Care,1
Medical Cardiac Critical Care,Surgical Cardiothoracic Critical Care,2
Medical Cardiac Critical Care,Surgical Critical Care,1
Medical Cardiac Critical Care,ONC Leukemia/Lymphoma Ward,2
Medical Cardiac Critical Care,ONC General Hematology/Oncology Ward,5
Medical Cardiac Critical Care,Exit,30
Medical Critical Care,Medical Ward,29
Medical Critical Care,Neurosurgical Ward,2
Medical Critical Care,Operating Room/Suite,9
Medical Critical Care,Pulmonary Ward,10
Medical Critical Care,Medical Cardiac Critical Care,1
Medical Critical Care,Medical Critical Care,6
Medical Critical Care,Neurologic Critical Care,1
Medical Critical Care,ONC General Hematology/Oncology Ward,6
Medical Critical Care,Adult Mixed Acuity Unit,23
Medical Critical Care,Exit,27
Neurologic Critical Care,Emergency Department,1
Neurologic Critical Care,Endoscopy Suite,1
Neurologic Critical Care,Pediatric Medical Ward,1
Neurologic Critical Care,Medical Ward,28
Neurologic Critical Care,Medical/Surgical Ward,3
Neurologic Critical Care,Neurology Ward,20
Neurologic Critical Care,Neurosurgical Ward,51
Neurologic Critical Care,Operating Room/Suite,21
Neurologic Critical Care,Pulmonary Ward,1
Neurologic Critical Care,Surgical Ward,3
Neurologic Critical Care,Medical Critical Care,1
Neurologic Critical Care,Surgical Critical Care,1
Neurologic Critical Care,ONC General Hematology/Oncology Ward,4
Neurologic Critical Care,Exit,44
Pediatric Cardiothoracic Critical Care,Pediatric Medical Ward,7
Pediatric Cardiothoracic Critical Care,Operating Room/Suite,22
Pediatric Cardiothoracic Critical Care,Pediatric Cardiothoracic Critical Care,27
Pediatric Cardiothoracic Critical Care,Pediatric Medical/Surgical Critical Care,5
Pediatric Cardiothoracic Critical Care,Pediatric Step Down Unit (post-critical care),34
Pediatric Cardiothoracic Critical Care,Exit,4
Pediatric Medical/Surgical Critical Care,Pediatric Medical Ward,38
Pediatric Medical/Surgical Critical Care,Neurosurgical Ward,1
Pediatric Medical/Surgical Critical Care,Operating Room/Suite,13
Pediatric Medical/Surgical Critical Care,Pediatric Cardiothoracic Critical Care,4
Pediatric Medical/Surgical Critical Care,Pediatric Medical/Surgical Critical Care,26
Pediatric Medical/Surgical Critical Care,Pediatric Step Down Unit (post-critical care),7
Pediatric Medical/Surgical Critical Care,ONC Pediatric Hematopoietic Stem Cell Transplant Ward,2
Pediatric Medical/Surgical Critical Care,ONC Pediatric General Hematology/Oncology Ward,30
Pediatric Medical/Surgical Critical Care,Neonatal Critical Care (Level IV),1
Pediatric Medical/Surgical Critical Care,Exit,25
Pediatric Step Down Unit (post-critical care),Pediatric Medical Ward,8
Pediatric Step Down Unit (post-critical care),Operating Room/Suite,5
Pediatric Step Down Unit (post-critical care),Pediatric Cardiothoracic Critical Care,6
Pediatric Step Down Unit (post-critical care),Pediatric Medical/Surgical Critical Care,3
Pediatric Step Down Unit (post-critical care),Pediatric Step Down Unit (post-critical care),11
Pediatric Step Down Unit (post-critical care),Exit,45
Step down Neonatal Nursery (Level II),Pediatric Medical Ward,1
Step down Neonatal Nursery (Level II),Operating Room/Suite,2
Step down Neonatal Nursery (Level II),Step down Neonatal Nursery (Level II),7
Step down Neonatal Nursery (Level II),Neonatal Critical Care (Level IV),18
Step down Neonatal Nursery (Level II),Exit,8
Surgical Cardiothoracic Critical Care,Adult Step Down Unit (post-critical care),50
Surgical Cardiothoracic Critical Care,Medical Ward,6
Surgical Cardiothoracic Critical Care,Medical/Surgical Ward,142
Surgical Cardiothoracic Critical Care,Operating Room/Suite,34
Surgical Cardiothoracic Critical Care,Pulmonary Ward,1
Surgical Cardiothoracic Critical Care,Surgical Ward,1
Surgical Cardiothoracic Critical Care,Medical Cardiac Critical Care,1
Surgical Cardiothoracic Critical Care,Medical Critical Care,1
Surgical Cardiothoracic Critical Care,Neurologic Critical Care,2
Surgical Cardiothoracic Critical Care,Surgical Cardiothoracic Critical Care,4
Surgical Cardiothoracic Critical Care,ONC Leukemia/Lymphoma Ward,1
Surgical Cardiothoracic Critical Care,ONC General Hematology/Oncology Ward,2
Surgical Cardiothoracic Critical Care,Exit,18
Surgical Critical Care,Adult Step Down Unit (post-critical care),1
Surgical Critical Care,Pediatric Medical Ward,1
Surgical Critical Care,Medical Ward,12
Surgical Critical Care,Medical/Surgical Ward,13
Surgical Critical Care,Neurology Ward,5
Surgical Critical Care,Neurosurgical Ward,1
Surgical Critical Care,Operating Room/Suite,48
Surgical Critical Care,Pulmonary Ward,1
Surgical Critical Care,Surgical Ward,35
Surgical Critical Care,Medical Cardiac Critical Care,2
Surgical Critical Care,Neurologic Critical Care,1
Surgical Critical Care,Surgical Cardiothoracic Critical Care,1
Surgical Critical Care,Surgical Critical Care,15
Surgical Critical Care,ONC General Hematology/Oncology Ward,13
Surgical Critical Care,Adult Mixed Acuity Unit,3
Surgical Critical Care,Exit,27
ONC Leukemia/Lymphoma Ward,Endoscopy Suite,3
ONC Leukemia/Lymphoma Ward,Operating Room/Suite,5
ONC Leukemia/Lymphoma Ward,Surgical Ward,1
ONC Leukemia/Lymphoma Ward,Medical Cardiac Critical Care,3
ONC Leukemia/Lymphoma Ward,Medical Critical Care,1
ONC Leukemia/Lymphoma Ward,Surgical Cardiothoracic Critical Care,1
ONC Leukemia/Lymphoma Ward,ONC Leukemia/Lymphoma Ward,2
ONC Leukemia/Lymphoma Ward,Exit,102
ONC Hematopoietic Stem Cell Transplant Ward,Endoscopy Suite,7
ONC Hematopoietic Stem Cell Transplant Ward,Operating Room/Suite,1
ONC Hematopoietic Stem Cell Transplant Ward,Medical Cardiac Critical Care,1
ONC Hematopoietic Stem Cell Transplant Ward,Medical Critical Care,1
ONC Hematopoietic Stem Cell Transplant Ward,ONC Leukemia/Lymphoma Ward,5
ONC Hematopoietic Stem Cell Transplant Ward,ONC Hematopoietic Stem Cell Transplant Ward,3
ONC Hematopoietic Stem Cell Transplant Ward,ONC General Hematology/Oncology Ward,1
ONC Hematopoietic Stem Cell Transplant Ward,Exit,43
ONC General Hematology/Oncology Ward,Endoscopy Suite,19
ONC General Hematology/Oncology Ward,Neurosurgical Ward,1
ONC General Hematology/Oncology Ward,Operating Room/Suite,47
ONC General Hematology/Oncology Ward,Pulmonary Ward,1
ONC General Hematology/Oncology Ward,Surgical Ward,2
ONC General Hematology/Oncology Ward,"Labor, Delivery, Recovery, Postpartum Suite (LDRP)",1
ONC General Hematology/Oncology Ward,Medical Cardiac Critical Care,3
ONC General Hematology/Oncology Ward,Medical Critical Care,3
ONC General Hematology/Oncology Ward,Neurologic Critical Care,2
ONC General Hematology/Oncology Ward,Surgical Cardiothoracic Critical Care,2
ONC General Hematology/Oncology Ward,Surgical Critical Care,4
ONC General Hematology/Oncology Ward,ONC Leukemia/Lymphoma Ward,5
ONC General Hematology/Oncology Ward,ONC General Hematology/Oncology Ward,32
ONC General Hematology/Oncology Ward,Exit,396
ONC Pediatric Hematopoietic Stem Cell Transplant Ward,Operating Room/Suite,5
ONC Pediatric Hematopoietic Stem Cell Transplant Ward,Pediatric Medical/Surgical Critical Care,1
ONC Pediatric Hematopoietic Stem Cell Transplant Ward,ONC Pediatric General Hematology/Oncology Ward,1
ONC Pediatric Hematopoietic Stem Cell Transplant Ward,Exit,20
ONC Pediatric General Hematology/Oncology Ward,Pediatric Medical Ward,1
ONC Pediatric General Hematology/Oncology Ward,Operating Room/Suite,17
ONC Pediatric General Hematology/Oncology Ward,Pediatric Medical/Surgical Critical Care,5
ONC Pediatric General Hematology/Oncology Ward,ONC Pediatric General Hematology/Oncology Ward,16
ONC Pediatric General Hematology/Oncology Ward,Exit,193
Adult Mixed Acuity Unit,Medical Ward,14
Adult Mixed Acuity Unit,Medical/Surgical Ward,1
Adult Mixed Acuity Unit,Neurosurgical Ward,1
Adult Mixed Acuity Unit,Operating Room/Suite,3
Adult Mixed Acuity Unit,Pulmonary Ward,1
Adult Mixed Acuity Unit,"Labor, Delivery, Recovery, Postpartum Suite (LDRP)",2
Adult Mixed Acuity Unit,Medical Critical Care,21
Adult Mixed Acuity Unit,Surgical Critical Care,4
Adult Mixed Acuity Unit,ONC General Hematology/Oncology Ward,1
Adult Mixed Acuity Unit,Adult Mixed Acuity Unit,10
Adult Mixed Acuity Unit,Exit,74
Neonatal Critical Care (Level IV),Pediatric Medical Ward,9
Neonatal Critical Care (Level IV),Operating Room/Suite,16
Neonatal Critical Care (Level IV),Postpartum Ward,8
Neonatal Critical Care (Level IV),"Labor, Delivery, Recovery, Postpartum Suite (LDRP)",3
Neonatal Critical Care (Level IV),Pediatric Medical/Surgical Critical Care,1
Neonatal Critical Care (Level IV),Step down Neonatal Nursery (Level II),28
Neonatal Critical Care (Level IV),ONC Pediatric General Hematology/Oncology Ward,5
Neonatal Critical Care (Level IV),Neonatal Critical Care (Level IV),193
Neonatal Critical Care (Level IV),Exit,40
