source,destination,count
Entry,24-Hour Observation Area,122
Entry,Adult Step Down Unit (post-critical care),35
Entry,Ambulatory Surgery Center,663
Entry,Emergency Department,6115
Entry,Endoscopy Suite,11
Entry,Behavioral Health/Psych Ward,36
Entry,Pediatric Medical Ward,32
Entry,Medical Ward,252
Entry,Medical/Surgical Ward,122
Entry,Neurology Ward,31
Entry,Neurosurgical Ward,33
Entry,Operating Room/Suite,1851
Entry,Postpartum Ward,139
Entry,Pulmonary Ward,24
Entry,Surgical Ward,68
Entry,"Labor, Delivery, Recovery, Postpartum Suite (LDRP)",456
Entry,Medical Cardiac Critical Care,28
Entry,Medical Critical Care,19
Entry,Neurologic Critical Care,18
Entry,Pediatric Cardiothoracic Critical Care,16
Entry,Pediatric Medical/Surgical Critical Care,17
Entry,Pediatric Step Down Unit (post-critical care),19
Entry,Surgical Cardiothoracic Critical Care,13
Entry,Surgical Critical Care,3
Entry,ONC Hematopoietic Stem Cell Transplant Ward,39
Entry,ONC General Hematology/Oncology Ward,145
Entry,ONC Pediatric Hematopoietic Stem Cell Transplant Ward,24
Entry,ONC Pediatric General Hematology/Oncology Ward,72
Entry,Adult Mixed Acuity Unit,12
Entry,Neonatal Critical Care (Level IV),56
24-Hour Observation Area,24-Hour Observation Area,7
24-Hour Observation Area,Medical Ward,11
24-Hour Observation Area,Operating Room/Suite,2
24-Hour Observation Area,Surgical Ward,4
24-Hour Observation Area,Medical Cardiac Critical Care,2
24-Hour Observation Area,ONC General Hematology/Oncology Ward,4
24-Hour Observation Area,Exit,336
Adult Step Down Unit (post-critical care),Adult Step Down Unit (post-critical care),5
Adult Step Down Unit (post-critical care),Endoscopy Suite,10
Adult Step Down Unit (post-critical care),Medical Ward,1
Adult Step Down Unit (post-critical care),Operating Room/Suite,28
Adult Step Down Unit (post-critical care),Postpartum Ward,1
Adult Step Down Unit (post-critical care),Pulmonary Ward,1
Adult Step Down Unit (post-critical care),Surgical Ward,1
Adult Step Down Unit (post-critical care),Medical Cardiac Critical Care,3
Adult Step Down Unit (post-critical care),Surgical Cardiothoracic Critical Care,7
Adult Step Down Unit (post-critical care),ONC General Hematology/Oncology Ward,1
Adult Step Down Unit (post-critical care),Exit,87
Ambulatory Surgery Center,Exit,663
Emergency Department,Adult Step Down Unit (post-critical care),20
Emergency Department,Emergency Department,12787
Emergency Department,Endoscopy Suite,5
Emergency Department,Pediatric Medical Ward,78
Emergency Department,Medical Ward,489
Emergency Department,Medical/Surgical Ward,153
Emergency Department,Neurology Ward,77
Emergency Department,Neurosurgical Ward,106
Emergency Department,Operating Room/Suite,123
Emergency Department,Postpartum Ward,1
Emergency Department,Pulmonary Ward,25
Emergency Department,Surgical Ward,198
Emergency Department,"Labor, Delivery, Recovery, Postpartum Suite (LDRP)",1
Emergency Department,Medical Cardiac Critical Care,41
Emergency Department,Medical Critical Care,24
Emergency Department,Neurologic Critical Care,46
Emergency Department,Pediatric Cardiothoracic Critical Care,5
Emergency Department,Pediatric Medical/Surgical Critical Care,29
Emergency Department,Pediatric Step Down Unit (post-critical care),7
Emergency Department,Surgical Cardiothoracic Critical Care,9
Emergency Department,Surgical Critical Care,39
Emergency Department,ONC Hematopoietic Stem Cell Transplant Ward,4
Emergency Department,ONC General Hematology/Oncology Ward,176
Emergency Department,ONC Pediatric Hematopoietic Stem Cell Transplant Ward,2
Emergency Department,ONC Pediatric General Hematology/Oncology Ward,97
Emergency Department,Adult Mixed Acuity Unit,79
Emergency Department,Exit,4271
Endoscopy Suite,Adult Step Down Unit (post-critical care),10
Endoscopy Suite,Emergency Department,5
Endoscopy Suite,Medical Ward,47
Endoscopy Suite,Medical/Surgical Ward,37
Endoscopy Suite,Neurology Ward,3
Endoscopy Suite,Neurosurgical Ward,2
Endoscopy Suite,Operating Room/Suite,1
Endoscopy Suite,Pulmonary Ward,3
Endoscopy Suite,Surgical Ward,22
Endoscopy Suite,Medical Cardiac Critical Care,1
Endoscopy Suite,ONC Hematopoietic Stem Cell Transplant Ward,7
Endoscopy Suite,ONC General Hematology/Oncology Ward,28
Endoscopy Suite,Exit,11
Behavioral Health/Psych Ward,Behavioral Health/Psych Ward,4
Behavioral Health/Psych Ward,Exit,37
Pediatric Medical Ward,Pediatric Medical Ward,9
Pediatric Medical Ward,Operating Room/Suite,62
Pediatric Medical Ward,Surgical Ward,1
Pediatric Medical Ward,Pediatric Medical/Surgical Critical Care,6
Pediatric Medical Ward,ONC Pediatric General Hematology/Oncology Ward,1
Pediatric Medical Ward,Exit,230
Medical Ward,Emergency Department,1
Medical Ward,Endoscopy Suite,47
Medical Ward,Medical Ward,80
Medical Ward,Medical/Surgical Ward,4
Medical Ward,Neurology Ward,1
Medical Ward,Neurosurgical Ward,1
Medical Ward,Operating Room/Suite,102
Medical Ward,Postpartum Ward,1
Medical Ward,Pulmonary Ward,6
Medical Ward,Surgical Ward,8
Medical Ward,Medical Cardiac Critical Care,27
Medical Ward,Medical Critical Care,9
Medical Ward,Neurologic Critical Care,8
Medical Ward,Surgical Cardiothoracic Critical Care,2
Medical Ward,Surgical Critical Care,5
Medical Ward,ONC General Hematology/Oncology Ward,3
Medical Ward,Adult Mixed Acuity Unit,3
Medical Ward,Exit,822
Medical/Surgical Ward,Endoscopy Suite,37
Medical/Surgical Ward,Medical Ward,4
Medical/Surgical Ward,Medical/Surgical Ward,35
Medical/Surgical Ward,Operating Room/Suite,132
Medical/Surgical Ward,Pulmonary Ward,4
Medical/Surgical Ward,Surgical Ward,9
Medical/Surgical Ward,Medical Cardiac Critical Care,3
Medical/Surgical Ward,Medical Critical Care,2
Medical/Surgical Ward,Neurologic Critical Care,2
Medical/Surgical Ward,Surgical Cardiothoracic Critical Care,13
Medical/Surgical Ward,Surgical Critical Care,3
Medical/Surgical Ward,ONC General Hematology/Oncology Ward,15
Medical/Surgical Ward,Adult Mixed Acuity Unit,1
Medical/Surgical Ward,Exit,433
Neurology Ward,Endoscopy Suite,3
Neurology Ward,Medical Ward,3
Neurology Ward,Neurology Ward,12
Neurology Ward,Neurosurgical Ward,3
Neurology Ward,Operating Room/Suite,18
Neurology Ward,Surgical Ward,1
Neurology Ward,Medical Critical Care,1
Neurology Ward,Neurologic Critical Care,3
Neurology Ward,Surgical Critical Care,2
Neurology Ward,Exit,177
Neurosurgical Ward,Emergency Department,1
Neurosurgical Ward,Endoscopy Suite,2
Neurosurgical Ward,Pediatric Medical Ward,1
Neurosurgical Ward,Medical Ward,4
Neurosurgical Ward,Neurosurgical Ward,3
Neurosurgical Ward,Operating Room/Suite,34
Neurosurgical Ward,Neurologic Critical Care,10
Neurosurgical Ward,ONC General Hematology/Oncology Ward,4
Neurosurgical Ward,Exit,214
Operating Room/Suite,24-Hour Observation Area,234
Operating Room/Suite,Adult Step Down Unit (post-critical care),18
Operating Room/Suite,Pediatric Medical Ward,130
Operating Room/Suite,Medical Ward,85
Operating Room/Suite,Medical/Surgical Ward,186
Operating Room/Suite,Neurology Ward,76
Operating Room/Suite,Neurosurgical Ward,54
Operating Room/Suite,Operating Room/Suite,179
Operating Room/Suite,Postpartum Ward,4
Operating Room/Suite,Pulmonary Ward,15
Operating Room/Suite,Surgical Ward,331
Operating Room/Suite,"Labor, Delivery, Recovery, Postpartum Suite (LDRP)",1
Operating Room/Suite,Medical Cardiac Critical Care,9
Operating Room/Suite,Medical Critical Care,10
Operating Room/Suite,Neurologic Critical Care,75
Operating Room/Suite,Pediatric Cardiothoracic Critical Care,37
Operating Room/Suite,Pediatric Medical/Surgical Critical Care,40
Operating Room/Suite,Pediatric Step Down Unit (post-critical care),5
Operating Room/Suite,Surgical Cardiothoracic Critical Care,213
Operating Room/Suite,Surgical Critical Care,99
Operating Room/Suite,ONC Hematopoietic Stem Cell Transplant Ward,2
Operating Room/Suite,ONC General Hematology/Oncology Ward,160
Operating Room/Suite,ONC Pediatric Hematopoietic Stem Cell Transplant Ward,7
Operating Room/Suite,ONC Pediatric General Hematology/Oncology Ward,24
Operating Room/Suite,Adult Mixed Acuity Unit,2
Operating Room/Suite,Neonatal Critical Care (Level IV),8
Operating Room/Suite,Exit,966
Postpartum Ward,Pediatric Medical Ward,1
Postpartum Ward,Medical Ward,1
Postpartum Ward,Medical/Surgical Ward,2
Postpartum Ward,Operating Room/Suite,4
Postpartum Ward,Postpartum Ward,49
Postpartum Ward,"Labor, Delivery, Recovery, Postpartum Suite (LDRP)",25
Postpartum Ward,Medical Cardiac Critical Care,1
Postpartum Ward,ONC General Hematology/Oncology Ward,1
Postpartum Ward,ONC Pediatric General Hematology/Oncology Ward,3
Postpartum Ward,Neonatal Critical Care (Level IV),15
Postpartum Ward,Exit,511
Pulmonary Ward,Endoscopy Suite,3
Pulmonary Ward,Medical Ward,3
Pulmonary Ward,Operating Room/Suite,14
Pulmonary Ward,Pulmonary Ward,11
Pulmonary Ward,Medical Cardiac Critical Care,3
Pulmonary Ward,Medical Critical Care,2
Pulmonary Ward,Surgical Cardiothoracic Critical Care,3
Pulmonary Ward,Surgical Critical Care,1
Pulmonary Ward,Exit,79
Surgical Ward,Endoscopy Suite,23
Surgical Ward,Medical Ward,2
Surgical Ward,Medical/Surgical Ward,2
Surgical Ward,Neurology Ward,2
Surgical Ward,Operating Room/Suite,134
Surgical Ward,Surgical Ward,28
Surgical Ward,Medical Cardiac Critical Care,2
Surgical Ward,Medical Critical Care,3
Surgical Ward,Neurologic Critical Care,1
Surgical Ward,Surgical Cardiothoracic Critical Care,1
Surgical Ward,Surgical Critical Care,8
Surgical Ward,ONC General Hematology/Oncology Ward,6
Surgical Ward,Exit,511
"Labor, Delivery, Recovery, Postpartum Suite (LDRP)",Operating Room/Suite,2
"Labor, Delivery, Recovery, Postpartum Suite (LDRP)",Postpartum Ward,402
"Labor, Delivery, Recovery, Postpartum Suite (LDRP)","Labor, Delivery, Recovery, Postpartum Suite (LDRP)",75
"Labor, Delivery, Recovery, Postpartum Suite (LDRP)",Neurologic Critical Care,1
"Labor, Delivery, Recovery, Postpartum Suite (LDRP)",Pediatric Cardiothoracic Critical Care,1
"Labor, Delivery, Recovery, Postpartum Suite (LDRP)",Pediatric Medical/Surgical Critical Care,1
"Labor, Delivery, Recovery, Postpartum Suite (LDRP)",Surgical Critical Care,2
"Labor, Delivery, Recovery, Postpartum Suite (LDRP)",ONC Pediatric General Hematology/Oncology Ward,1
"Labor, Delivery, Recovery, Postpartum Suite (LDRP)",Adult Mixed Acuity Unit,1
"Labor, Delivery, Recovery, Postpartum Suite (LDRP)",Neonatal Critical Care (Level IV),19
"Labor, Delivery, Recovery, Postpartum Suite (LDRP)",Exit,55
Medical Cardiac Critical Care,Adult Step Down Unit (post-critical care),3
Medical Cardiac Critical Care,Medical Ward,69
Medical Cardiac Critical Care,Medical/Surgical Ward,2
Medical Cardiac Critical Care,Neurosurgical Ward,2
Medical Cardiac Critical Care,Operating Room/Suite,17
Medical Cardiac Critical Care,Pulmonary Ward,7
Medical Cardiac Critical Care,Surgical Ward,2
Medical Cardiac Critical Care,Medical Cardiac Critical Care,4
Medical Cardiac Critical Care,Medical Critical Care,1
Medical Cardiac Critical Care,Surgical Cardiothoracic Critical Care,1
Medical Cardiac Critical Care,Surgical Critical Care,1
Medical Cardiac Critical Care,ONC General Hematology/Oncology Ward,5
Medical Cardiac Critical Care,Exit,24
Medical Critical Care,Medical Ward,27
Medical Critical Care,Medical/Surgical Ward,1
Medical Critical Care,Neurosurgical Ward,1
Medical Critical Care,Operating Room/Suite,11
Medical Critical Care,Pulmonary Ward,6
Medical Critical Care,Surgical Ward,2
Medical Critical Care,"Labor, Delivery, Recovery, Postpartum Suite (LDRP)",1
Medical Critical Care,Medical Cardiac Critical Care,1
Medical Critical Care,Medical Critical Care,2
Medical Critical Care,Pediatric Medical/Surgical Critical Care,1
Medical Critical Care,ONC General Hematology/Oncology Ward,3
Medical Critical Care,Adult Mixed Acuity Unit,11
Medical Critical Care,Exit,20
Neurologic Critical Care,Medical Ward,12
Neurologic Critical Care,Medical/Surgical Ward,1
Neurologic Critical Care,Neurology Ward,14
Neurologic Critical Care,Neurosurgical Ward,66
Neurologic Critical Care,Operating Room/Suite,20
Neurologic Critical Care,Pulmonary Ward,2
Neurologic Critical Care,Surgical Ward,5
Neurologic Critical Care,Neurologic Critical Care,4
Neurologic Critical Care,Surgical Cardiothoracic Critical Care,1
Neurologic Critical Care,ONC General Hematology/Oncology Ward,4
Neurologic Critical Care,Exit,47
Pediatric Cardiothoracic Critical Care,Pediatric Medical Ward,6
Pediatric Cardiothoracic Critical Care,Operating Room/Suite,16
Pediatric Cardiothoracic Critical Care,Postpartum Ward,1
Pediatric Cardiothoracic Critical Care,Pediatric Cardiothoracic Critical Care,23
Pediatric Cardiothoracic Critical Care,Pediatric Medical/Surgical Critical Care,1
Pediatric Cardiothoracic Critical Care,Pediatric Step Down Unit (post-critical care),35
Pediatric Cardiothoracic Critical Care,ONC Pediatric Hematopoietic Stem Cell Transplant Ward,1
Pediatric Cardiothoracic Critical Care,Neonatal Critical Care (Level IV),3
Pediatric Cardiothoracic Critical Care,Exit,9
Pediatric Medical/Surgical Critical Care,Pediatric Medical Ward,36
Pediatric Medical/Surgical Critical Care,Medical Ward,3
Pediatric Medical/Surgical Critical Care,Operating Room/Suite,14
Pediatric Medical/Surgical Critical Care,Postpartum Ward,2
Pediatric Medical/Surgical Critical Care,Pediatric Cardiothoracic Critical Care,1
Pediatric Medical/Surgical Critical Care,Pediatric Medical/Surgical Critical Care,23
Pediatric Medical/Surgical Critical Care,Pediatric Step Down Unit (post-critical care),3
Pediatric Medical/Surgical Critical Care,ONC Pediatric Hematopoietic Stem Cell Transplant Ward,2
Pediatric Medical/Surgical Critical Care,ONC Pediatric General Hematology/Oncology Ward,32
Pediatric Medical/Surgical Critical Care,Neonatal Critical Care (Level IV),1
Pediatric Medical/Surgical Critical Care,Exit,13
Pediatric Step Down Unit (post-critical care),Pediatric Medical Ward,3
Pediatric Step Down Unit (post-critical care),Operating Room/Suite,9
Pediatric Step Down Unit (post-critical care),Pediatric Cardiothoracic Critical Care,6
Pediatric Step Down Unit (post-critical care),Pediatric Medical/Surgical Critical Care,2
Pediatric Step Down Unit (post-critical care),Pediatric Step Down Unit (post-critical care),12
Pediatric Step Down Unit (post-critical care),Exit,54
Step down Neonatal Nursery (Level II),Operating Room/Suite,1
Step down Neonatal Nursery (Level II),Step down Neonatal Nursery (Level II),3
Step down Neonatal Nursery (Level II),Neonatal Critical Care (Level IV),20
Step down Neonatal Nursery (Level II),Exit,15
Surgical Cardiothoracic Critical Care,Adult Step Down Unit (post-critical care),49
Surgical Cardiothoracic Critical Care,Medical Ward,8
Surgical Cardiothoracic Critical Care,Medical/Surgical Ward,129
Surgical Cardiothoracic Critical Care,Operating Room/Suite,57
Surgical Cardiothoracic Critical Care,Pulmonary Ward,3
Surgical Cardiothoracic Critical Care,Surgical Ward,1
Surgical Cardiothoracic Critical Care,Medical Cardiac Critical Care,4
Surgical Cardiothoracic Critical Care,Surgical Cardiothoracic Critical Care,2
Surgical Cardiothoracic Critical Care,Surgical Critical Care,1
Surgical Cardiothoracic Critical Care,ONC General Hematology/Oncology Ward,1
Surgical Cardiothoracic Critical Care,Adult Mixed Acuity Unit,1
Surgical Cardiothoracic Critical Care,Exit,11
Surgical Critical Care,Adult Step Down Unit (post-critical care),2
Surgical Critical Care,Medical Ward,13
Surgical Critical Care,Medical/Surgical Ward,18
Surgical Critical Care,Neurology Ward,5
Surgical Critical Care,Neurosurgical Ward,1
Surgical Critical Care,Operating Room/Suite,49
Surgical Critical Care,Pulmonary Ward,6
Surgical Critical Care,Surgical Ward,44
Surgical Critical Care,"Labor, Delivery, Recovery, Postpartum Suite (LDRP)",1
Surgical Critical Care,Medical Critical Care,1
Surgical Critical Care,Neurologic Critical Care,4
Surgical Critical Care,Pediatric Medical/Surgical Critical Care,1
Surgical Critical Care,Surgical Cardiothoracic Critical Care,1
Surgical Critical Care,Surgical Critical Care,3
Surgical Critical Care,ONC Hematopoietic Stem Cell Transplant Ward,1
Surgical Critical Care,ONC General Hematology/Oncology Ward,13
Surgical Critical Care,Adult Mixed Acuity Unit,2
Surgical Critical Care,Exit,11
ONC Hematopoietic Stem Cell Transplant Ward,Endoscopy Suite,7
ONC Hematopoietic Stem Cell Transplant Ward,Operating Room/Suite,3
ONC Hematopoietic Stem Cell Transplant Ward,ONC Hematopoietic Stem Cell Transplant Ward,5
ONC Hematopoietic Stem Cell Transplant Ward,ONC General Hematology/Oncology Ward,4
ONC Hematopoietic Stem Cell Transplant Ward,Exit,38
ONC General Hematology/Oncology Ward,Endoscopy Suite,29
ONC General Hematology/Oncology Ward,Medical Ward,1
ONC General Hematology/Oncology Ward,Medical/Surgical Ward,1
ONC General Hematology/Oncology Ward,Operating Room/Suite,55
ONC General Hematology/Oncology Ward,Pulmonary Ward,3
ONC General Hematology/Oncology Ward,Medical Cardiac Critical Care,4
ONC General Hematology/Oncology Ward,Medical Critical Care,2
ONC General Hematology/Oncology Ward,Neurologic Critical Care,3
ONC General Hematology/Oncology Ward,Surgical Cardiothoracic Critical Care,1
ONC General Hematology/Oncology Ward,Surgical Critical Care,7
ONC General Hematology/Oncology Ward,ONC General Hematology/Oncology Ward,19
ONC General Hematology/Oncology Ward,Exit,481
ONC Pediatric Hematopoietic Stem Cell Transplant Ward,Operating Room/Suite,5
ONC Pediatric Hematopoietic Stem Cell Transplant Ward,Pediatric Cardiothoracic Critical Care,1
ONC Pediatric Hematopoietic Stem Cell Transplant Ward,ONC Pediatric Hematopoietic Stem Cell Transplant Ward,3
ONC Pediatric Hematopoietic Stem Cell Transplant Ward,Exit,29
ONC Pediatric General Hematology/Oncology Ward,Pediatric Medical Ward,1
ONC Pediatric General Hematology/Oncology Ward,Operating Room/Suite,20
ONC Pediatric General Hematology/Oncology Ward,Neurologic Critical Care,1
ONC Pediatric General Hematology/Oncology Ward,Pediatric Medical/Surgical Critical Care,5
ONC Pediatric General Hematology/Oncology Ward,Pediatric Step Down Unit (post-critical care),1
ONC Pediatric General Hematology/Oncology Ward,ONC Pediatric General Hematology/Oncology Ward,9
ONC Pediatric General Hematology/Oncology Ward,Adult Mixed Acuity Unit,1
ONC Pediatric General Hematology/Oncology Ward,Exit,199
Adult Mixed Acuity Unit,Medical Ward,11
Adult Mixed Acuity Unit,Medical/Surgical Ward,1
Adult Mixed Acuity Unit,Neurology Ward,1
Adult Mixed Acuity Unit,Neurosurgical Ward,2
Adult Mixed Acuity Unit,Operating Room/Suite,2
Adult Mixed Acuity Unit,Pulmonary Ward,1
Adult Mixed Acuity Unit,Medical Critical Care,12
Adult Mixed Acuity Unit,ONC General Hematology/Oncology Ward,2
Adult Mixed Acuity Unit,Adult Mixed Acuity Unit,3
Adult Mixed Acuity Unit,Exit,81
Neonatal Critical Care (Level IV),Pediatric Medical Ward,2
Neonatal Critical Care (Level IV),Operating Room/Suite,7
Neonatal Critical Care (Level IV),Postpartum Ward,12
Neonatal Critical Care (Level IV),Pediatric Cardiothoracic Critical Care,3
Neonatal Critical Care (Level IV),Pediatric Medical/Surgical Critical Care,3
Neonatal Critical Care (Level IV),Step down Neonatal Nursery (Level II),34
Neonatal Critical Care (Level IV),ONC Pediatric General Hematology/Oncology Ward,7
Neonatal Critical Care (Level IV),Neonatal Critical Care (Level IV),143
Neonatal Critical Care (Level IV),Exit,55
