source,destination,count
Entry,24-Hour Observation Area,110
Entry,Adult Step Down Unit (post-critical care),40
Entry,Ambulatory Surgery Center,531
Entry,Emergency Department,6180
Entry,Endoscopy Suite,11
Entry,Pediatric Medical Ward,44
Entry,Medical Ward,225
Entry,Medical/Surgical Ward,125
Entry,Neurology Ward,31
Entry,Neurosurgical Ward,44
Entry,Operating Room/Suite,1642
Entry,Pediatric Surgical Ward,4
Entry,Postpartum Ward,160
Entry,Pulmonary Ward,30
Entry,Surgical Ward,59
Entry,"Labor, Delivery, Recovery, Postpartum Suite (LDRP)",481
Entry,Medical Cardiac Critical Care,33
Entry,Medical Critical Care,19
Entry,Neurologic Critical Care,19
Entry,Pediatric Cardiothoracic Critical Care,15
Entry,Pediatric Medical/Surgical Critical Care,24
Entry,Pediatric Step Down Unit (post-critical care),22
Entry,Surgical Cardiothoracic Critical Care,11
Entry,Surgical Critical Care,5
Entry,ONC Leukemia/Lymphoma Ward,48
Entry,ONC Hematopoietic Stem Cell Transplant Ward,33
Entry,ONC General Hematology/Oncology Ward,61
Entry,ONC Pediatric Hematopoietic Stem Cell Transplant Ward,20
Entry,ONC Pediatric General Hematology/Oncology Ward,21
Entry,Adult Mixed Acuity Unit,11
Entry,Neonatal Critical Care (Level IV),50
24-Hour Observation Area,24-Hour Observation Area,13
24-Hour Observation Area,Medical Ward,11
24-Hour Observation Area,Neurology Ward,1
24-Hour Observation Area,Operating Room/Suite,8
24-Hour Observation Area,Surgical Ward,16
24-Hour Observation Area,ONC General Hematology/Oncology Ward,9
24-Hour Observation Area,Exit,357
Adult Step Down Unit (post-critical care),Adult Step Down Unit (post-critical care),1
Adult Step Down Unit (post-critical care),Endoscopy Suite,10
Adult Step Down Unit (post-critical care),Medical Ward,2
Adult Step Down Unit (post-critical care),Medical/Surgical Ward,2
Adult Step Down Unit (post-critical care),Operating Room/Suite,47
Adult Step Down Unit (post-critical care),Pulmonary Ward,1
Adult Step Down Unit (post-critical care),Surgical Ward,2
Adult Step Down Unit (post-critical care),Medical Cardiac Critical Care,1
Adult Step Down Unit (post-critical care),Surgical Cardiothoracic Critical Care,3
Adult Step Down Unit (post-critical care),Exit,103
Ambulatory Surgery Center,Exit,531
Emergency Department,Adult Step Down Unit (post-critical care),34
Emergency Department,Emergency Department,13044
Emergency Department,Endoscopy Suite,11
Emergency Department,Pediatric Medical Ward,119
Emergency Department,Medical Ward,470
Emergency Department,Medical/Surgical Ward,163
Emergency Department,Neurology Ward,65
Emergency Department,Neurosurgical Ward,89
Emergency Department,Operating Room/Suite,108
Emergency Department,Pediatric Surgical Ward,19
Emergency Department,Pulmonary Ward,66
Emergency Department,Surgical Ward,176
Emergency Department,"Labor, Delivery, Recovery, Postpartum Suite (LDRP)",1
Emergency Department,Medical Cardiac Critical Care,46
Emergency Department,Medical Critical Care,37
Emergency Department,Neurologic Critical Care,51
Emergency Department,Pediatric Cardiothoracic Critical Care,4
Emergency Department,Pediatric Medical/Surgical Critical Care,30
Emergency Department,Pediatric Step Down Unit (post-critical care),14
Emergency Department,Surgical Cardiothoracic Critical Care,13
Emergency Department,Surgical Critical Care,37
Emergency Department,ONC Leukemia/Lymphoma Ward,14
Emergency Department,ONC Hematopoietic Stem Cell Transplant Ward,19
Emergency Department,ONC General Hematology/Oncology Ward,160
Emergency Department,ONC Pediatric Hematopoietic Stem Cell Transplant Ward,17
Emergency Department,ONC Pediatric General Hematology/Oncology Ward,35
Emergency Department,Adult Mixed Acuity Unit,88
Emergency Department,Exit,4398
Endoscopy Suite,Adult Step Down Unit (post-critical care),10
Endoscopy Suite,Emergency Department,10
Endoscopy Suite,Medical Ward,44
Endoscopy Suite,Medical/Surgical Ward,32
Endoscopy Suite,Neurology Ward,2
Endoscopy Suite,Neurosurgical Ward,4
Endoscopy Suite,Pulmonary Ward,14
Endoscopy Suite,Surgical Ward,14
Endoscopy Suite,ONC Leukemia/Lymphoma Ward,4
Endoscopy Suite,ONC Hematopoietic Stem Cell Transplant Ward,4
Endoscopy Suite,ONC General Hematology/Oncology Ward,16
Endoscopy Suite,Adult Mixed Acuity Unit,4
Endoscopy Suite,Exit,11
Pediatric Medical Ward,Pediatric Medical Ward,19
Pediatric Medical Ward,Medical Ward,1
Pediatric Medical Ward,Operating Room/Suite,36
Pediatric Medical Ward,Pediatric Surgical Ward,9
Pediatric Medical Ward,Surgical Ward,1
Pediatric Medical Ward,Pediatric Cardiothoracic Critical Care,2
Pediatric Medical Ward,Pediatric Medical/Surgical Critical Care,4
Pediatric Medical Ward,Pediatric Step Down Unit (post-critical care),2
Pediatric Medical Ward,ONC Pediatric Hematopoietic Stem Cell Transplant Ward,2
Pediatric Medical Ward,ONC Pediatric General Hematology/Oncology Ward,1
Pediatric Medical Ward,Exit,260
Medical Ward,Adult Step Down Unit (post-critical care),1
Medical Ward,Endoscopy Suite,44
Medical Ward,Medical Ward,49
Medical Ward,Neurology Ward,1
Medical Ward,Neurosurgical Ward,1
Medical Ward,Operating Room/Suite,94
Medical Ward,Pulmonary Ward,2
Medical Ward,Medical Cardiac Critical Care,31
Medical Ward,Medical Critical Care,13
Medical Ward,Neurologic Critical Care,5
Medical Ward,Surgical Cardiothoracic Critical Care,2
Medical Ward,Surgical Critical Care,5
Medical Ward,ONC Leukemia/Lymphoma Ward,3
Medical Ward,ONC General Hematology/Oncology Ward,6
Medical Ward,Adult Mixed Acuity Unit,4
Medical Ward,Exit,785
Medical/Surgical Ward,Endoscopy Suite,32
Medical/Surgical Ward,Medical Ward,5
Medical/Surgical Ward,Medical/Surgical Ward,49
Medical/Surgical Ward,Neurosurgical Ward,2
Medical/Surgical Ward,Operating Room/Suite,131
Medical/Surgical Ward,Pulmonary Ward,5
Medical/Surgical Ward,Surgical Ward,17
Medical/Surgical Ward,Medical Cardiac Critical Care,3
Medical/Surgical Ward,Medical Critical Care,4
Medical/Surgical Ward,Surgical Cardiothoracic Critical Care,7
Medical/Surgical Ward,Surgical Critical Care,4
Medical/Surgical Ward,ONC Leukemia/Lymphoma Ward,1
Medical/Surgical Ward,ONC General Hematology/Oncology Ward,7
Medical/Surgical Ward,Exit,419
Neurology Ward,Endoscopy Suite,2
Neurology Ward,Neurology Ward,6
Neurology Ward,Operating Room/Suite,35
Neurology Ward,Surgical Ward,3
Neurology Ward,Medical Cardiac Critical Care,2
Neurology Ward,Medical Critical Care,1
Neurology Ward,Neurologic Critical Care,5
Neurology Ward,Surgical Critical Care,1
Neurology Ward,ONC General Hematology/Oncology Ward,3
Neurology Ward,Adult Mixed Acuity Unit,1
Neurology Ward,Exit,161
Neurosurgical Ward,Endoscopy Suite,4
Neurosurgical Ward,Medical Ward,1
Neurosurgical Ward,Neurosurgical Ward,3
Neurosurgical Ward,Operating Room/Suite,47
Neurosurgical Ward,Surgical Ward,1
Neurosurgical Ward,Medical Cardiac Critical Care,1
Neurosurgical Ward,Neurologic Critical Care,6
Neurosurgical Ward,ONC General Hematology/Oncology Ward,1
Neurosurgical Ward,Adult Mixed Acuity Unit,1
Neurosurgical Ward,Exit,194
Operating Room/Suite,24-Hour Observation Area,277
Operating Room/Suite,Adult Step Down Unit (post-critical care),29
Operating Room/Suite,Emergency Department,1
Operating Room/Suite,Pediatric Medical Ward,69
Operating Room/Suite,Medical Ward,77
Operating Room/Suite,Medical/Surgical Ward,141
Operating Room/Suite,Neurology Ward,76
Operating Room/Suite,Neurosurgical Ward,61
Operating Room/Suite,Operating Room/Suite,197
Operating Room/Suite,Pediatric Surgical Ward,48
Operating Room/Suite,Postpartum Ward,3
Operating Room/Suite,Pulmonary Ward,10
Operating Room/Suite,Surgical Ward,273
Operating Room/Suite,"Labor, Delivery, Recovery, Postpartum Suite (LDRP)",1
Operating Room/Suite,Medical Cardiac Critical Care,15
Operating Room/Suite,Medical Critical Care,14
Operating Room/Suite,Neurologic Critical Care,85
Operating Room/Suite,Pediatric Cardiothoracic Critical Care,26
Operating Room/Suite,Pediatric Medical/Surgical Critical Care,31
Operating Room/Suite,Pediatric Step Down Unit (post-critical care),2
Operating Room/Suite,Surgical Cardiothoracic Critical Care,221
Operating Room/Suite,Surgical Critical Care,107
Operating Room/Suite,ONC Leukemia/Lymphoma Ward,3
Operating Room/Suite,ONC Hematopoietic Stem Cell Transplant Ward,3
Operating Room/Suite,ONC General Hematology/Oncology Ward,135
Operating Room/Suite,ONC Pediatric Hematopoietic Stem Cell Transplant Ward,14
Operating Room/Suite,ONC Pediatric General Hematology/Oncology Ward,5
Operating Room/Suite,Adult Mixed Acuity Unit,3
Operating Room/Suite,Neonatal Critical Care (Level IV),7
Operating Room/Suite,Exit,844
Pediatric Surgical Ward,Pediatric Medical Ward,1
Pediatric Surgical Ward,Operating Room/Suite,19
Pediatric Surgical Ward,Pediatric Surgical Ward,2
Pediatric Surgical Ward,Pediatric Medical/Surgical Critical Care,1
Pediatric Surgical Ward,Exit,66
Postpartum Ward,Pediatric Medical Ward,2
Postpartum Ward,Operating Room/Suite,1
Postpartum Ward,Pediatric Surgical Ward,1
Postpartum Ward,Postpartum Ward,36
Postpartum Ward,Surgical Ward,1
Postpartum Ward,"Labor, Delivery, Recovery, Postpartum Suite (LDRP)",16
Postpartum Ward,Medical Critical Care,1
Postpartum Ward,ONC General Hematology/Oncology Ward,1
Postpartum Ward,ONC Pediatric General Hematology/Oncology Ward,1
Postpartum Ward,Adult Mixed Acuity Unit,1
Postpartum Ward,Neonatal Critical Care (Level IV),15
Postpartum Ward,Exit,552
Pulmonary Ward,Endoscopy Suite,13
Pulmonary Ward,Medical Ward,6
Pulmonary Ward,Operating Room/Suite,8
Pulmonary Ward,Pulmonary Ward,9
Pulmonary Ward,Surgical Ward,1
Pulmonary Ward,Medical Cardiac Critical Care,1
Pulmonary Ward,Medical Critical Care,7
Pulmonary Ward,Neurologic Critical Care,2
Pulmonary Ward,Surgical Cardiothoracic Critical Care,1
Pulmonary Ward,Exit,103
Surgical Ward,Endoscopy Suite,13
Surgical Ward,Medical Ward,2
Surgical Ward,Neurology Ward,1
Surgical Ward,Operating Room/Suite,116
Surgical Ward,Surgical Ward,23
Surgical Ward,Medical Cardiac Critical Care,4
Surgical Ward,Medical Critical Care,1
Surgical Ward,Neurologic Critical Care,1
Surgical Ward,Surgical Critical Care,4
Surgical Ward,ONC General Hematology/Oncology Ward,5
Surgical Ward,Exit,466
"Labor, Delivery, Recovery, Postpartum Suite (LDRP)",Pediatric Medical Ward,1
"Labor, Delivery, Recovery, Postpartum Suite (LDRP)",Medical Ward,2
"Labor, Delivery, Recovery, Postpartum Suite (LDRP)",Operating Room/Suite,1
"Labor, Delivery, Recovery, Postpartum Suite (LDRP)",Postpartum Ward,410
"Labor, Delivery, Recovery, Postpartum Suite (LDRP)","Labor, Delivery, Recovery, Postpartum Suite (LDRP)",81
"Labor, Delivery, Recovery, Postpartum Suite (LDRP)",Medical Cardiac Critical Care,1
"Labor, Delivery, Recovery, Postpartum Suite (LDRP)",Neonatal Critical Care (Level IV),20
"Labor, Delivery, Recovery, Postpartum Suite (LDRP)",Exit,69
Medical Cardiac Critical Care,Adult Step Down Unit (post-critical care),3
Medical Cardiac Critical Care,Medical Ward,71
Medical Cardiac Critical Care,Medical/Surgical Ward,2
Medical Cardiac Critical Care,Operating Room/Suite,18
Medical Cardiac Critical Care,Pulmonary Ward,1
Medical Cardiac Critical Care,"Labor, Delivery, Recovery, Postpartum Suite (LDRP)",1
Medical Cardiac Critical Care,Medical Cardiac Critical Care,1
Medical Cardiac Critical Care,Medical Critical Care,1
Medical Cardiac Critical Care,Neurologic Critical Care,1
Medical Cardiac Critical Care,Surgical Cardiothoracic Critical Care,1
Medical Cardiac Critical Care,ONC Leukemia/Lymphoma Ward,1
Medical Cardiac Critical Care,ONC General Hematology/Oncology Ward,4
Medical Cardiac Critical Care,Adult Mixed Acuity Unit,3
Medical Cardiac Critical Care,Exit,38
Medical Critical Care,Medical Ward,32
Medical Critical Care,Medical/Surgical Ward,1
Medical Critical Care,Operating Room/Suite,13
Medical Critical Care,Postpartum Ward,1
Medical Critical Care,Pulmonary Ward,10
Medical Critical Care,Surgical Ward,1
Medical Critical Care,"Labor, Delivery, Recovery, Postpartum Suite (LDRP)",1
Medical Critical Care,Medical Critical Care,6
Medical Critical Care,Surgical Critical Care,1
Medical Critical Care,ONC Leukemia/Lymphoma Ward,6
Medical Critical Care,ONC General Hematology/Oncology Ward,4
Medical Critical Care,Adult Mixed Acuity Unit,16
Medical Critical Care,Exit,33
Neurologic Critical Care,Medical Ward,11
Neurologic Critical Care,Neurology Ward,29
Neurologic Critical Care,Neurosurgical Ward,49
Neurologic Critical Care,Operating Room/Suite,25
Neurologic Critical Care,Surgical Ward,1
Neurologic Critical Care,Medical Cardiac Critical Care,1
Neurologic Critical Care,Medical Critical Care,1
Neurologic Critical Care,Neurologic Critical Care,1
Neurologic Critical Care,Surgical Critical Care,2
Neurologic Critical Care,ONC Leukemia/Lymphoma Ward,1
Neurologic Critical Care,ONC General Hematology/Oncology Ward,9
Neurologic Critical Care,Adult Mixed Acuity Unit,1
Neurologic Critical Care,Exit,54
Pediatric Cardiothoracic Critical Care,Pediatric Medical Ward,3
Pediatric Cardiothoracic Critical Care,Operating Room/Suite,14
Pediatric Cardiothoracic Critical Care,Postpartum Ward,1
Pediatric Cardiothoracic Critical Care,Pediatric Cardiothoracic Critical Care,32
Pediatric Cardiothoracic Critical Care,Pediatric Medical/Surgical Critical Care,2
Pediatric Cardiothoracic Critical Care,Pediatric Step Down Unit (post-critical care),30
Pediatric Cardiothoracic Critical Care,Exit,7
Pediatric Medical/Surgical Critical Care,Pediatric Medical Ward,40
Pediatric Medical/Surgical Critical Care,Operating Room/Suite,6
Pediatric Medical/Surgical Critical Care,Pediatric Surgical Ward,14
Pediatric Medical/Surgical Critical Care,Pediatric Medical/Surgical Critical Care,25
Pediatric Medical/Surgical Critical Care,Pediatric Step Down Unit (post-critical care),11
Pediatric Medical/Surgical Critical Care,ONC Pediatric Hematopoietic Stem Cell Transplant Ward,9
Pediatric Medical/Surgical Critical Care,ONC Pediatric General Hematology/Oncology Ward,9
Pediatric Medical/Surgical Critical Care,Neonatal Critical Care (Level IV),1
Pediatric Medical/Surgical Critical Care,Exit,16
Pediatric Step Down Unit (post-critical care),Pediatric Medical Ward,6
Pediatric Step Down Unit (post-critical care),Medical Ward,1
Pediatric Step Down Unit (post-critical care),Operating Room/Suite,4
Pediatric Step Down Unit (post-critical care),Pediatric Cardiothoracic Critical Care,4
Pediatric Step Down Unit (post-critical care),Pediatric Medical/Surgical Critical Care,6
Pediatric Step Down Unit (post-critical care),Pediatric Step Down Unit (post-critical care),13
Pediatric Step Down Unit (post-critical care),Exit,57
Step down Neonatal Nursery (Level II),Step down Neonatal Nursery (Level II),5
Step down Neonatal Nursery (Level II),ONC Pediatric Hematopoietic Stem Cell Transplant Ward,1
Step down Neonatal Nursery (Level II),Neonatal Critical Care (Level IV),13
Step down Neonatal Nursery (Level II),Exit,11
Surgical Cardiothoracic Critical Care,Adult Step Down Unit (post-critical care),51
Surgical Cardiothoracic Critical Care,Medical Ward,4
Surgical Cardiothoracic Critical Care,Medical/Surgical Ward,129
Surgical Cardiothoracic Critical Care,Operating Room/Suite,57
Surgical Cardiothoracic Critical Care,Pediatric Surgical Ward,1
Surgical Cardiothoracic Critical Care,Pulmonary Ward,2
Surgical Cardiothoracic Critical Care,Medical Cardiac Critical Care,2
Surgical Cardiothoracic Critical Care,Medical Critical Care,1
Surgical Cardiothoracic Critical Care,Neurologic Critical Care,1
Surgical Cardiothoracic Critical Care,Surgical Cardiothoracic Critical Care,4
Surgical Cardiothoracic Critical Care,Exit,11
Surgical Critical Care,Adult Step Down Unit (post-critical care),1
Surgical Critical Care,Medical Ward,13
Surgical Critical Care,Medical/Surgical Ward,11
Surgical Critical Care,Neurology Ward,6
Surgical Critical Care,Operating Room/Suite,66
Surgical Critical Care,Postpartum Ward,2
Surgical Critical Care,Pulmonary Ward,1
Surgical Critical Care,Surgical Ward,37
Surgical Critical Care,Medical Cardiac Critical Care,2
Surgical Critical Care,Medical Critical Care,1
Surgical Critical Care,Neurologic Critical Care,2
Surgical Critical Care,Surgical Cardiothoracic Critical Care,3
Surgical Critical Care,Surgical Critical Care,2
Surgical Critical Care,ONC Leukemia/Lymphoma Ward,1
Surgical Critical Care,ONC General Hematology/Oncology Ward,5
Surgical Critical Care,Adult Mixed Acuity Unit,5
Surgical Critical Care,Exit,14
ONC Leukemia/Lymphoma Ward,Endoscopy Suite,4
ONC Leukemia/Lymphoma Ward,Operating Room/Suite,2
ONC Leukemia/Lymphoma Ward,Medical Cardiac Critical Care,1
ONC Leukemia/Lymphoma Ward,Medical Critical Care,6
ONC Leukemia/Lymphoma Ward,Neurologic Critical Care,2
ONC Leukemia/Lymphoma Ward,Surgical Critical Care,1
ONC Leukemia/Lymphoma Ward,ONC Leukemia/Lymphoma Ward,4
ONC Leukemia/Lymphoma Ward,Exit,71
ONC Hematopoietic Stem Cell Transplant Ward,Endoscopy Suite,4
ONC Hematopoietic Stem Cell Transplant Ward,Medical/Surgical Ward,1
ONC Hematopoietic Stem Cell Transplant Ward,Operating Room/Suite,4
ONC Hematopoietic Stem Cell Transplant Ward,Medical Critical Care,1
ONC Hematopoietic Stem Cell Transplant Ward,ONC Leukemia/Lymphoma Ward,2
ONC Hematopoietic Stem Cell Transplant Ward,ONC Hematopoietic Stem Cell Transplant Ward,7
ONC Hematopoietic Stem Cell Transplant Ward,Exit,47
ONC General Hematology/Oncology Ward,Endoscopy Suite,16
ONC General Hematology/Oncology Ward,Pediatric Medical Ward,1
ONC General Hematology/Oncology Ward,Medical/Surgical Ward,1
ONC General Hematology/Oncology Ward,Operating Room/Suite,43
ONC General Hematology/Oncology Ward,Medical Cardiac Critical Care,4
ONC General Hematology/Oncology Ward,Medical Critical Care,4
ONC General Hematology/Oncology Ward,Neurologic Critical Care,2
ONC General Hematology/Oncology Ward,ONC Leukemia/Lymphoma Ward,1
ONC General Hematology/Oncology Ward,ONC General Hematology/Oncology Ward,38
ONC General Hematology/Oncology Ward,Exit,365
ONC Pediatric Hematopoietic Stem Cell Transplant Ward,Operating Room/Suite,12
ONC Pediatric Hematopoietic Stem Cell Transplant Ward,Pediatric Medical/Surgical Critical Care,1
ONC Pediatric Hematopoietic Stem Cell Transplant Ward,ONC Pediatric Hematopoietic Stem Cell Transplant Ward,12
ONC Pediatric Hematopoietic Stem Cell Transplant Ward,Exit,52
ONC Pediatric General Hematology/Oncology Ward,Pediatric Medical Ward,20
ONC Pediatric General Hematology/Oncology Ward,Medical Ward,2
ONC Pediatric General Hematology/Oncology Ward,Operating Room/Suite,4
ONC Pediatric General Hematology/Oncology Ward,Pediatric Medical/Surgical Critical Care,3
ONC Pediatric General Hematology/Oncology Ward,ONC Pediatric General Hematology/Oncology Ward,8
ONC Pediatric General Hematology/Oncology Ward,Exit,64
Adult Mixed Acuity Unit,Endoscopy Suite,4
Adult Mixed Acuity Unit,Medical Ward,11
Adult Mixed Acuity Unit,Medical/Surgical Ward,4
Adult Mixed Acuity Unit,Neurology Ward,1
Adult Mixed Acuity Unit,Neurosurgical Ward,1
Adult Mixed Acuity Unit,Operating Room/Suite,3
Adult Mixed Acuity Unit,Pulmonary Ward,1
Adult Mixed Acuity Unit,Surgical Ward,2
Adult Mixed Acuity Unit,Medical Critical Care,11
Adult Mixed Acuity Unit,Surgical Critical Care,3
Adult Mixed Acuity Unit,ONC General Hematology/Oncology Ward,2
Adult Mixed Acuity Unit,Adult Mixed Acuity Unit,8
Adult Mixed Acuity Unit,Exit,96
Neonatal Critical Care (Level IV),Pediatric Medical Ward,6
Neonatal Critical Care (Level IV),Operating Room/Suite,8
Neonatal Critical Care (Level IV),Postpartum Ward,10
Neonatal Critical Care (Level IV),"Labor, Delivery, Recovery, Postpartum Suite (LDRP)",1
Neonatal Critical Care (Level IV),Pediatric Cardiothoracic Critical Care,1
Neonatal Critical Care (Level IV),Pediatric Medical/Surgical Critical Care,1
Neonatal Critical Care (Level IV),Pediatric Step Down Unit (post-critical care),1
Neonatal Critical Care (Level IV),Step down Neonatal Nursery (Level II),26
Neonatal Critical Care (Level IV),ONC Pediatric Hematopoietic Stem Cell Transplant Ward,5
Neonatal Critical Care (Level IV),ONC Pediatric General Hematology/Oncology Ward,1
Neonatal Critical Care (Level IV),Neonatal Critical Care (Level IV),222
Neonatal Critical Care (Level IV),Exit,50
