source,destination,count
Entry,24-Hour Observation Area,106
Entry,Adult Step Down Unit (post-critical care),30
Entry,Ambulatory Surgery Center,547
Entry,Emergency Department,5422
Entry,Endoscopy Suite,2
Entry,Behavioral Health/Psych Ward,37
Entry,Pediatric Medical Ward,37
Entry,Medical Ward,197
Entry,Medical/Surgical Ward,114
Entry,Neurology Ward,34
Entry,Neurosurgical Ward,34
Entry,Operating Room/Suite,1489
Entry,Postpartum Ward,132
Entry,Pulmonary Ward,17
Entry,Surgical Ward,61
Entry,"Labor, Delivery, Recovery, Postpartum Suite (LDRP)",419
Entry,Medical Cardiac Critical Care,19
Entry,Medical Critical Care,14
Entry,Neurologic Critical Care,13
Entry,Pediatric Cardiothoracic Critical Care,15
Entry,Pediatric Medical/Surgical Critical Care,12
Entry,Pediatric Step Down Unit (post-critical care),18
Entry,Step down Neonatal Nursery (Level II),1
Entry,Surgical Cardiothoracic Critical Care,9
Entry,Surgical Critical Care,9
Entry,ONC Hematopoietic Stem Cell Transplant Ward,24
Entry,ONC General Hematology/Oncology Ward,131
Entry,ONC Pediatric Hematopoietic Stem Cell Transplant Ward,5
Entry,ONC Pediatric General Hematology/Oncology Ward,63
Entry,Adult Mixed Acuity Unit,22
Entry,Neonatal Critical Care (Level IV),65
24-Hour Observation Area,24-Hour Observation Area,7
24-Hour Observation Area,Medical Ward,4
24-Hour Observation Area,Medical/Surgical Ward,1
24-Hour Observation Area,Neurosurgical Ward,1
24-Hour Observation Area,Operating Room/Suite,8
24-Hour Observation Area,Surgical Ward,6
24-Hour Observation Area,Medical Cardiac Critical Care,2
24-Hour Observation Area,ONC General Hematology/Oncology Ward,1
24-Hour Observation Area,Exit,257
Adult Step Down Unit (post-critical care),Adult Step Down Unit (post-critical care),1
Adult Step Down Unit (post-critical care),Endoscopy Suite,8
Adult Step Down Unit (post-critical care),Medical Ward,2
Adult Step Down Unit (post-critical care),Medical/Surgical Ward,1
Adult Step Down Unit (post-critical care),Operating Room/Suite,36
Adult Step Down Unit (post-critical care),Postpartum Ward,1
Adult Step Down Unit (post-critical care),Medical Cardiac Critical Care,1
Adult Step Down Unit (post-critical care),Medical Critical Care,1
Adult Step Down Unit (post-critical care),Surgical Cardiothoracic Critical Care,11
Adult Step Down Unit (post-critical care),Exit,71
Ambulatory Surgery Center,Exit,547
Emergency Department,Adult Step Down Unit (post-critical care),17
Emergency Department,Emergency Department,12168
Emergency Department,Endoscopy Suite,11
Emergency Department,Pediatric Medical Ward,68
Emergency Department,Medical Ward,471
Emergency Department,Medical/Surgical Ward,145
Emergency Department,Neurology Ward,73
Emergency Department,Neurosurgical Ward,71
Emergency Department,Operating Room/Suite,88
Emergency Department,Postpartum Ward,1
Emergency Department,Pulmonary Ward,34
Emergency Department,Surgical Ward,179
Emergency Department,Medical Cardiac Critical Care,53
Emergency Department,Medical Critical Care,33
Emergency Department,Neurologic Critical Care,60
Emergency Department,Pediatric Cardiothoracic Critical Care,1
Emergency Department,Pediatric Medical/Surgical Critical Care,34
Emergency Department,Pediatric Step Down Unit (post-critical care),6
Emergency Department,Surgical Cardiothoracic Critical Care,9
Emergency Department,Surgical Critical Care,41
Emergency Department,ONC Hematopoietic Stem Cell Transplant Ward,12
Emergency Department,ONC General Hematology/Oncology Ward,190
Emergency Department,ONC Pediatric General Hematology/Oncology Ward,80
Emergency Department,Adult Mixed Acuity Unit,79
Emergency Department,Exit,3689
Endoscopy Suite,Adult Step Down Unit (post-critical care),8
Endoscopy Suite,Emergency Department,9
Endoscopy Suite,Medical Ward,44
Endoscopy Suite,Medical/Surgical Ward,29
Endoscopy Suite,Neurology Ward,4
Endoscopy Suite,Neurosurgical Ward,1
Endoscopy Suite,Pulmonary Ward,19
Endoscopy Suite,Surgical Ward,22
Endoscopy Suite,Surgical Critical Care,1
Endoscopy Suite,ONC Hematopoietic Stem Cell Transplant Ward,4
Endoscopy Suite,ONC General Hematology/Oncology Ward,22
Endoscopy Suite,ONC Pediatric General Hematology/Oncology Ward,2
Endoscopy Suite,Exit,2
Behavioral Health/Psych Ward,Behavioral Health/Psych Ward,5
Behavioral Health/Psych Ward,Exit,36
Pediatric Medical Ward,Emergency Department,5
Pediatric Medical Ward,Pediatric Medical Ward,10
Pediatric Medical Ward,Operating Room/Suite,40
Pediatric Medical Ward,Surgical Ward,1
Pediatric Medical Ward,Pediatric Cardiothoracic Critical Care,2
Pediatric Medical Ward,Pediatric Medical/Surgical Critical Care,9
Pediatric Medical Ward,ONC Pediatric General Hematology/Oncology Ward,1
Pediatric Medical Ward,Exit,182
Medical Ward,Adult Step Down Unit (post-critical care),1
Medical Ward,Emergency Department,11
Medical Ward,Endoscopy Suite,42
Medical Ward,Medical Ward,62
Medical Ward,Medical/Surgical Ward,3
Medical Ward,Operating Room/Suite,75
Medical Ward,Pulmonary Ward,6
Medical Ward,Surgical Ward,1
Medical Ward,Medical Cardiac Critical Care,31
Medical Ward,Medical Critical Care,11
Medical Ward,Neurologic Critical Care,4
Medical Ward,Pediatric Medical/Surgical Critical Care,1
Medical Ward,Surgical Cardiothoracic Critical Care,6
Medical Ward,Surgical Critical Care,12
Medical Ward,ONC General Hematology/Oncology Ward,4
Medical Ward,Adult Mixed Acuity Unit,2
Medical Ward,Exit,727
Medical/Surgical Ward,Emergency Department,2
Medical/Surgical Ward,Endoscopy Suite,29
Medical/Surgical Ward,Medical Ward,18
Medical/Surgical Ward,Medical/Surgical Ward,30
Medical/Surgical Ward,Neurology Ward,1
Medical/Surgical Ward,Operating Room/Suite,131
Medical/Surgical Ward,Pulmonary Ward,4
Medical/Surgical Ward,Surgical Ward,10
Medical/Surgical Ward,Medical Cardiac Critical Care,3
Medical/Surgical Ward,Medical Critical Care,6
Medical/Surgical Ward,Neurologic Critical Care,1
Medical/Surgical Ward,Pediatric Medical/Surgical Critical Care,1
Medical/Surgical Ward,Surgical Cardiothoracic Critical Care,20
Medical/Surgical Ward,Surgical Critical Care,4
Medical/Surgical Ward,ONC General Hematology/Oncology Ward,9
Medical/Surgical Ward,Adult Mixed Acuity Unit,6
Medical/Surgical Ward,Exit,321
Neurology Ward,Emergency Department,4
Neurology Ward,Endoscopy Suite,4
Neurology Ward,Medical Ward,2
Neurology Ward,Neurology Ward,12
Neurology Ward,Neurosurgical Ward,2
Neurology Ward,Operating Room/Suite,17
Neurology Ward,Surgical Ward,1
Neurology Ward,Medical Cardiac Critical Care,2
Neurology Ward,Neurologic Critical Care,2
Neurology Ward,ONC General Hematology/Oncology Ward,1
Neurology Ward,Exit,145
Neurosurgical Ward,Emergency Department,3
Neurosurgical Ward,Endoscopy Suite,1
Neurosurgical Ward,Neurosurgical Ward,2
Neurosurgical Ward,Operating Room/Suite,39
Neurosurgical Ward,Neurologic Critical Care,6
Neurosurgical Ward,Exit,185
Operating Room/Suite,24-Hour Observation Area,174
Operating Room/Suite,Adult Step Down Unit (post-critical care),31
Operating Room/Suite,Emergency Department,1
Operating Room/Suite,Pediatric Medical Ward,94
Operating Room/Suite,Medical Ward,53
Operating Room/Suite,Medical/Surgical Ward,117
Operating Room/Suite,Neurology Ward,56
Operating Room/Suite,Neurosurgical Ward,51
Operating Room/Suite,Operating Room/Suite,181
Operating Room/Suite,Pulmonary Ward,8
Operating Room/Suite,Surgical Ward,256
Operating Room/Suite,"Labor, Delivery, Recovery, Postpartum Suite (LDRP)",3
Operating Room/Suite,Medical Cardiac Critical Care,5
Operating Room/Suite,Medical Critical Care,7
Operating Room/Suite,Neurologic Critical Care,66
Operating Room/Suite,Pediatric Cardiothoracic Critical Care,20
Operating Room/Suite,Pediatric Medical/Surgical Critical Care,26
Operating Room/Suite,Pediatric Step Down Unit (post-critical care),4
Operating Room/Suite,Surgical Cardiothoracic Critical Care,214
Operating Room/Suite,Surgical Critical Care,62
Operating Room/Suite,ONC Hematopoietic Stem Cell Transplant Ward,1
Operating Room/Suite,ONC General Hematology/Oncology Ward,145
Operating Room/Suite,ONC Pediatric Hematopoietic Stem Cell Transplant Ward,12
Operating Room/Suite,ONC Pediatric General Hematology/Oncology Ward,16
Operating Room/Suite,Adult Mixed Acuity Unit,5
Operating Room/Suite,Neonatal Critical Care (Level IV),17
Operating Room/Suite,Exit,848
Postpartum Ward,Pediatric Medical Ward,1
Postpartum Ward,Postpartum Ward,24
Postpartum Ward,"Labor, Delivery, Recovery, Postpartum Suite (LDRP)",27
Postpartum Ward,Pediatric Medical/Surgical Critical Care,4
Postpartum Ward,ONC Pediatric General Hematology/Oncology Ward,3
Postpartum Ward,Neonatal Critical Care (Level IV),12
Postpartum Ward,Exit,467
Pulmonary Ward,Emergency Department,2
Pulmonary Ward,Endoscopy Suite,19
Pulmonary Ward,Medical Ward,13
Pulmonary Ward,Operating Room/Suite,7
Pulmonary Ward,Pulmonary Ward,16
Pulmonary Ward,Medical Cardiac Critical Care,5
Pulmonary Ward,Medical Critical Care,1
Pulmonary Ward,Neurologic Critical Care,5
Pulmonary Ward,Surgical Critical Care,3
Pulmonary Ward,Exit,57
Surgical Ward,Adult Step Down Unit (post-critical care),1
Surgical Ward,Emergency Department,10
Surgical Ward,Endoscopy Suite,23
Surgical Ward,Medical Ward,2
Surgical Ward,Medical/Surgical Ward,1
Surgical Ward,Operating Room/Suite,114
Surgical Ward,Pulmonary Ward,2
Surgical Ward,Surgical Ward,50
Surgical Ward,Medical Cardiac Critical Care,5
Surgical Ward,Medical Critical Care,1
Surgical Ward,Neurologic Critical Care,1
Surgical Ward,Surgical Cardiothoracic Critical Care,2
Surgical Ward,Surgical Critical Care,5
Surgical Ward,ONC General Hematology/Oncology Ward,5
Surgical Ward,Exit,414
"Labor, Delivery, Recovery, Postpartum Suite (LDRP)",Pediatric Medical Ward,1
"Labor, Delivery, Recovery, Postpartum Suite (LDRP)",Operating Room/Suite,2
"Labor, Delivery, Recovery, Postpartum Suite (LDRP)",Postpartum Ward,361
"Labor, Delivery, Recovery, Postpartum Suite (LDRP)","Labor, Delivery, Recovery, Postpartum Suite (LDRP)",61
"Labor, Delivery, Recovery, Postpartum Suite (LDRP)",Neurologic Critical Care,1
"Labor, Delivery, Recovery, Postpartum Suite (LDRP)",Pediatric Cardiothoracic Critical Care,2
"Labor, Delivery, Recovery, Postpartum Suite (LDRP)",Pediatric Medical/Surgical Critical Care,2
"Labor, Delivery, Recovery, Postpartum Suite (LDRP)",Surgical Critical Care,3
"Labor, Delivery, Recovery, Postpartum Suite (LDRP)",ONC General Hematology/Oncology Ward,1
"Labor, Delivery, Recovery, Postpartum Suite (LDRP)",ONC Pediatric General Hematology/Oncology Ward,1
"Labor, Delivery, Recovery, Postpartum Suite (LDRP)",Adult Mixed Acuity Unit,1
"Labor, Delivery, Recovery, Postpartum Suite (LDRP)",Neonatal Critical Care (Level IV),8
"Labor, Delivery, Recovery, Postpartum Suite (LDRP)",Exit,72
Medical Cardiac Critical Care,Adult Step Down Unit (post-critical care),1
Medical Cardiac Critical Care,Pediatric Medical Ward,1
Medical Cardiac Critical Care,Medical Ward,80
Medical Cardiac Critical Care,Medical/Surgical Ward,2
Medical Cardiac Critical Care,Neurosurgical Ward,1
Medical Cardiac Critical Care,Operating Room/Suite,10
Medical Cardiac Critical Care,Pulmonary Ward,6
Medical Cardiac Critical Care,Surgical Ward,2
Medical Cardiac Critical Care,"Labor, Delivery, Recovery, Postpartum Suite (LDRP)",1
Medical Cardiac Critical Care,Medical Cardiac Critical Care,2
Medical Cardiac Critical Care,Surgical Cardiothoracic Critical Care,3
Medical Cardiac Critical Care,Surgical Critical Care,1
Medical Cardiac Critical Care,ONC Hematopoietic Stem Cell Transplant Ward,3
Medical Cardiac Critical Care,ONC General Hematology/Oncology Ward,3
Medical Cardiac Critical Care,Exit,29
Medical Critical Care,Emergency Department,3
Medical Critical Care,Pediatric Medical Ward,1
Medical Critical Care,Medical Ward,27
Medical Critical Care,Medical/Surgical Ward,3
Medical Critical Care,Operating Room/Suite,7
Medical Critical Care,Pulmonary Ward,6
Medical Critical Care,"Labor, Delivery, Recovery, Postpartum Suite (LDRP)",1
Medical Critical Care,Medical Cardiac Critical Care,2
Medical Critical Care,Medical Critical Care,17
Medical Critical Care,Pediatric Medical/Surgical Critical Care,1
Medical Critical Care,Surgical Cardiothoracic Critical Care,1
Medical Critical Care,ONC Hematopoietic Stem Cell Transplant Ward,1
Medical Critical Care,ONC General Hematology/Oncology Ward,5
Medical Critical Care,Adult Mixed Acuity Unit,9
Medical Critical Care,Exit,32
Neurologic Critical Care,Adult Step Down Unit (post-critical care),1
Neurologic Critical Care,Emergency Department,1
Neurologic Critical Care,Medical Ward,8
Neurologic Critical Care,Medical/Surgical Ward,3
Neurologic Critical Care,Neurology Ward,9
Neurologic Critical Care,Neurosurgical Ward,68
Neurologic Critical Care,Operating Room/Suite,15
Neurologic Critical Care,Pulmonary Ward,3
Neurologic Critical Care,Surgical Ward,7
Neurologic Critical Care,Medical Cardiac Critical Care,2
Neurologic Critical Care,Medical Critical Care,1
Neurologic Critical Care,Neurologic Critical Care,2
Neurologic Critical Care,Surgical Critical Care,2
Neurologic Critical Care,ONC General Hematology/Oncology Ward,6
Neurologic Critical Care,Exit,41
Pediatric Cardiothoracic Critical Care,Pediatric Medical Ward,4
Pediatric Cardiothoracic Critical Care,Operating Room/Suite,10
Pediatric Cardiothoracic Critical Care,Pediatric Cardiothoracic Critical Care,18
Pediatric Cardiothoracic Critical Care,Pediatric Step Down Unit (post-critical care),23
Pediatric Cardiothoracic Critical Care,Neonatal Critical Care (Level IV),1
Pediatric Cardiothoracic Critical Care,Exit,13
Pediatric Medical/Surgical Critical Care,Pediatric Medical Ward,34
Pediatric Medical/Surgical Critical Care,Medical Ward,2
Pediatric Medical/Surgical Critical Care,Medical/Surgical Ward,1
Pediatric Medical/Surgical Critical Care,Neurosurgical Ward,1
Pediatric Medical/Surgical Critical Care,Operating Room/Suite,12
Pediatric Medical/Surgical Critical Care,Postpartum Ward,4
Pediatric Medical/Surgical Critical Care,Surgical Ward,1
Pediatric Medical/Surgical Critical Care,Pediatric Cardiothoracic Critical Care,2
Pediatric Medical/Surgical Critical Care,Pediatric Medical/Surgical Critical Care,18
Pediatric Medical/Surgical Critical Care,Pediatric Step Down Unit (post-critical care),2
Pediatric Medical/Surgical Critical Care,Surgical Cardiothoracic Critical Care,1
Pediatric Medical/Surgical Critical Care,ONC Pediatric Hematopoietic Stem Cell Transplant Ward,3
Pediatric Medical/Surgical Critical Care,ONC Pediatric General Hematology/Oncology Ward,33
Pediatric Medical/Surgical Critical Care,Neonatal Critical Care (Level IV),1
Pediatric Medical/Surgical Critical Care,Exit,16
Pediatric Step Down Unit (post-critical care),Operating Room/Suite,4
Pediatric Step Down Unit (post-critical care),Pediatric Cardiothoracic Critical Care,7
Pediatric Step Down Unit (post-critical care),Pediatric Medical/Surgical Critical Care,1
Pediatric Step Down Unit (post-critical care),Pediatric Step Down Unit (post-critical care),9
Pediatric Step Down Unit (post-critical care),Exit,46
Step down Neonatal Nursery (Level II),Pediatric Step Down Unit (post-critical care),1
Step down Neonatal Nursery (Level II),Step down Neonatal Nursery (Level II),8
Step down Neonatal Nursery (Level II),Neonatal Critical Care (Level IV),16
Step down Neonatal Nursery (Level II),Exit,15
Surgical Cardiothoracic Critical Care,Adult Step Down Unit (post-critical care),39
Surgical Cardiothoracic Critical Care,Endoscopy Suite,1
Surgical Cardiothoracic Critical Care,Medical Ward,7
Surgical Cardiothoracic Critical Care,Medical/Surgical Ward,139
Surgical Cardiothoracic Critical Care,Neurology Ward,1
Surgical Cardiothoracic Critical Care,Operating Room/Suite,67
Surgical Cardiothoracic Critical Care,Pulmonary Ward,1
Surgical Cardiothoracic Critical Care,Surgical Ward,8
Surgical Cardiothoracic Critical Care,Medical Cardiac Critical Care,4
Surgical Cardiothoracic Critical Care,Surgical Cardiothoracic Critical Care,5
Surgical Cardiothoracic Critical Care,Surgical Critical Care,1
Surgical Cardiothoracic Critical Care,ONC Hematopoietic Stem Cell Transplant Ward,1
Surgical Cardiothoracic Critical Care,ONC General Hematology/Oncology Ward,4
Surgical Cardiothoracic Critical Care,Exit,16
Surgical Critical Care,Emergency Department,2
Surgical Critical Care,Endoscopy Suite,1
Surgical Critical Care,Medical Ward,17
Surgical Critical Care,Medical/Surgical Ward,12
Surgical Critical Care,Neurosurgical Ward,2
Surgical Critical Care,Operating Room/Suite,33
Surgical Critical Care,Postpartum Ward,1
Surgical Critical Care,Pulmonary Ward,8
Surgical Critical Care,Surgical Ward,24
Surgical Critical Care,"Labor, Delivery, Recovery, Postpartum Suite (LDRP)",2
Surgical Critical Care,Medical Cardiac Critical Care,1
Surgical Critical Care,Medical Critical Care,3
Surgical Critical Care,Neurologic Critical Care,4
Surgical Critical Care,Pediatric Medical/Surgical Critical Care,2
Surgical Critical Care,Surgical Cardiothoracic Critical Care,4
Surgical Critical Care,Surgical Critical Care,20
Surgical Critical Care,ONC General Hematology/Oncology Ward,13
Surgical Critical Care,Adult Mixed Acuity Unit,4
Surgical Critical Care,Exit,21
ONC Hematopoietic Stem Cell Transplant Ward,Emergency Department,2
ONC Hematopoietic Stem Cell Transplant Ward,Endoscopy Suite,4
ONC Hematopoietic Stem Cell Transplant Ward,Operating Room/Suite,1
ONC Hematopoietic Stem Cell Transplant Ward,Medical Cardiac Critical Care,2
ONC Hematopoietic Stem Cell Transplant Ward,Medical Critical Care,1
ONC Hematopoietic Stem Cell Transplant Ward,Surgical Cardiothoracic Critical Care,1
ONC Hematopoietic Stem Cell Transplant Ward,ONC Hematopoietic Stem Cell Transplant Ward,9
ONC Hematopoietic Stem Cell Transplant Ward,ONC General Hematology/Oncology Ward,5
ONC Hematopoietic Stem Cell Transplant Ward,Exit,29
ONC General Hematology/Oncology Ward,Emergency Department,9
ONC General Hematology/Oncology Ward,Endoscopy Suite,21
ONC General Hematology/Oncology Ward,Medical Ward,3
ONC General Hematology/Oncology Ward,Neurosurgical Ward,2
ONC General Hematology/Oncology Ward,Operating Room/Suite,50
ONC General Hematology/Oncology Ward,Surgical Ward,4
ONC General Hematology/Oncology Ward,Medical Cardiac Critical Care,3
ONC General Hematology/Oncology Ward,Neurologic Critical Care,6
ONC General Hematology/Oncology Ward,Surgical Cardiothoracic Critical Care,4
ONC General Hematology/Oncology Ward,Surgical Critical Care,5
ONC General Hematology/Oncology Ward,ONC General Hematology/Oncology Ward,38
ONC General Hematology/Oncology Ward,Adult Mixed Acuity Unit,2
ONC General Hematology/Oncology Ward,Exit,438
ONC Pediatric Hematopoietic Stem Cell Transplant Ward,Operating Room/Suite,10
ONC Pediatric Hematopoietic Stem Cell Transplant Ward,Pediatric Medical/Surgical Critical Care,2
ONC Pediatric Hematopoietic Stem Cell Transplant Ward,ONC Pediatric Hematopoietic Stem Cell Transplant Ward,1
ONC Pediatric Hematopoietic Stem Cell Transplant Ward,Exit,9
ONC Pediatric General Hematology/Oncology Ward,Emergency Department,4
ONC Pediatric General Hematology/Oncology Ward,Endoscopy Suite,2
ONC Pediatric General Hematology/Oncology Ward,Pediatric Medical Ward,1
ONC Pediatric General Hematology/Oncology Ward,Medical/Surgical Ward,1
ONC Pediatric General Hematology/Oncology Ward,Operating Room/Suite,14
ONC Pediatric General Hematology/Oncology Ward,Postpartum Ward,1
ONC Pediatric General Hematology/Oncology Ward,Pediatric Medical/Surgical Critical Care,6
ONC Pediatric General Hematology/Oncology Ward,ONC Pediatric Hematopoietic Stem Cell Transplant Ward,1
ONC Pediatric General Hematology/Oncology Ward,ONC Pediatric General Hematology/Oncology Ward,12
ONC Pediatric General Hematology/Oncology Ward,Neonatal Critical Care (Level IV),2
ONC Pediatric General Hematology/Oncology Ward,Exit,171
Adult Mixed Acuity Unit,Emergency Department,1
Adult Mixed Acuity Unit,Medical Ward,11
Adult Mixed Acuity Unit,Medical/Surgical Ward,3
Adult Mixed Acuity Unit,Neurosurgical Ward,1
Adult Mixed Acuity Unit,Operating Room/Suite,8
Adult Mixed Acuity Unit,Surgical Ward,1
Adult Mixed Acuity Unit,"Labor, Delivery, Recovery, Postpartum Suite (LDRP)",1
Adult Mixed Acuity Unit,Medical Critical Care,14
Adult Mixed Acuity Unit,Surgical Critical Care,8
Adult Mixed Acuity Unit,ONC General Hematology/Oncology Ward,1
Adult Mixed Acuity Unit,Adult Mixed Acuity Unit,1
Adult Mixed Acuity Unit,Exit,80
Neonatal Critical Care (Level IV),Pediatric Medical Ward,4
Neonatal Critical Care (Level IV),Operating Room/Suite,17
Neonatal Critical Care (Level IV),Postpartum Ward,7
Neonatal Critical Care (Level IV),"Labor, Delivery, Recovery, Postpartum Suite (LDRP)",2
Neonatal Critical Care (Level IV),Pediatric Cardiothoracic Critical Care,4
Neonatal Critical Care (Level IV),Pediatric Medical/Surgical Critical Care,7
Neonatal Critical Care (Level IV),Step down Neonatal Nursery (Level II),30
Neonatal Critical Care (Level IV),ONC Pediatric General Hematology/Oncology Ward,8
Neonatal Critical Care (Level IV),Neonatal Critical Care (Level IV),132
Neonatal Critical Care (Level IV),Exit,41
