source,destination,count
Entry,24-Hour Observation Area,97
Entry,Adult Step Down Unit (post-critical care),42
Entry,Ambulatory Surgery Center,566
Entry,Emergency Department,6374
Entry,Endoscopy Suite,16
Entry,Behavioral Health/Psych Ward,38
Entry,Pediatric Medical Ward,75
Entry,Medical Ward,247
Entry,Medical/Surgical Ward,148
Entry,Neurology Ward,52
Entry,Neurosurgical Ward,52
Entry,Operating Room/Suite,1648
Entry,Postpartum Ward,164
Entry,Pulmonary Ward,34
Entry,Surgical Ward,78
Entry,"Labor, Delivery, Recovery, Postpartum Suite (LDRP)",421
Entry,Medical Cardiac Critical Care,45
Entry,Medical Critical Care,24
Entry,Neonatal Critical Care (Level III),45
Entry,Neurologic Critical Care,33
Entry,Pediatric Cardiothoracic Critical Care,13
Entry,Pediatric Medical/Surgical Critical Care,29
Entry,Pediatric Step Down Unit (post-critical care),11
Entry,Surgical Cardiothoracic Critical Care,11
Entry,Surgical Critical Care,20
Entry,ONC Hematopoietic Stem Cell Transplant Ward,37
Entry,ONC General Hematology/Oncology Ward,208
Entry,ONC Pediatric Hematopoietic Stem Cell Transplant Ward,14
Entry,ONC Pediatric General Hematology/Oncology Ward,91
24-Hour Observation Area,24-Hour Observation Area,6
24-Hour Observation Area,Medical Ward,3
24-Hour Observation Area,Neurology Ward,1
24-Hour Observation Area,Neurosurgical Ward,1
24-Hour Observation Area,Operating Room/Suite,12
24-Hour Observation Area,Surgical Ward,2
24-Hour Observation Area,Medical Cardiac Critical Care,2
24-Hour Observation Area,Medical Critical Care,1
24-Hour Observation Area,ONC General Hematology/Oncology Ward,3
24-Hour Observation Area,Exit,183
Adult Step Down Unit (post-critical care),Adult Step Down Unit (post-critical care),3
Adult Step Down Unit (post-critical care),Emergency Department,5
Adult Step Down Unit (post-critical care),Endoscopy Suite,5
Adult Step Down Unit (post-critical care),Medical Ward,8
Adult Step Down Unit (post-critical care),Medical/Surgical Ward,1
Adult Step Down Unit (post-critical care),Operating Room/Suite,35
Adult Step Down Unit (post-critical care),Pulmonary Ward,1
Adult Step Down Unit (post-critical care),Medical Cardiac Critical Care,2
Adult Step Down Unit (post-critical care),Medical Critical Care,1
Adult Step Down Unit (post-critical care),Surgical Cardiothoracic Critical Care,8
Adult Step Down Unit (post-critical care),ONC General Hematology/Oncology Ward,1
Adult Step Down Unit (post-critical care),Exit,90
Ambulatory Surgery Center,24-Hour Observation Area,1
Ambulatory Surgery Center,Surgical Ward,2
Ambulatory Surgery Center,ONC General Hematology/Oncology Ward,1
Ambulatory Surgery Center,Exit,563
Emergency Department,Adult Step Down Unit (post-critical care),17
Emergency Department,Emergency Department,14493
Emergency Department,Endoscopy Suite,11
Emergency Department,Pediatric Medical Ward,82
Emergency Department,Medical Ward,427
Emergency Department,Medical/Surgical Ward,108
Emergency Department,Neurology Ward,67
Emergency Department,Neurosurgical Ward,70
Emergency Department,Operating Room/Suite,69
Emergency Department,Postpartum Ward,1
Emergency Department,Pulmonary Ward,39
Emergency Department,Surgical Ward,173
Emergency Department,"Labor, Delivery, Recovery, Postpartum Suite (LDRP)",2
Emergency Department,Medical Cardiac Critical Care,56
Emergency Department,Medical Critical Care,49
Emergency Department,Neonatal Critical Care (Level III),1
Emergency Department,Neurologic Critical Care,33
Emergency Department,Pediatric Cardiothoracic Critical Care,1
Emergency Department,Pediatric Medical/Surgical Critical Care,18
Emergency Department,Pediatric Step Down Unit (post-critical care),18
Emergency Department,Surgical Cardiothoracic Critical Care,3
Emergency Department,Surgical Critical Care,19
Emergency Department,ONC Hematopoietic Stem Cell Transplant Ward,14
Emergency Department,ONC General Hematology/Oncology Ward,185
Emergency Department,ONC Pediatric General Hematology/Oncology Ward,51
Emergency Department,Exit,5136
Endoscopy Suite,Adult Step Down Unit (post-critical care),5
Endoscopy Suite,Emergency Department,10
Endoscopy Suite,Medical Ward,27
Endoscopy Suite,Medical/Surgical Ward,15
Endoscopy Suite,Neurology Ward,2
Endoscopy Suite,Neurosurgical Ward,1
Endoscopy Suite,Pulmonary Ward,12
Endoscopy Suite,Surgical Ward,5
Endoscopy Suite,ONC Hematopoietic Stem Cell Transplant Ward,3
Endoscopy Suite,ONC General Hematology/Oncology Ward,24
Endoscopy Suite,Exit,15
Behavioral Health/Psych Ward,Behavioral Health/Psych Ward,4
Behavioral Health/Psych Ward,Exit,37
Pediatric Medical Ward,Emergency Department,16
Pediatric Medical Ward,Pediatric Medical Ward,11
Pediatric Medical Ward,Operating Room/Suite,33
Pediatric Medical Ward,Surgical Ward,1
Pediatric Medical Ward,"Labor, Delivery, Recovery, Postpartum Suite (LDRP)",1
Pediatric Medical Ward,Pediatric Cardiothoracic Critical Care,4
Pediatric Medical Ward,Pediatric Medical/Surgical Critical Care,6
Pediatric Medical Ward,Pediatric Step Down Unit (post-critical care),9
Pediatric Medical Ward,ONC General Hematology/Oncology Ward,1
Pediatric Medical Ward,ONC Pediatric General Hematology/Oncology Ward,3
Pediatric Medical Ward,Exit,236
Medical Ward,24-Hour Observation Area,2
Medical Ward,Emergency Department,81
Medical Ward,Endoscopy Suite,28
Medical Ward,Medical Ward,80
Medical Ward,Medical/Surgical Ward,2
Medical Ward,Neurology Ward,2
Medical Ward,Neurosurgical Ward,2
Medical Ward,Operating Room/Suite,69
Medical Ward,Pulmonary Ward,7
Medical Ward,Medical Cardiac Critical Care,31
Medical Ward,Medical Critical Care,25
Medical Ward,Neurologic Critical Care,10
Medical Ward,Surgical Cardiothoracic Critical Care,4
Medical Ward,Surgical Critical Care,8
Medical Ward,ONC General Hematology/Oncology Ward,2
Medical Ward,Exit,732
Medical/Surgical Ward,Adult Step Down Unit (post-critical care),1
Medical/Surgical Ward,Emergency Department,17
Medical/Surgical Ward,Endoscopy Suite,16
Medical/Surgical Ward,Medical Ward,18
Medical/Surgical Ward,Medical/Surgical Ward,20
Medical/Surgical Ward,Operating Room/Suite,116
Medical/Surgical Ward,Pulmonary Ward,2
Medical/Surgical Ward,Surgical Ward,22
Medical/Surgical Ward,Medical Cardiac Critical Care,6
Medical/Surgical Ward,Medical Critical Care,2
Medical/Surgical Ward,Neurologic Critical Care,2
Medical/Surgical Ward,Surgical Cardiothoracic Critical Care,23
Medical/Surgical Ward,Surgical Critical Care,6
Medical/Surgical Ward,ONC General Hematology/Oncology Ward,6
Medical/Surgical Ward,Exit,293
Neurology Ward,Emergency Department,9
Neurology Ward,Endoscopy Suite,2
Neurology Ward,Medical Ward,3
Neurology Ward,Neurology Ward,34
Neurology Ward,Operating Room/Suite,26
Neurology Ward,Pulmonary Ward,1
Neurology Ward,Medical Critical Care,2
Neurology Ward,Neurologic Critical Care,6
Neurology Ward,Surgical Critical Care,5
Neurology Ward,ONC General Hematology/Oncology Ward,3
Neurology Ward,Exit,180
Neurosurgical Ward,Emergency Department,14
Neurosurgical Ward,Endoscopy Suite,1
Neurosurgical Ward,Medical Ward,1
Neurosurgical Ward,Medical/Surgical Ward,1
Neurosurgical Ward,Neurosurgical Ward,4
Neurosurgical Ward,Operating Room/Suite,53
Neurosurgical Ward,Pulmonary Ward,1
Neurosurgical Ward,Surgical Ward,3
Neurosurgical Ward,Neurologic Critical Care,10
Neurosurgical Ward,Surgical Cardiothoracic Critical Care,1
Neurosurgical Ward,ONC General Hematology/Oncology Ward,2
Neurosurgical Ward,Exit,159
Operating Room/Suite,24-Hour Observation Area,107
Operating Room/Suite,Adult Step Down Unit (post-critical care),27
Operating Room/Suite,Ambulatory Surgery Center,1
Operating Room/Suite,Emergency Department,2
Operating Room/Suite,Pediatric Medical Ward,95
Operating Room/Suite,Medical Ward,49
Operating Room/Suite,Medical/Surgical Ward,105
Operating Room/Suite,Neurology Ward,92
Operating Room/Suite,Neurosurgical Ward,51
Operating Room/Suite,Operating Room/Suite,121
Operating Room/Suite,Postpartum Ward,1
Operating Room/Suite,Pulmonary Ward,3
Operating Room/Suite,Surgical Ward,362
Operating Room/Suite,"Labor, Delivery, Recovery, Postpartum Suite (LDRP)",2
Operating Room/Suite,Medical Cardiac Critical Care,8
Operating Room/Suite,Medical Critical Care,8
Operating Room/Suite,Neonatal Critical Care (Level III),18
Operating Room/Suite,Neurologic Critical Care,73
Operating Room/Suite,Pediatric Cardiothoracic Critical Care,15
Operating Room/Suite,Pediatric Medical/Surgical Critical Care,36
Operating Room/Suite,Pediatric Step Down Unit (post-critical care),15
Operating Room/Suite,Surgical Cardiothoracic Critical Care,184
Operating Room/Suite,Surgical Critical Care,54
Operating Room/Suite,ONC Hematopoietic Stem Cell Transplant Ward,8
Operating Room/Suite,ONC General Hematology/Oncology Ward,139
Operating Room/Suite,ONC Pediatric Hematopoietic Stem Cell Transplant Ward,14
Operating Room/Suite,ONC Pediatric General Hematology/Oncology Ward,22
Operating Room/Suite,Exit,867
Postpartum Ward,Emergency Department,1
Postpartum Ward,Pediatric Medical Ward,2
Postpartum Ward,Medical Ward,2
Postpartum Ward,Postpartum Ward,36
Postpartum Ward,Surgical Ward,1
Postpartum Ward,"Labor, Delivery, Recovery, Postpartum Suite (LDRP)",69
Postpartum Ward,Medical Critical Care,1
Postpartum Ward,Neonatal Critical Care (Level III),6
Postpartum Ward,ONC General Hematology/Oncology Ward,1
Postpartum Ward,ONC Pediatric General Hematology/Oncology Ward,1
Postpartum Ward,Exit,453
Pulmonary Ward,Emergency Department,5
Pulmonary Ward,Endoscopy Suite,11
Pulmonary Ward,Medical Ward,5
Pulmonary Ward,Neurosurgical Ward,1
Pulmonary Ward,Operating Room/Suite,4
Pulmonary Ward,Pulmonary Ward,10
Pulmonary Ward,Medical Cardiac Critical Care,1
Pulmonary Ward,Medical Critical Care,8
Pulmonary Ward,Surgical Critical Care,1
Pulmonary Ward,Exit,93
Surgical Ward,Emergency Department,47
Surgical Ward,Endoscopy Suite,5
Surgical Ward,Medical Ward,8
Surgical Ward,Neurology Ward,2
Surgical Ward,Neurosurgical Ward,2
Surgical Ward,Operating Room/Suite,105
Surgical Ward,Pulmonary Ward,1
Surgical Ward,Surgical Ward,32
Surgical Ward,Medical Critical Care,2
Surgical Ward,Surgical Critical Care,20
Surgical Ward,ONC General Hematology/Oncology Ward,4
Surgical Ward,Exit,506
"Labor, Delivery, Recovery, Postpartum Suite (LDRP)",Emergency Department,1
"Labor, Delivery, Recovery, Postpartum Suite (LDRP)",Medical Ward,1
"Labor, Delivery, Recovery, Postpartum Suite (LDRP)",Operating Room/Suite,1
"Labor, Delivery, Recovery, Postpartum Suite (LDRP)",Postpartum Ward,363
"Labor, Delivery, Recovery, Postpartum Suite (LDRP)","Labor, Delivery, Recovery, Postpartum Suite (LDRP)",62
"Labor, Delivery, Recovery, Postpartum Suite (LDRP)",Neonatal Critical Care (Level III),16
"Labor, Delivery, Recovery, Postpartum Suite (LDRP)",Pediatric Cardiothoracic Critical Care,2
"Labor, Delivery, Recovery, Postpartum Suite (LDRP)",ONC Pediatric General Hematology/Oncology Ward,1
"Labor, Delivery, Recovery, Postpartum Suite (LDRP)",Exit,110
Medical Cardiac Critical Care,Adult Step Down Unit (post-critical care),10
Medical Cardiac Critical Care,Medical Ward,93
Medical Cardiac Critical Care,Medical/Surgical Ward,9
Medical Cardiac Critical Care,Operating Room/Suite,12
Medical Cardiac Critical Care,Pulmonary Ward,3
Medical Cardiac Critical Care,Surgical Ward,1
Medical Cardiac Critical Care,Medical Cardiac Critical Care,5
Medical Cardiac Critical Care,Medical Critical Care,2
Medical Cardiac Critical Care,Neurologic Critical Care,1
Medical Cardiac Critical Care,Surgical Cardiothoracic Critical Care,2
Medical Cardiac Critical Care,ONC General Hematology/Oncology Ward,1
Medical Cardiac Critical Care,Exit,24
Medical Critical Care,Adult Step Down Unit (post-critical care),1
Medical Critical Care,Emergency Department,1
Medical Critical Care,Medical Ward,51
Medical Critical Care,Medical/Surgical Ward,3
Medical Critical Care,Neurology Ward,1
Medical Critical Care,Operating Room/Suite,11
Medical Critical Care,Pulmonary Ward,17
Medical Critical Care,Surgical Ward,1
Medical Critical Care,Medical Critical Care,10
Medical Critical Care,Neurologic Critical Care,1
Medical Critical Care,Surgical Cardiothoracic Critical Care,2
Medical Critical Care,Surgical Critical Care,1
Medical Critical Care,ONC Hematopoietic Stem Cell Transplant Ward,3
Medical Critical Care,ONC General Hematology/Oncology Ward,10
Medical Critical Care,Exit,35
Neonatal Critical Care (Level III),Pediatric Medical Ward,1
Neonatal Critical Care (Level III),Operating Room/Suite,18
Neonatal Critical Care (Level III),Postpartum Ward,4
Neonatal Critical Care (Level III),"Labor, Delivery, Recovery, Postpartum Suite (LDRP)",3
Neonatal Critical Care (Level III),Neonatal Critical Care (Level III),192
Neonatal Critical Care (Level III),Pediatric Cardiothoracic Critical Care,2
Neonatal Critical Care (Level III),Pediatric Step Down Unit (post-critical care),1
Neonatal Critical Care (Level III),Step down Neonatal Nursery (Level II),38
Neonatal Critical Care (Level III),Exit,38
Neurologic Critical Care,Emergency Department,2
Neurologic Critical Care,Medical Ward,13
Neurologic Critical Care,Medical/Surgical Ward,1
Neurologic Critical Care,Neurology Ward,14
Neurologic Critical Care,Neurosurgical Ward,65
Neurologic Critical Care,Operating Room/Suite,10
Neurologic Critical Care,Surgical Ward,3
Neurologic Critical Care,Medical Cardiac Critical Care,1
Neurologic Critical Care,Medical Critical Care,1
Neurologic Critical Care,Neurologic Critical Care,3
Neurologic Critical Care,ONC General Hematology/Oncology Ward,5
Neurologic Critical Care,Exit,63
Pediatric Cardiothoracic Critical Care,Pediatric Medical Ward,8
Pediatric Cardiothoracic Critical Care,Operating Room/Suite,8
Pediatric Cardiothoracic Critical Care,Postpartum Ward,1
Pediatric Cardiothoracic Critical Care,Neonatal Critical Care (Level III),2
Pediatric Cardiothoracic Critical Care,Pediatric Cardiothoracic Critical Care,10
Pediatric Cardiothoracic Critical Care,Pediatric Medical/Surgical Critical Care,1
Pediatric Cardiothoracic Critical Care,Pediatric Step Down Unit (post-critical care),10
Pediatric Cardiothoracic Critical Care,Exit,8
Pediatric Medical/Surgical Critical Care,Pediatric Medical Ward,32
Pediatric Medical/Surgical Critical Care,Operating Room/Suite,9
Pediatric Medical/Surgical Critical Care,Pediatric Cardiothoracic Critical Care,2
Pediatric Medical/Surgical Critical Care,Pediatric Medical/Surgical Critical Care,16
Pediatric Medical/Surgical Critical Care,Pediatric Step Down Unit (post-critical care),11
Pediatric Medical/Surgical Critical Care,ONC Pediatric Hematopoietic Stem Cell Transplant Ward,2
Pediatric Medical/Surgical Critical Care,ONC Pediatric General Hematology/Oncology Ward,34
Pediatric Medical/Surgical Critical Care,Exit,23
Pediatric Step Down Unit (post-critical care),Emergency Department,2
Pediatric Step Down Unit (post-critical care),Pediatric Medical Ward,23
Pediatric Step Down Unit (post-critical care),Operating Room/Suite,8
Pediatric Step Down Unit (post-critical care),Pediatric Cardiothoracic Critical Care,1
Pediatric Step Down Unit (post-critical care),Pediatric Medical/Surgical Critical Care,5
Pediatric Step Down Unit (post-critical care),Pediatric Step Down Unit (post-critical care),7
Pediatric Step Down Unit (post-critical care),ONC General Hematology/Oncology Ward,1
Pediatric Step Down Unit (post-critical care),ONC Pediatric General Hematology/Oncology Ward,11
Pediatric Step Down Unit (post-critical care),Exit,25
Step down Neonatal Nursery (Level II),Neonatal Critical Care (Level III),23
Step down Neonatal Nursery (Level II),Step down Neonatal Nursery (Level II),5
Step down Neonatal Nursery (Level II),Exit,10
Surgical Cardiothoracic Critical Care,Adult Step Down Unit (post-critical care),49
Surgical Cardiothoracic Critical Care,Medical Ward,1
Surgical Cardiothoracic Critical Care,Medical/Surgical Ward,135
Surgical Cardiothoracic Critical Care,Operating Room/Suite,22
Surgical Cardiothoracic Critical Care,Pulmonary Ward,1
Surgical Cardiothoracic Critical Care,Medical Cardiac Critical Care,3
Surgical Cardiothoracic Critical Care,Medical Critical Care,4
Surgical Cardiothoracic Critical Care,Neurologic Critical Care,1
Surgical Cardiothoracic Critical Care,Pediatric Cardiothoracic Critical Care,1
Surgical Cardiothoracic Critical Care,Surgical Cardiothoracic Critical Care,25
Surgical Cardiothoracic Critical Care,Exit,26
Surgical Critical Care,Medical Ward,16
Surgical Critical Care,Medical/Surgical Ward,11
Surgical Critical Care,Neurology Ward,4
Surgical Critical Care,Neurosurgical Ward,3
Surgical Critical Care,Operating Room/Suite,9
Surgical Critical Care,Pulmonary Ward,3
Surgical Critical Care,Surgical Ward,45
Surgical Critical Care,Medical Critical Care,3
Surgical Critical Care,Surgical Critical Care,3
Surgical Critical Care,ONC General Hematology/Oncology Ward,15
Surgical Critical Care,Exit,33
ONC Hematopoietic Stem Cell Transplant Ward,Emergency Department,1
ONC Hematopoietic Stem Cell Transplant Ward,Endoscopy Suite,3
ONC Hematopoietic Stem Cell Transplant Ward,Neurosurgical Ward,1
ONC Hematopoietic Stem Cell Transplant Ward,Operating Room/Suite,10
ONC Hematopoietic Stem Cell Transplant Ward,Medical Critical Care,1
ONC Hematopoietic Stem Cell Transplant Ward,Neurologic Critical Care,1
ONC Hematopoietic Stem Cell Transplant Ward,ONC Hematopoietic Stem Cell Transplant Ward,5
ONC Hematopoietic Stem Cell Transplant Ward,ONC General Hematology/Oncology Ward,1
ONC Hematopoietic Stem Cell Transplant Ward,Exit,42
ONC General Hematology/Oncology Ward,Emergency Department,50
ONC General Hematology/Oncology Ward,Endoscopy Suite,22
ONC General Hematology/Oncology Ward,Medical Ward,1
ONC General Hematology/Oncology Ward,Neurosurgical Ward,1
ONC General Hematology/Oncology Ward,Operating Room/Suite,48
ONC General Hematology/Oncology Ward,Pulmonary Ward,2
ONC General Hematology/Oncology Ward,Medical Cardiac Critical Care,1
ONC General Hematology/Oncology Ward,Medical Critical Care,5
ONC General Hematology/Oncology Ward,Neurologic Critical Care,4
ONC General Hematology/Oncology Ward,Surgical Cardiothoracic Critical Care,1
ONC General Hematology/Oncology Ward,Surgical Critical Care,8
ONC General Hematology/Oncology Ward,ONC General Hematology/Oncology Ward,47
ONC General Hematology/Oncology Ward,ONC Pediatric General Hematology/Oncology Ward,1
ONC General Hematology/Oncology Ward,Exit,476
ONC Pediatric Hematopoietic Stem Cell Transplant Ward,Pediatric Medical Ward,1
ONC Pediatric Hematopoietic Stem Cell Transplant Ward,Operating Room/Suite,8
ONC Pediatric Hematopoietic Stem Cell Transplant Ward,Pediatric Medical/Surgical Critical Care,2
ONC Pediatric Hematopoietic Stem Cell Transplant Ward,ONC Pediatric General Hematology/Oncology Ward,1
ONC Pediatric Hematopoietic Stem Cell Transplant Ward,Exit,16
ONC Pediatric General Hematology/Oncology Ward,Emergency Department,10
ONC Pediatric General Hematology/Oncology Ward,Operating Room/Suite,17
ONC Pediatric General Hematology/Oncology Ward,Pediatric Medical/Surgical Critical Care,12
ONC Pediatric General Hematology/Oncology Ward,Pediatric Step Down Unit (post-critical care),2
ONC Pediatric General Hematology/Oncology Ward,ONC Pediatric Hematopoietic Stem Cell Transplant Ward,1
ONC Pediatric General Hematology/Oncology Ward,ONC Pediatric General Hematology/Oncology Ward,20
ONC Pediatric General Hematology/Oncology Ward,Exit,178
