source,destination,count
Entry,24-Hour Observation Area,105
Entry,Adult Step Down Unit (post-critical care),32
Entry,Ambulatory Surgery Center,600
Entry,Emergency Department,6746
Entry,Endoscopy Suite,15
Entry,Behavioral Health/Psych Ward,43
Entry,Pediatric Medical Ward,63
Entry,Medical Ward,276
Entry,Medical/Surgical Ward,121
Entry,Neurology Ward,51
Entry,Neurosurgical Ward,39
Entry,Operating Room/Suite,1646
Entry,Postpartum Ward,102
Entry,Pulmonary Ward,44
Entry,Surgical Ward,76
Entry,"Labor, Delivery, Recovery, Postpartum Suite (LDRP)",460
Entry,Medical Cardiac Critical Care,36
Entry,Medical Critical Care,32
Entry,Neonatal Critical Care (Level III),47
Entry,Neurologic Critical Care,26
Entry,Pediatric Cardiothoracic Critical Care,13
Entry,Pediatric Medical/Surgical Critical Care,31
Entry,Pediatric Step Down Unit (post-critical care),10
Entry,Surgical Cardiothoracic Critical Care,15
Entry,Surgical Critical Care,3
Entry,ONC Hematopoietic Stem Cell Transplant Ward,35
Entry,ONC General Hematology/Oncology Ward,161
Entry,ONC Pediatric Hematopoietic Stem Cell Transplant Ward,9
Entry,ONC Pediatric General Hematology/Oncology Ward,82
24-Hour Observation Area,24-Hour Observation Area,1
24-Hour Observation Area,Medical Ward,6
24-Hour Observation Area,Medical/Surgical Ward,3
24-Hour Observation Area,Operating Room/Suite,7
24-Hour Observation Area,Surgical Ward,1
24-Hour Observation Area,Surgical Critical Care,1
24-Hour Observation Area,ONC General Hematology/Oncology Ward,2
24-Hour Observation Area,Exit,200
Adult Step Down Unit (post-critical care),Adult Step Down Unit (post-critical care),5
Adult Step Down Unit (post-critical care),Endoscopy Suite,14
Adult Step Down Unit (post-critical care),Neurosurgical Ward,1
Adult Step Down Unit (post-critical care),Operating Room/Suite,35
Adult Step Down Unit (post-critical care),Surgical Ward,1
Adult Step Down Unit (post-critical care),Medical Critical Care,1
Adult Step Down Unit (post-critical care),Surgical Cardiothoracic Critical Care,6
Adult Step Down Unit (post-critical care),Surgical Critical Care,2
Adult Step Down Unit (post-critical care),ONC General Hematology/Oncology Ward,1
Adult Step Down Unit (post-critical care),Exit,87
Ambulatory Surgery Center,Medical/Surgical Ward,1
Ambulatory Surgery Center,Operating Room/Suite,3
Ambulatory Surgery Center,Exit,597
Emergency Department,Adult Step Down Unit (post-critical care),13
Emergency Department,Emergency Department,13795
Emergency Department,Endoscopy Suite,4
Emergency Department,Pediatric Medical Ward,75
Emergency Department,Medical Ward,483
Emergency Department,Medical/Surgical Ward,145
Emergency Department,Neurology Ward,86
Emergency Department,Neurosurgical Ward,88
Emergency Department,Operating Room/Suite,88
Emergency Department,Postpartum Ward,1
Emergency Department,Pulmonary Ward,71
Emergency Department,Surgical Ward,194
Emergency Department,"Labor, Delivery, Recovery, Postpartum Suite (LDRP)",2
Emergency Department,Medical Cardiac Critical Care,48
Emergency Department,Medical Critical Care,42
Emergency Department,Neurologic Critical Care,42
Emergency Department,Pediatric Medical/Surgical Critical Care,18
Emergency Department,Pediatric Step Down Unit (post-critical care),9
Emergency Department,Surgical Cardiothoracic Critical Care,2
Emergency Department,Surgical Critical Care,44
Emergency Department,ONC Hematopoietic Stem Cell Transplant Ward,7
Emergency Department,ONC General Hematology/Oncology Ward,221
Emergency Department,ONC Pediatric Hematopoietic Stem Cell Transplant Ward,2
Emergency Department,ONC Pediatric General Hematology/Oncology Ward,82
Emergency Department,Exit,4969
Endoscopy Suite,Adult Step Down Unit (post-critical care),14
Endoscopy Suite,Emergency Department,4
Endoscopy Suite,Medical Ward,55
Endoscopy Suite,Medical/Surgical Ward,27
Endoscopy Suite,Neurology Ward,3
Endoscopy Suite,Neurosurgical Ward,2
Endoscopy Suite,Operating Room/Suite,2
Endoscopy Suite,Postpartum Ward,1
Endoscopy Suite,Pulmonary Ward,18
Endoscopy Suite,Surgical Ward,19
Endoscopy Suite,ONC Hematopoietic Stem Cell Transplant Ward,4
Endoscopy Suite,ONC General Hematology/Oncology Ward,22
Endoscopy Suite,ONC Pediatric General Hematology/Oncology Ward,2
Endoscopy Suite,Exit,14
Behavioral Health/Psych Ward,Behavioral Health/Psych Ward,3
Behavioral Health/Psych Ward,Exit,43
Pediatric Medical Ward,Pediatric Medical Ward,11
Pediatric Medical Ward,Medical Ward,1
Pediatric Medical Ward,Operating Room/Suite,55
Pediatric Medical Ward,"Labor, Delivery, Recovery, Postpartum Suite (LDRP)",1
Pediatric Medical Ward,Pediatric Cardiothoracic Critical Care,1
Pediatric Medical Ward,Pediatric Medical/Surgical Critical Care,8
Pediatric Medical Ward,Pediatric Step Down Unit (post-critical care),2
Pediatric Medical Ward,ONC Pediatric General Hematology/Oncology Ward,1
Pediatric Medical Ward,Exit,238
Medical Ward,Emergency Department,1
Medical Ward,Endoscopy Suite,55
Medical Ward,Medical Ward,83
Medical Ward,Neurosurgical Ward,1
Medical Ward,Operating Room/Suite,99
Medical Ward,Pulmonary Ward,3
Medical Ward,Surgical Ward,2
Medical Ward,Medical Cardiac Critical Care,29
Medical Ward,Medical Critical Care,15
Medical Ward,Neurologic Critical Care,6
Medical Ward,Pediatric Medical/Surgical Critical Care,1
Medical Ward,Surgical Critical Care,7
Medical Ward,ONC Hematopoietic Stem Cell Transplant Ward,2
Medical Ward,ONC General Hematology/Oncology Ward,8
Medical Ward,ONC Pediatric General Hematology/Oncology Ward,1
Medical Ward,Exit,869
Medical/Surgical Ward,Adult Step Down Unit (post-critical care),1
Medical/Surgical Ward,Endoscopy Suite,27
Medical/Surgical Ward,Medical Ward,16
Medical/Surgical Ward,Medical/Surgical Ward,41
Medical/Surgical Ward,Operating Room/Suite,121
Medical/Surgical Ward,Pulmonary Ward,3
Medical/Surgical Ward,Surgical Ward,27
Medical/Surgical Ward,Medical Cardiac Critical Care,3
Medical/Surgical Ward,Medical Critical Care,1
Medical/Surgical Ward,Neurologic Critical Care,2
Medical/Surgical Ward,Surgical Cardiothoracic Critical Care,14
Medical/Surgical Ward,Surgical Critical Care,12
Medical/Surgical Ward,ONC General Hematology/Oncology Ward,11
Medical/Surgical Ward,Exit,370
Neurology Ward,Endoscopy Suite,3
Neurology Ward,Neurology Ward,12
Neurology Ward,Operating Room/Suite,31
Neurology Ward,Surgical Ward,2
Neurology Ward,Medical Cardiac Critical Care,1
Neurology Ward,Medical Critical Care,2
Neurology Ward,Neurologic Critical Care,4
Neurology Ward,ONC General Hematology/Oncology Ward,4
Neurology Ward,Exit,215
Neurosurgical Ward,Emergency Department,1
Neurosurgical Ward,Endoscopy Suite,2
Neurosurgical Ward,Medical Ward,2
Neurosurgical Ward,Medical/Surgical Ward,1
Neurosurgical Ward,Neurosurgical Ward,6
Neurosurgical Ward,Operating Room/Suite,59
Neurosurgical Ward,Medical Critical Care,1
Neurosurgical Ward,Neurologic Critical Care,8
Neurosurgical Ward,Exit,208
Operating Room/Suite,24-Hour Observation Area,122
Operating Room/Suite,Adult Step Down Unit (post-critical care),34
Operating Room/Suite,Emergency Department,1
Operating Room/Suite,Endoscopy Suite,1
Operating Room/Suite,Pediatric Medical Ward,102
Operating Room/Suite,Medical Ward,69
Operating Room/Suite,Medical/Surgical Ward,159
Operating Room/Suite,Neurology Ward,95
Operating Room/Suite,Neurosurgical Ward,62
Operating Room/Suite,Operating Room/Suite,118
Operating Room/Suite,Postpartum Ward,4
Operating Room/Suite,Pulmonary Ward,11
Operating Room/Suite,Surgical Ward,392
Operating Room/Suite,Medical Cardiac Critical Care,3
Operating Room/Suite,Medical Critical Care,9
Operating Room/Suite,Neonatal Critical Care (Level III),8
Operating Room/Suite,Neurologic Critical Care,81
Operating Room/Suite,Pediatric Cardiothoracic Critical Care,20
Operating Room/Suite,Pediatric Medical/Surgical Critical Care,24
Operating Room/Suite,Pediatric Step Down Unit (post-critical care),13
Operating Room/Suite,Surgical Cardiothoracic Critical Care,187
Operating Room/Suite,Surgical Critical Care,84
Operating Room/Suite,ONC Hematopoietic Stem Cell Transplant Ward,2
Operating Room/Suite,ONC General Hematology/Oncology Ward,173
Operating Room/Suite,ONC Pediatric Hematopoietic Stem Cell Transplant Ward,17
Operating Room/Suite,ONC Pediatric General Hematology/Oncology Ward,28
Operating Room/Suite,Exit,822
Postpartum Ward,Endoscopy Suite,1
Postpartum Ward,Medical Ward,1
Postpartum Ward,Operating Room/Suite,4
Postpartum Ward,Postpartum Ward,38
Postpartum Ward,"Labor, Delivery, Recovery, Postpartum Suite (LDRP)",18
Postpartum Ward,Neonatal Critical Care (Level III),10
Postpartum Ward,ONC General Hematology/Oncology Ward,1
Postpartum Ward,ONC Pediatric General Hematology/Oncology Ward,3
Postpartum Ward,Exit,499
Pulmonary Ward,Endoscopy Suite,18
Pulmonary Ward,Medical Ward,1
Pulmonary Ward,Operating Room/Suite,14
Pulmonary Ward,Pulmonary Ward,11
Pulmonary Ward,Medical Critical Care,7
Pulmonary Ward,Surgical Critical Care,1
Pulmonary Ward,Exit,135
Surgical Ward,Ambulatory Surgery Center,1
Surgical Ward,Emergency Department,4
Surgical Ward,Endoscopy Suite,19
Surgical Ward,Medical Ward,11
Surgical Ward,Medical/Surgical Ward,2
Surgical Ward,Neurology Ward,1
Surgical Ward,Neurosurgical Ward,1
Surgical Ward,Operating Room/Suite,145
Surgical Ward,Pulmonary Ward,1
Surgical Ward,Surgical Ward,43
Surgical Ward,Medical Cardiac Critical Care,1
Surgical Ward,Surgical Critical Care,14
Surgical Ward,ONC General Hematology/Oncology Ward,6
Surgical Ward,ONC Pediatric General Hematology/Oncology Ward,1
Surgical Ward,Exit,554
"Labor, Delivery, Recovery, Postpartum Suite (LDRP)",Pediatric Medical Ward,1
"Labor, Delivery, Recovery, Postpartum Suite (LDRP)",Medical Ward,1
"Labor, Delivery, Recovery, Postpartum Suite (LDRP)",Postpartum Ward,409
"Labor, Delivery, Recovery, Postpartum Suite (LDRP)","Labor, Delivery, Recovery, Postpartum Suite (LDRP)",62
"Labor, Delivery, Recovery, Postpartum Suite (LDRP)",Medical Critical Care,2
"Labor, Delivery, Recovery, Postpartum Suite (LDRP)",Neonatal Critical Care (Level III),18
"Labor, Delivery, Recovery, Postpartum Suite (LDRP)",Pediatric Cardiothoracic Critical Care,2
"Labor, Delivery, Recovery, Postpartum Suite (LDRP)",Surgical Cardiothoracic Critical Care,1
"Labor, Delivery, Recovery, Postpartum Suite (LDRP)",Surgical Critical Care,1
"Labor, Delivery, Recovery, Postpartum Suite (LDRP)",ONC General Hematology/Oncology Ward,2
"Labor, Delivery, Recovery, Postpartum Suite (LDRP)",ONC Pediatric General Hematology/Oncology Ward,1
"Labor, Delivery, Recovery, Postpartum Suite (LDRP)",Exit,41
Medical Cardiac Critical Care,Medical Ward,85
Medical Cardiac Critical Care,Medical/Surgical Ward,8
Medical Cardiac Critical Care,Neurology Ward,1
Medical Cardiac Critical Care,Operating Room/Suite,15
Medical Cardiac Critical Care,Pulmonary Ward,1
Medical Cardiac Critical Care,Medical Cardiac Critical Care,4
Medical Cardiac Critical Care,Medical Critical Care,5
Medical Cardiac Critical Care,Neurologic Critical Care,1
Medical Cardiac Critical Care,Surgical Critical Care,1
Medical Cardiac Critical Care,ONC General Hematology/Oncology Ward,3
Medical Cardiac Critical Care,Exit,22
Medical Critical Care,Adult Step Down Unit (post-critical care),1
Medical Critical Care,Medical Ward,51
Medical Critical Care,Medical/Surgical Ward,3
Medical Critical Care,Neurology Ward,1
Medical Critical Care,Neurosurgical Ward,2
Medical Critical Care,Operating Room/Suite,9
Medical Critical Care,Pulmonary Ward,14
Medical Critical Care,Medical Cardiac Critical Care,1
Medical Critical Care,Medical Critical Care,3
Medical Critical Care,Neurologic Critical Care,1
Medical Critical Care,Surgical Cardiothoracic Critical Care,1
Medical Critical Care,Surgical Critical Care,1
Medical Critical Care,ONC Hematopoietic Stem Cell Transplant Ward,4
Medical Critical Care,ONC General Hematology/Oncology Ward,13
Medical Critical Care,Exit,32
Neonatal Critical Care (Level III),Operating Room/Suite,7
Neonatal Critical Care (Level III),Postpartum Ward,6
Neonatal Critical Care (Level III),Neonatal Critical Care (Level III),222
Neonatal Critical Care (Level III),Pediatric Cardiothoracic Critical Care,4
Neonatal Critical Care (Level III),Step down Neonatal Nursery (Level II),34
Neonatal Critical Care (Level III),ONC Pediatric General Hematology/Oncology Ward,1
Neonatal Critical Care (Level III),Exit,61
Neurologic Critical Care,Adult Step Down Unit (post-critical care),3
Neurologic Critical Care,Medical Ward,3
Neurologic Critical Care,Neurology Ward,21
Neurologic Critical Care,Neurosurgical Ward,85
Neurologic Critical Care,Operating Room/Suite,16
Neurologic Critical Care,Pulmonary Ward,1
Neurologic Critical Care,Medical Cardiac Critical Care,3
Neurologic Critical Care,Medical Critical Care,2
Neurologic Critical Care,Neurologic Critical Care,4
Neurologic Critical Care,Surgical Cardiothoracic Critical Care,1
Neurologic Critical Care,Surgical Critical Care,1
Neurologic Critical Care,ONC Hematopoietic Stem Cell Transplant Ward,1
Neurologic Critical Care,ONC General Hematology/Oncology Ward,2
Neurologic Critical Care,Exit,43
Pediatric Cardiothoracic Critical Care,Adult Step Down Unit (post-critical care),1
Pediatric Cardiothoracic Critical Care,Pediatric Medical Ward,8
Pediatric Cardiothoracic Critical Care,Operating Room/Suite,6
Pediatric Cardiothoracic Critical Care,Neonatal Critical Care (Level III),3
Pediatric Cardiothoracic Critical Care,Pediatric Cardiothoracic Critical Care,18
Pediatric Cardiothoracic Critical Care,Pediatric Medical/Surgical Critical Care,3
Pediatric Cardiothoracic Critical Care,Pediatric Step Down Unit (post-critical care),20
Pediatric Medical/Surgical Critical Care,Pediatric Medical Ward,34
Pediatric Medical/Surgical Critical Care,Medical Ward,1
Pediatric Medical/Surgical Critical Care,Neurosurgical Ward,1
Pediatric Medical/Surgical Critical Care,Operating Room/Suite,6
Pediatric Medical/Surgical Critical Care,Neonatal Critical Care (Level III),2
Pediatric Medical/Surgical Critical Care,Pediatric Medical/Surgical Critical Care,37
Pediatric Medical/Surgical Critical Care,Pediatric Step Down Unit (post-critical care),12
Pediatric Medical/Surgical Critical Care,ONC Pediatric Hematopoietic Stem Cell Transplant Ward,3
Pediatric Medical/Surgical Critical Care,ONC Pediatric General Hematology/Oncology Ward,30
Pediatric Medical/Surgical Critical Care,Exit,10
Pediatric Step Down Unit (post-critical care),Pediatric Medical Ward,21
Pediatric Step Down Unit (post-critical care),Operating Room/Suite,5
Pediatric Step Down Unit (post-critical care),Pediatric Cardiothoracic Critical Care,3
Pediatric Step Down Unit (post-critical care),Pediatric Medical/Surgical Critical Care,5
Pediatric Step Down Unit (post-critical care),Pediatric Step Down Unit (post-critical care),12
Pediatric Step Down Unit (post-critical care),ONC Pediatric General Hematology/Oncology Ward,4
Pediatric Step Down Unit (post-critical care),Exit,29
Step down Neonatal Nursery (Level II),Operating Room/Suite,2
Step down Neonatal Nursery (Level II),Neonatal Critical Care (Level III),19
Step down Neonatal Nursery (Level II),Step down Neonatal Nursery (Level II),1
Step down Neonatal Nursery (Level II),Exit,13
Surgical Cardiothoracic Critical Care,Adult Step Down Unit (post-critical care),50
Surgical Cardiothoracic Critical Care,Medical/Surgical Ward,123
Surgical Cardiothoracic Critical Care,Operating Room/Suite,22
Surgical Cardiothoracic Critical Care,Pulmonary Ward,1
Surgical Cardiothoracic Critical Care,Medical Cardiac Critical Care,12
Surgical Cardiothoracic Critical Care,Medical Critical Care,3
Surgical Cardiothoracic Critical Care,Neurologic Critical Care,4
Surgical Cardiothoracic Critical Care,Surgical Cardiothoracic Critical Care,19
Surgical Cardiothoracic Critical Care,Surgical Critical Care,5
Surgical Cardiothoracic Critical Care,Exit,9
Surgical Critical Care,Adult Step Down Unit (post-critical care),1
Surgical Critical Care,Medical Ward,19
Surgical Critical Care,Medical/Surgical Ward,23
Surgical Critical Care,Neurology Ward,8
Surgical Critical Care,Neurosurgical Ward,3
Surgical Critical Care,Operating Room/Suite,24
Surgical Critical Care,Pulmonary Ward,2
Surgical Critical Care,Surgical Ward,52
Surgical Critical Care,"Labor, Delivery, Recovery, Postpartum Suite (LDRP)",1
Surgical Critical Care,Medical Cardiac Critical Care,2
Surgical Critical Care,Medical Critical Care,1
Surgical Critical Care,Neurologic Critical Care,2
Surgical Critical Care,Surgical Cardiothoracic Critical Care,4
Surgical Critical Care,Surgical Critical Care,4
Surgical Critical Care,ONC General Hematology/Oncology Ward,19
Surgical Critical Care,Exit,18
ONC Hematopoietic Stem Cell Transplant Ward,Endoscopy Suite,4
ONC Hematopoietic Stem Cell Transplant Ward,Medical Ward,1
ONC Hematopoietic Stem Cell Transplant Ward,Operating Room/Suite,2
ONC Hematopoietic Stem Cell Transplant Ward,Surgical Ward,1
ONC Hematopoietic Stem Cell Transplant Ward,Medical Critical Care,4
ONC Hematopoietic Stem Cell Transplant Ward,Neurologic Critical Care,1
ONC Hematopoietic Stem Cell Transplant Ward,Surgical Critical Care,1
ONC Hematopoietic Stem Cell Transplant Ward,ONC Hematopoietic Stem Cell Transplant Ward,5
ONC Hematopoietic Stem Cell Transplant Ward,ONC General Hematology/Oncology Ward,1
ONC Hematopoietic Stem Cell Transplant Ward,Exit,42
ONC General Hematology/Oncology Ward,Endoscopy Suite,22
ONC General Hematology/Oncology Ward,Medical Ward,2
ONC General Hematology/Oncology Ward,Medical/Surgical Ward,2
ONC General Hematology/Oncology Ward,Operating Room/Suite,70
ONC General Hematology/Oncology Ward,Pulmonary Ward,1
ONC General Hematology/Oncology Ward,Surgical Ward,1
ONC General Hematology/Oncology Ward,Medical Cardiac Critical Care,3
ONC General Hematology/Oncology Ward,Medical Critical Care,11
ONC General Hematology/Oncology Ward,Neurologic Critical Care,3
ONC General Hematology/Oncology Ward,Surgical Critical Care,7
ONC General Hematology/Oncology Ward,ONC General Hematology/Oncology Ward,50
ONC General Hematology/Oncology Ward,Exit,527
ONC Pediatric Hematopoietic Stem Cell Transplant Ward,Operating Room/Suite,7
ONC Pediatric Hematopoietic Stem Cell Transplant Ward,Pediatric Medical/Surgical Critical Care,1
ONC Pediatric Hematopoietic Stem Cell Transplant Ward,ONC Pediatric Hematopoietic Stem Cell Transplant Ward,2
ONC Pediatric Hematopoietic Stem Cell Transplant Ward,ONC Pediatric General Hematology/Oncology Ward,2
ONC Pediatric Hematopoietic Stem Cell Transplant Ward,Exit,20
ONC Pediatric General Hematology/Oncology Ward,Emergency Department,1
ONC Pediatric General Hematology/Oncology Ward,Endoscopy Suite,2
ONC Pediatric General Hematology/Oncology Ward,Pediatric Medical Ward,1
ONC Pediatric General Hematology/Oncology Ward,Operating Room/Suite,26
ONC Pediatric General Hematology/Oncology Ward,Surgical Ward,1
ONC Pediatric General Hematology/Oncology Ward,Pediatric Medical/Surgical Critical Care,8
ONC Pediatric General Hematology/Oncology Ward,ONC Pediatric General Hematology/Oncology Ward,17
ONC Pediatric General Hematology/Oncology Ward,Exit,200
