source,destination,count
Entry,24-Hour Observation Area,89
Entry,Adult Step Down Unit (post-critical care),31
Entry,Ambulatory Surgery Center,634
Entry,Emergency Department,6378
Entry,Endoscopy Suite,19
Entry,Behavioral Health/Psych Ward,54
Entry,Pediatric Medical Ward,54
Entry,Medical Ward,272
Entry,Medical/Surgical Ward,128
Entry,Neurology Ward,42
Entry,Neurosurgical Ward,52
Entry,Operating Room/Suite,1701
Entry,Postpartum Ward,134
Entry,Pulmonary Ward,35
Entry,Surgical Ward,70
Entry,"Labor, Delivery, Recovery, Postpartum Suite (LDRP)",481
Entry,Medical Cardiac Critical Care,42
Entry,Medical Critical Care,29
Entry,Neonatal Critical Care (Level III),36
Entry,Neurologic Critical Care,31
Entry,Pediatric Cardiothoracic Critical Care,12
Entry,Pediatric Medical/Surgical Critical Care,28
Entry,Surgical Cardiothoracic Critical Care,12
Entry,Surgical Critical Care,8
Entry,ONC Hematopoietic Stem Cell Transplant Ward,22
Entry,ONC General Hematology/Oncology Ward,194
Entry,ONC Pediatric Hematopoietic Stem Cell Transplant Ward,10
Entry,ONC Pediatric General Hematology/Oncology Ward,88
24-Hour Observation Area,24-Hour Observation Area,6
24-Hour Observation Area,Medical Ward,6
24-Hour Observation Area,Medical/Surgical Ward,1
24-Hour Observation Area,Operating Room/Suite,7
24-Hour Observation Area,Surgical Ward,1
24-Hour Observation Area,ONC General Hematology/Oncology Ward,4
24-Hour Observation Area,Exit,184
Adult Step Down Unit (post-critical care),Adult Step Down Unit (post-critical care),2
Adult Step Down Unit (post-critical care),Endoscopy Suite,7
Adult Step Down Unit (post-critical care),Medical Ward,3
Adult Step Down Unit (post-critical care),Operating Room/Suite,30
Adult Step Down Unit (post-critical care),Surgical Cardiothoracic Critical Care,7
Adult Step Down Unit (post-critical care),Surgical Critical Care,1
Adult Step Down Unit (post-critical care),Exit,88
Ambulatory Surgery Center,24-Hour Observation Area,3
Ambulatory Surgery Center,Pediatric Medical Ward,1
Ambulatory Surgery Center,Pediatric Medical/Surgical Critical Care,1
Ambulatory Surgery Center,Exit,629
Emergency Department,Adult Step Down Unit (post-critical care),10
Emergency Department,Emergency Department,13135
Emergency Department,Endoscopy Suite,3
Emergency Department,Pediatric Medical Ward,59
Emergency Department,Medical Ward,539
Emergency Department,Medical/Surgical Ward,86
Emergency Department,Neurology Ward,67
Emergency Department,Neurosurgical Ward,105
Emergency Department,Operating Room/Suite,98
Emergency Department,Pulmonary Ward,71
Emergency Department,Surgical Ward,195
Emergency Department,"Labor, Delivery, Recovery, Postpartum Suite (LDRP)",1
Emergency Department,Medical Cardiac Critical Care,41
Emergency Department,Medical Critical Care,63
Emergency Department,Neurologic Critical Care,34
Emergency Department,Pediatric Medical/Surgical Critical Care,18
Emergency Department,Pediatric Step Down Unit (post-critical care),5
Emergency Department,Surgical Cardiothoracic Critical Care,2
Emergency Department,Surgical Critical Care,29
Emergency Department,ONC Hematopoietic Stem Cell Transplant Ward,2
Emergency Department,ONC General Hematology/Oncology Ward,184
Emergency Department,ONC Pediatric General Hematology/Oncology Ward,77
Emergency Department,Exit,4716
Endoscopy Suite,Adult Step Down Unit (post-critical care),7
Endoscopy Suite,Emergency Department,3
Endoscopy Suite,Medical Ward,61
Endoscopy Suite,Medical/Surgical Ward,31
Endoscopy Suite,Neurology Ward,2
Endoscopy Suite,Neurosurgical Ward,1
Endoscopy Suite,Pulmonary Ward,20
Endoscopy Suite,Surgical Ward,10
Endoscopy Suite,ONC Hematopoietic Stem Cell Transplant Ward,1
Endoscopy Suite,ONC General Hematology/Oncology Ward,29
Endoscopy Suite,ONC Pediatric Hematopoietic Stem Cell Transplant Ward,1
Endoscopy Suite,Exit,19
Behavioral Health/Psych Ward,Behavioral Health/Psych Ward,2
Behavioral Health/Psych Ward,Exit,57
Pediatric Medical Ward,Pediatric Medical Ward,7
Pediatric Medical Ward,Operating Room/Suite,41
Pediatric Medical Ward,Pediatric Cardiothoracic Critical Care,4
Pediatric Medical Ward,Pediatric Medical/Surgical Critical Care,6
Pediatric Medical Ward,Pediatric Step Down Unit (post-critical care),1
Pediatric Medical Ward,Exit,255
Medical Ward,Adult Step Down Unit (post-critical care),1
Medical Ward,Emergency Department,2
Medical Ward,Endoscopy Suite,61
Medical Ward,Medical Ward,67
Medical Ward,Medical/Surgical Ward,1
Medical Ward,Neurosurgical Ward,2
Medical Ward,Operating Room/Suite,104
Medical Ward,Pulmonary Ward,9
Medical Ward,Surgical Ward,1
Medical Ward,Medical Cardiac Critical Care,32
Medical Ward,Medical Critical Care,14
Medical Ward,Neurologic Critical Care,6
Medical Ward,Surgical Cardiothoracic Critical Care,2
Medical Ward,Surgical Critical Care,2
Medical Ward,ONC General Hematology/Oncology Ward,16
Medical Ward,Exit,907
Medical/Surgical Ward,Adult Step Down Unit (post-critical care),2
Medical/Surgical Ward,Endoscopy Suite,31
Medical/Surgical Ward,Medical Ward,15
Medical/Surgical Ward,Medical/Surgical Ward,36
Medical/Surgical Ward,Neurosurgical Ward,1
Medical/Surgical Ward,Operating Room/Suite,131
Medical/Surgical Ward,Pulmonary Ward,1
Medical/Surgical Ward,Surgical Ward,20
Medical/Surgical Ward,Medical Cardiac Critical Care,2
Medical/Surgical Ward,Medical Critical Care,1
Medical/Surgical Ward,Neurologic Critical Care,1
Medical/Surgical Ward,Surgical Cardiothoracic Critical Care,23
Medical/Surgical Ward,Surgical Critical Care,5
Medical/Surgical Ward,ONC General Hematology/Oncology Ward,3
Medical/Surgical Ward,Exit,350
Neurology Ward,Endoscopy Suite,1
Neurology Ward,Medical Ward,3
Neurology Ward,Neurology Ward,16
Neurology Ward,Neurosurgical Ward,1
Neurology Ward,Operating Room/Suite,34
Neurology Ward,Surgical Ward,1
Neurology Ward,Medical Cardiac Critical Care,1
Neurology Ward,Medical Critical Care,1
Neurology Ward,Neurologic Critical Care,1
Neurology Ward,Surgical Critical Care,1
Neurology Ward,ONC General Hematology/Oncology Ward,2
Neurology Ward,ONC Pediatric General Hematology/Oncology Ward,1
Neurology Ward,Exit,211
Neurosurgical Ward,Emergency Department,1
Neurosurgical Ward,Endoscopy Suite,1
Neurosurgical Ward,Medical Ward,1
Neurosurgical Ward,Neurosurgical Ward,6
Neurosurgical Ward,Operating Room/Suite,81
Neurosurgical Ward,Surgical Ward,4
Neurosurgical Ward,Neurologic Critical Care,5
Neurosurgical Ward,ONC General Hematology/Oncology Ward,5
Neurosurgical Ward,Exit,217
Operating Room/Suite,24-Hour Observation Area,108
Operating Room/Suite,Adult Step Down Unit (post-critical care),21
Operating Room/Suite,Endoscopy Suite,1
Operating Room/Suite,Pediatric Medical Ward,122
Operating Room/Suite,Medical Ward,74
Operating Room/Suite,Medical/Surgical Ward,153
Operating Room/Suite,Neurology Ward,116
Operating Room/Suite,Neurosurgical Ward,80
Operating Room/Suite,Operating Room/Suite,109
Operating Room/Suite,Pulmonary Ward,7
Operating Room/Suite,Surgical Ward,408
Operating Room/Suite,"Labor, Delivery, Recovery, Postpartum Suite (LDRP)",1
Operating Room/Suite,Medical Cardiac Critical Care,2
Operating Room/Suite,Medical Critical Care,8
Operating Room/Suite,Neonatal Critical Care (Level III),3
Operating Room/Suite,Neurologic Critical Care,93
Operating Room/Suite,Pediatric Cardiothoracic Critical Care,16
Operating Room/Suite,Pediatric Medical/Surgical Critical Care,38
Operating Room/Suite,Pediatric Step Down Unit (post-critical care),17
Operating Room/Suite,Surgical Cardiothoracic Critical Care,185
Operating Room/Suite,Surgical Critical Care,87
Operating Room/Suite,ONC General Hematology/Oncology Ward,146
Operating Room/Suite,ONC Pediatric Hematopoietic Stem Cell Transplant Ward,9
Operating Room/Suite,ONC Pediatric General Hematology/Oncology Ward,29
Operating Room/Suite,Exit,832
Postpartum Ward,Postpartum Ward,52
Postpartum Ward,"Labor, Delivery, Recovery, Postpartum Suite (LDRP)",15
Postpartum Ward,Neonatal Critical Care (Level III),5
Postpartum Ward,ONC General Hematology/Oncology Ward,1
Postpartum Ward,ONC Pediatric Hematopoietic Stem Cell Transplant Ward,1
Postpartum Ward,ONC Pediatric General Hematology/Oncology Ward,3
Postpartum Ward,Exit,525
Pulmonary Ward,Endoscopy Suite,20
Pulmonary Ward,Medical Ward,8
Pulmonary Ward,Operating Room/Suite,10
Pulmonary Ward,Pulmonary Ward,5
Pulmonary Ward,Medical Cardiac Critical Care,2
Pulmonary Ward,Medical Critical Care,9
Pulmonary Ward,Neurologic Critical Care,1
Pulmonary Ward,Surgical Critical Care,1
Pulmonary Ward,ONC General Hematology/Oncology Ward,3
Pulmonary Ward,Exit,115
Surgical Ward,Emergency Department,3
Surgical Ward,Endoscopy Suite,10
Surgical Ward,Medical Ward,5
Surgical Ward,Medical/Surgical Ward,2
Surgical Ward,Neurology Ward,1
Surgical Ward,Operating Room/Suite,136
Surgical Ward,Surgical Ward,25
Surgical Ward,Medical Critical Care,2
Surgical Ward,Neurologic Critical Care,4
Surgical Ward,Surgical Critical Care,13
Surgical Ward,ONC General Hematology/Oncology Ward,11
Surgical Ward,Exit,580
"Labor, Delivery, Recovery, Postpartum Suite (LDRP)",Neurology Ward,1
"Labor, Delivery, Recovery, Postpartum Suite (LDRP)",Operating Room/Suite,2
"Labor, Delivery, Recovery, Postpartum Suite (LDRP)",Postpartum Ward,412
"Labor, Delivery, Recovery, Postpartum Suite (LDRP)","Labor, Delivery, Recovery, Postpartum Suite (LDRP)",81
"Labor, Delivery, Recovery, Postpartum Suite (LDRP)",Neonatal Critical Care (Level III),16
"Labor, Delivery, Recovery, Postpartum Suite (LDRP)",Pediatric Cardiothoracic Critical Care,1
"Labor, Delivery, Recovery, Postpartum Suite (LDRP)",ONC Pediatric General Hematology/Oncology Ward,2
"Labor, Delivery, Recovery, Postpartum Suite (LDRP)",Exit,64
Medical Cardiac Critical Care,Medical Ward,85
Medical Cardiac Critical Care,Medical/Surgical Ward,4
Medical Cardiac Critical Care,Neurosurgical Ward,1
Medical Cardiac Critical Care,Operating Room/Suite,13
Medical Cardiac Critical Care,Pulmonary Ward,2
Medical Cardiac Critical Care,Medical Cardiac Critical Care,6
Medical Cardiac Critical Care,Medical Critical Care,3
Medical Cardiac Critical Care,Neurologic Critical Care,2
Medical Cardiac Critical Care,Surgical Cardiothoracic Critical Care,4
Medical Cardiac Critical Care,Surgical Critical Care,1
Medical Cardiac Critical Care,ONC General Hematology/Oncology Ward,2
Medical Cardiac Critical Care,Exit,9
Medical Critical Care,Medical Ward,64
Medical Critical Care,Neurology Ward,3
Medical Critical Care,Operating Room/Suite,6
Medical Critical Care,Pulmonary Ward,22
Medical Critical Care,Medical Critical Care,3
Medical Critical Care,ONC Hematopoietic Stem Cell Transplant Ward,2
Medical Critical Care,ONC General Hematology/Oncology Ward,17
Medical Critical Care,Exit,36
Neonatal Critical Care (Level III),Pediatric Medical Ward,1
Neonatal Critical Care (Level III),Operating Room/Suite,3
Neonatal Critical Care (Level III),Postpartum Ward,10
Neonatal Critical Care (Level III),Neonatal Critical Care (Level III),184
Neonatal Critical Care (Level III),Pediatric Cardiothoracic Critical Care,1
Neonatal Critical Care (Level III),Pediatric Medical/Surgical Critical Care,1
Neonatal Critical Care (Level III),Step down Neonatal Nursery (Level II),24
Neonatal Critical Care (Level III),ONC Pediatric Hematopoietic Stem Cell Transplant Ward,1
Neonatal Critical Care (Level III),ONC Pediatric General Hematology/Oncology Ward,1
Neonatal Critical Care (Level III),Exit,37
Neurologic Critical Care,Medical Ward,8
Neurologic Critical Care,Neurology Ward,19
Neurologic Critical Care,Neurosurgical Ward,70
Neurologic Critical Care,Operating Room/Suite,8
Neurologic Critical Care,Surgical Ward,1
Neurologic Critical Care,Neurologic Critical Care,1
Neurologic Critical Care,Surgical Cardiothoracic Critical Care,1
Neurologic Critical Care,ONC General Hematology/Oncology Ward,1
Neurologic Critical Care,Exit,76
Pediatric Cardiothoracic Critical Care,Pediatric Medical Ward,10
Pediatric Cardiothoracic Critical Care,Operating Room/Suite,5
Pediatric Cardiothoracic Critical Care,Neonatal Critical Care (Level III),5
Pediatric Cardiothoracic Critical Care,Pediatric Cardiothoracic Critical Care,12
Pediatric Cardiothoracic Critical Care,Pediatric Medical/Surgical Critical Care,2
Pediatric Cardiothoracic Critical Care,Pediatric Step Down Unit (post-critical care),12
Pediatric Cardiothoracic Critical Care,Exit,3
Pediatric Medical/Surgical Critical Care,Pediatric Medical Ward,33
Pediatric Medical/Surgical Critical Care,Operating Room/Suite,10
Pediatric Medical/Surgical Critical Care,Pediatric Medical/Surgical Critical Care,34
Pediatric Medical/Surgical Critical Care,Pediatric Step Down Unit (post-critical care),14
Pediatric Medical/Surgical Critical Care,ONC Pediatric Hematopoietic Stem Cell Transplant Ward,1
Pediatric Medical/Surgical Critical Care,ONC Pediatric General Hematology/Oncology Ward,32
Pediatric Medical/Surgical Critical Care,Exit,20
Pediatric Step Down Unit (post-critical care),Pediatric Medical Ward,20
Pediatric Step Down Unit (post-critical care),Operating Room/Suite,8
Pediatric Step Down Unit (post-critical care),Pediatric Cardiothoracic Critical Care,3
Pediatric Step Down Unit (post-critical care),Pediatric Medical/Surgical Critical Care,6
Pediatric Step Down Unit (post-critical care),Pediatric Step Down Unit (post-critical care),11
Pediatric Step Down Unit (post-critical care),ONC Pediatric General Hematology/Oncology Ward,6
Pediatric Step Down Unit (post-critical care),Exit,7
Step down Neonatal Nursery (Level II),Pediatric Medical Ward,1
Step down Neonatal Nursery (Level II),Operating Room/Suite,1
Step down Neonatal Nursery (Level II),Neonatal Critical Care (Level III),9
Step down Neonatal Nursery (Level II),Step down Neonatal Nursery (Level II),9
Step down Neonatal Nursery (Level II),Exit,14
Surgical Cardiothoracic Critical Care,Adult Step Down Unit (post-critical care),58
Surgical Cardiothoracic Critical Care,Medical Ward,1
Surgical Cardiothoracic Critical Care,Medical/Surgical Ward,154
Surgical Cardiothoracic Critical Care,Operating Room/Suite,11
Surgical Cardiothoracic Critical Care,Pulmonary Ward,1
Surgical Cardiothoracic Critical Care,Medical Cardiac Critical Care,4
Surgical Cardiothoracic Critical Care,Surgical Cardiothoracic Critical Care,13
Surgical Cardiothoracic Critical Care,Surgical Critical Care,2
Surgical Cardiothoracic Critical Care,Exit,12
Surgical Critical Care,Medical Ward,12
Surgical Critical Care,Medical/Surgical Ward,16
Surgical Critical Care,Neurology Ward,6
Surgical Critical Care,Neurosurgical Ward,1
Surgical Critical Care,Operating Room/Suite,25
Surgical Critical Care,Pulmonary Ward,1
Surgical Critical Care,Surgical Ward,41
Surgical Critical Care,"Labor, Delivery, Recovery, Postpartum Suite (LDRP)",2
Surgical Critical Care,Medical Critical Care,4
Surgical Critical Care,Neurologic Critical Care,1
Surgical Critical Care,Surgical Cardiothoracic Critical Care,4
Surgical Critical Care,Surgical Critical Care,7
Surgical Critical Care,ONC General Hematology/Oncology Ward,11
Surgical Critical Care,Exit,35
ONC Hematopoietic Stem Cell Transplant Ward,Endoscopy Suite,1
ONC Hematopoietic Stem Cell Transplant Ward,Medical Critical Care,1
ONC Hematopoietic Stem Cell Transplant Ward,ONC Hematopoietic Stem Cell Transplant Ward,5
ONC Hematopoietic Stem Cell Transplant Ward,ONC General Hematology/Oncology Ward,4
ONC Hematopoietic Stem Cell Transplant Ward,Exit,24
ONC General Hematology/Oncology Ward,Endoscopy Suite,29
ONC General Hematology/Oncology Ward,Medical Ward,4
ONC General Hematology/Oncology Ward,Operating Room/Suite,55
ONC General Hematology/Oncology Ward,Pulmonary Ward,1
ONC General Hematology/Oncology Ward,Surgical Ward,3
ONC General Hematology/Oncology Ward,Medical Cardiac Critical Care,1
ONC General Hematology/Oncology Ward,Medical Critical Care,17
ONC General Hematology/Oncology Ward,Neurologic Critical Care,2
ONC General Hematology/Oncology Ward,Surgical Critical Care,8
ONC General Hematology/Oncology Ward,ONC Hematopoietic Stem Cell Transplant Ward,3
ONC General Hematology/Oncology Ward,ONC General Hematology/Oncology Ward,48
ONC General Hematology/Oncology Ward,Exit,502
ONC Pediatric Hematopoietic Stem Cell Transplant Ward,Endoscopy Suite,1
ONC Pediatric Hematopoietic Stem Cell Transplant Ward,Pediatric Medical Ward,1
ONC Pediatric Hematopoietic Stem Cell Transplant Ward,Operating Room/Suite,5
ONC Pediatric Hematopoietic Stem Cell Transplant Ward,Pediatric Medical/Surgical Critical Care,1
ONC Pediatric Hematopoietic Stem Cell Transplant Ward,ONC Pediatric Hematopoietic Stem Cell Transplant Ward,1
ONC Pediatric Hematopoietic Stem Cell Transplant Ward,Exit,21
ONC Pediatric General Hematology/Oncology Ward,Pediatric Medical Ward,2
ONC Pediatric General Hematology/Oncology Ward,Operating Room/Suite,33
ONC Pediatric General Hematology/Oncology Ward,Pediatric Medical/Surgical Critical Care,10
ONC Pediatric General Hematology/Oncology Ward,Pediatric Step Down Unit (post-critical care),2
ONC Pediatric General Hematology/Oncology Ward,ONC Pediatric General Hematology/Oncology Ward,17
ONC Pediatric General Hematology/Oncology Ward,Exit,202
