source,destination,count
Entry,24-Hour Observation Area,124
Entry,Adult Step Down Unit (post-critical care),33
Entry,Ambulatory Surgery Center,557
Entry,Emergency Department,6637
Entry,Endoscopy Suite,25
Entry,Behavioral Health/Psych Ward,37
Entry,Pediatric Medical Ward,50
Entry,Medical Ward,241
Entry,Medical/Surgical Ward,143
Entry,Neurology Ward,48
Entry,Neurosurgical Ward,44
Entry,Operating Room/Suite,1543
Entry,Postpartum Ward,162
Entry,Pulmonary Ward,27
Entry,Surgical Ward,63
Entry,"Labor, Delivery, Recovery, Postpartum Suite (LDRP)",507
Entry,Medical Cardiac Critical Care,33
Entry,Medical Critical Care,38
Entry,Neonatal Critical Care (Level III),44
Entry,Neurologic Critical Care,26
Entry,Pediatric Cardiothoracic Critical Care,13
Entry,Pediatric Medical/Surgical Critical Care,20
Entry,Pediatric Step Down Unit (post-critical care),1
Entry,Surgical Cardiothoracic Critical Care,8
Entry,Surgical Critical Care,7
Entry,ONC Hematopoietic Stem Cell Transplant Ward,50
Entry,ONC General Hematology/Oncology Ward,148
Entry,ONC Pediatric Hematopoietic Stem Cell Transplant Ward,10
Entry,ONC Pediatric General Hematology/Oncology Ward,99
24-Hour Observation Area,24-Hour Observation Area,7
24-Hour Observation Area,Medical Ward,5
24-Hour Observation Area,Neurology Ward,1
24-Hour Observation Area,Neurosurgical Ward,1
24-Hour Observation Area,Operating Room/Suite,17
24-Hour Observation Area,Surgical Ward,2
24-Hour Observation Area,Surgical Cardiothoracic Critical Care,1
24-Hour Observation Area,ONC General Hematology/Oncology Ward,2
24-Hour Observation Area,Exit,212
Adult Step Down Unit (post-critical care),Endoscopy Suite,5
Adult Step Down Unit (post-critical care),Medical Ward,2
Adult Step Down Unit (post-critical care),Operating Room/Suite,23
Adult Step Down Unit (post-critical care),Pulmonary Ward,3
Adult Step Down Unit (post-critical care),Medical Cardiac Critical Care,1
Adult Step Down Unit (post-critical care),Surgical Cardiothoracic Critical Care,10
Adult Step Down Unit (post-critical care),ONC General Hematology/Oncology Ward,2
Adult Step Down Unit (post-critical care),Exit,87
Ambulatory Surgery Center,Surgical Ward,1
Ambulatory Surgery Center,ONC General Hematology/Oncology Ward,1
Ambulatory Surgery Center,Exit,555
Emergency Department,Adult Step Down Unit (post-critical care),10
Emergency Department,Emergency Department,14049
Emergency Department,Endoscopy Suite,9
Emergency Department,Pediatric Medical Ward,79
Emergency Department,Medical Ward,519
Emergency Department,Medical/Surgical Ward,103
Emergency Department,Neurology Ward,81
Emergency Department,Neurosurgical Ward,129
Emergency Department,Operating Room/Suite,91
Emergency Department,Postpartum Ward,1
Emergency Department,Pulmonary Ward,51
Emergency Department,Surgical Ward,194
Emergency Department,"Labor, Delivery, Recovery, Postpartum Suite (LDRP)",6
Emergency Department,Medical Cardiac Critical Care,36
Emergency Department,Medical Critical Care,55
Emergency Department,Neurologic Critical Care,37
Emergency Department,Pediatric Medical/Surgical Critical Care,26
Emergency Department,Pediatric Step Down Unit (post-critical care),6
Emergency Department,Surgical Cardiothoracic Critical Care,1
Emergency Department,Surgical Critical Care,25
Emergency Department,ONC Hematopoietic Stem Cell Transplant Ward,10
Emergency Department,ONC General Hematology/Oncology Ward,211
Emergency Department,ONC Pediatric General Hematology/Oncology Ward,83
Emergency Department,Exit,4908
Endoscopy Suite,Adult Step Down Unit (post-critical care),5
Endoscopy Suite,Emergency Department,6
Endoscopy Suite,Pediatric Medical Ward,1
Endoscopy Suite,Medical Ward,36
Endoscopy Suite,Medical/Surgical Ward,21
Endoscopy Suite,Neurology Ward,1
Endoscopy Suite,Neurosurgical Ward,2
Endoscopy Suite,Operating Room/Suite,1
Endoscopy Suite,Pulmonary Ward,17
Endoscopy Suite,Surgical Ward,10
Endoscopy Suite,Medical Critical Care,1
Endoscopy Suite,ONC Hematopoietic Stem Cell Transplant Ward,5
Endoscopy Suite,ONC General Hematology/Oncology Ward,28
Endoscopy Suite,Exit,22
Behavioral Health/Psych Ward,Behavioral Health/Psych Ward,3
Behavioral Health/Psych Ward,Exit,37
Pediatric Medical Ward,Endoscopy Suite,1
Pediatric Medical Ward,Pediatric Medical Ward,10
Pediatric Medical Ward,Operating Room/Suite,41
Pediatric Medical Ward,Postpartum Ward,1
Pediatric Medical Ward,"Labor, Delivery, Recovery, Postpartum Suite (LDRP)",1
Pediatric Medical Ward,Pediatric Medical/Surgical Critical Care,2
Pediatric Medical Ward,Pediatric Step Down Unit (post-critical care),1
Pediatric Medical Ward,ONC Pediatric Hematopoietic Stem Cell Transplant Ward,1
Pediatric Medical Ward,Exit,229
Medical Ward,Emergency Department,3
Medical Ward,Endoscopy Suite,32
Medical Ward,Medical Ward,56
Medical Ward,Operating Room/Suite,98
Medical Ward,Pulmonary Ward,5
Medical Ward,Medical Cardiac Critical Care,30
Medical Ward,Medical Critical Care,32
Medical Ward,Neurologic Critical Care,5
Medical Ward,Surgical Cardiothoracic Critical Care,2
Medical Ward,Surgical Critical Care,3
Medical Ward,ONC General Hematology/Oncology Ward,10
Medical Ward,Exit,842
Medical/Surgical Ward,Endoscopy Suite,21
Medical/Surgical Ward,Medical Ward,18
Medical/Surgical Ward,Medical/Surgical Ward,24
Medical/Surgical Ward,Neurology Ward,2
Medical/Surgical Ward,Neurosurgical Ward,2
Medical/Surgical Ward,Operating Room/Suite,135
Medical/Surgical Ward,Pulmonary Ward,3
Medical/Surgical Ward,Surgical Ward,32
Medical/Surgical Ward,Medical Cardiac Critical Care,2
Medical/Surgical Ward,Medical Critical Care,1
Medical/Surgical Ward,Neurologic Critical Care,2
Medical/Surgical Ward,Surgical Cardiothoracic Critical Care,21
Medical/Surgical Ward,Surgical Critical Care,9
Medical/Surgical Ward,ONC General Hematology/Oncology Ward,7
Medical/Surgical Ward,Exit,358
Neurology Ward,Endoscopy Suite,1
Neurology Ward,Neurology Ward,15
Neurology Ward,Neurosurgical Ward,1
Neurology Ward,Operating Room/Suite,32
Neurology Ward,Pulmonary Ward,1
Neurology Ward,Medical Critical Care,1
Neurology Ward,Neurologic Critical Care,3
Neurology Ward,Surgical Critical Care,1
Neurology Ward,ONC General Hematology/Oncology Ward,2
Neurology Ward,Exit,205
Neurosurgical Ward,Emergency Department,3
Neurosurgical Ward,Endoscopy Suite,2
Neurosurgical Ward,Medical Ward,3
Neurosurgical Ward,Neurosurgical Ward,3
Neurosurgical Ward,Operating Room/Suite,53
Neurosurgical Ward,Surgical Ward,3
Neurosurgical Ward,Medical Critical Care,1
Neurosurgical Ward,Neurologic Critical Care,5
Neurosurgical Ward,Surgical Critical Care,2
Neurosurgical Ward,Exit,229
Operating Room/Suite,24-Hour Observation Area,110
Operating Room/Suite,Adult Step Down Unit (post-critical care),29
Operating Room/Suite,Emergency Department,1
Operating Room/Suite,Pediatric Medical Ward,92
Operating Room/Suite,Medical Ward,73
Operating Room/Suite,Medical/Surgical Ward,154
Operating Room/Suite,Neurology Ward,89
Operating Room/Suite,Neurosurgical Ward,67
Operating Room/Suite,Operating Room/Suite,104
Operating Room/Suite,Pulmonary Ward,10
Operating Room/Suite,Surgical Ward,389
Operating Room/Suite,"Labor, Delivery, Recovery, Postpartum Suite (LDRP)",2
Operating Room/Suite,Medical Cardiac Critical Care,4
Operating Room/Suite,Medical Critical Care,13
Operating Room/Suite,Neonatal Critical Care (Level III),13
Operating Room/Suite,Neurologic Critical Care,78
Operating Room/Suite,Pediatric Cardiothoracic Critical Care,23
Operating Room/Suite,Pediatric Medical/Surgical Critical Care,27
Operating Room/Suite,Pediatric Step Down Unit (post-critical care),8
Operating Room/Suite,Step down Neonatal Nursery (Level II),1
Operating Room/Suite,Surgical Cardiothoracic Critical Care,173
Operating Room/Suite,Surgical Critical Care,94
Operating Room/Suite,ONC General Hematology/Oncology Ward,135
Operating Room/Suite,ONC Pediatric Hematopoietic Stem Cell Transplant Ward,12
Operating Room/Suite,ONC Pediatric General Hematology/Oncology Ward,17
Operating Room/Suite,Exit,769
Postpartum Ward,Pediatric Medical Ward,1
Postpartum Ward,Medical Ward,1
Postpartum Ward,Medical/Surgical Ward,1
Postpartum Ward,Postpartum Ward,55
Postpartum Ward,"Labor, Delivery, Recovery, Postpartum Suite (LDRP)",14
Postpartum Ward,Medical Critical Care,1
Postpartum Ward,Neonatal Critical Care (Level III),5
Postpartum Ward,Surgical Critical Care,2
Postpartum Ward,ONC General Hematology/Oncology Ward,1
Postpartum Ward,ONC Pediatric General Hematology/Oncology Ward,8
Postpartum Ward,Exit,578
Pulmonary Ward,Endoscopy Suite,17
Pulmonary Ward,Medical Ward,1
Pulmonary Ward,Medical/Surgical Ward,1
Pulmonary Ward,Operating Room/Suite,12
Pulmonary Ward,Pulmonary Ward,4
Pulmonary Ward,Medical Critical Care,5
Pulmonary Ward,Surgical Cardiothoracic Critical Care,3
Pulmonary Ward,Exit,98
Surgical Ward,Emergency Department,4
Surgical Ward,Endoscopy Suite,10
Surgical Ward,Medical Ward,7
Surgical Ward,Operating Room/Suite,143
Surgical Ward,Surgical Ward,16
Surgical Ward,Medical Cardiac Critical Care,4
Surgical Ward,Medical Critical Care,2
Surgical Ward,Neurologic Critical Care,1
Surgical Ward,Surgical Critical Care,9
Surgical Ward,ONC General Hematology/Oncology Ward,5
Surgical Ward,Exit,572
"Labor, Delivery, Recovery, Postpartum Suite (LDRP)",Pediatric Medical Ward,1
"Labor, Delivery, Recovery, Postpartum Suite (LDRP)",Operating Room/Suite,3
"Labor, Delivery, Recovery, Postpartum Suite (LDRP)",Postpartum Ward,435
"Labor, Delivery, Recovery, Postpartum Suite (LDRP)","Labor, Delivery, Recovery, Postpartum Suite (LDRP)",67
"Labor, Delivery, Recovery, Postpartum Suite (LDRP)",Medical Cardiac Critical Care,1
"Labor, Delivery, Recovery, Postpartum Suite (LDRP)",Neonatal Critical Care (Level III),13
"Labor, Delivery, Recovery, Postpartum Suite (LDRP)",ONC General Hematology/Oncology Ward,1
"Labor, Delivery, Recovery, Postpartum Suite (LDRP)",ONC Pediatric General Hematology/Oncology Ward,1
"Labor, Delivery, Recovery, Postpartum Suite (LDRP)",Exit,79
Medical Cardiac Critical Care,24-Hour Observation Area,1
Medical Cardiac Critical Care,Medical Ward,74
Medical Cardiac Critical Care,Medical/Surgical Ward,7
Medical Cardiac Critical Care,Operating Room/Suite,14
Medical Cardiac Critical Care,Pulmonary Ward,2
Medical Cardiac Critical Care,Medical Cardiac Critical Care,5
Medical Cardiac Critical Care,Medical Critical Care,1
Medical Cardiac Critical Care,Surgical Cardiothoracic Critical Care,3
Medical Cardiac Critical Care,ONC General Hematology/Oncology Ward,1
Medical Cardiac Critical Care,Exit,18
Medical Critical Care,Adult Step Down Unit (post-critical care),2
Medical Critical Care,Endoscopy Suite,1
Medical Critical Care,Medical Ward,78
Medical Critical Care,Medical/Surgical Ward,2
Medical Critical Care,Neurology Ward,2
Medical Critical Care,Neurosurgical Ward,1
Medical Critical Care,Operating Room/Suite,12
Medical Critical Care,Postpartum Ward,2
Medical Critical Care,Pulmonary Ward,10
Medical Critical Care,Surgical Ward,1
Medical Critical Care,Medical Critical Care,8
Medical Critical Care,ONC Hematopoietic Stem Cell Transplant Ward,4
Medical Critical Care,ONC General Hematology/Oncology Ward,16
Medical Critical Care,Exit,34
Neonatal Critical Care (Level III),Operating Room/Suite,13
Neonatal Critical Care (Level III),Postpartum Ward,6
Neonatal Critical Care (Level III),"Labor, Delivery, Recovery, Postpartum Suite (LDRP)",4
Neonatal Critical Care (Level III),Neonatal Critical Care (Level III),198
Neonatal Critical Care (Level III),Pediatric Step Down Unit (post-critical care),1
Neonatal Critical Care (Level III),Step down Neonatal Nursery (Level II),36
Neonatal Critical Care (Level III),Exit,42
Neurologic Critical Care,Medical Ward,7
Neurologic Critical Care,Medical/Surgical Ward,1
Neurologic Critical Care,Neurology Ward,14
Neurologic Critical Care,Neurosurgical Ward,51
Neurologic Critical Care,Operating Room/Suite,8
Neurologic Critical Care,Surgical Ward,2
Neurologic Critical Care,Medical Cardiac Critical Care,1
Neurologic Critical Care,Neurologic Critical Care,1
Neurologic Critical Care,Surgical Cardiothoracic Critical Care,1
Neurologic Critical Care,ONC Hematopoietic Stem Cell Transplant Ward,1
Neurologic Critical Care,ONC General Hematology/Oncology Ward,4
Neurologic Critical Care,Exit,72
Pediatric Cardiothoracic Critical Care,Pediatric Medical Ward,4
Pediatric Cardiothoracic Critical Care,Medical/Surgical Ward,1
Pediatric Cardiothoracic Critical Care,Operating Room/Suite,11
Pediatric Cardiothoracic Critical Care,Postpartum Ward,1
Pediatric Cardiothoracic Critical Care,Neonatal Critical Care (Level III),5
Pediatric Cardiothoracic Critical Care,Pediatric Cardiothoracic Critical Care,18
Pediatric Cardiothoracic Critical Care,Pediatric Step Down Unit (post-critical care),18
Pediatric Cardiothoracic Critical Care,Exit,4
Pediatric Medical/Surgical Critical Care,Pediatric Medical Ward,27
Pediatric Medical/Surgical Critical Care,Operating Room/Suite,8
Pediatric Medical/Surgical Critical Care,Pediatric Cardiothoracic Critical Care,1
Pediatric Medical/Surgical Critical Care,Pediatric Medical/Surgical Critical Care,16
Pediatric Medical/Surgical Critical Care,Pediatric Step Down Unit (post-critical care),10
Pediatric Medical/Surgical Critical Care,ONC Pediatric Hematopoietic Stem Cell Transplant Ward,7
Pediatric Medical/Surgical Critical Care,ONC Pediatric General Hematology/Oncology Ward,29
Pediatric Medical/Surgical Critical Care,Exit,17
Pediatric Step Down Unit (post-critical care),Pediatric Medical Ward,15
Pediatric Step Down Unit (post-critical care),Operating Room/Suite,2
Pediatric Step Down Unit (post-critical care),Pediatric Cardiothoracic Critical Care,4
Pediatric Step Down Unit (post-critical care),Pediatric Medical/Surgical Critical Care,5
Pediatric Step Down Unit (post-critical care),Pediatric Step Down Unit (post-critical care),7
Pediatric Step Down Unit (post-critical care),ONC Pediatric General Hematology/Oncology Ward,3
Pediatric Step Down Unit (post-critical care),Exit,16
Step down Neonatal Nursery (Level II),Pediatric Medical Ward,1
Step down Neonatal Nursery (Level II),Operating Room/Suite,2
Step down Neonatal Nursery (Level II),Neonatal Critical Care (Level III),21
Step down Neonatal Nursery (Level II),Step down Neonatal Nursery (Level II),3
Step down Neonatal Nursery (Level II),Exit,13
Surgical Cardiothoracic Critical Care,Adult Step Down Unit (post-critical care),51
Surgical Cardiothoracic Critical Care,Medical Ward,1
Surgical Cardiothoracic Critical Care,Medical/Surgical Ward,143
Surgical Cardiothoracic Critical Care,Operating Room/Suite,10
Surgical Cardiothoracic Critical Care,Pulmonary Ward,2
Surgical Cardiothoracic Critical Care,Medical Cardiac Critical Care,9
Surgical Cardiothoracic Critical Care,Medical Critical Care,2
Surgical Cardiothoracic Critical Care,Neurologic Critical Care,1
Surgical Cardiothoracic Critical Care,Surgical Cardiothoracic Critical Care,11
Surgical Cardiothoracic Critical Care,Surgical Critical Care,1
Surgical Cardiothoracic Critical Care,Exit,7
Surgical Critical Care,Medical Ward,6
Surgical Critical Care,Medical/Surgical Ward,21
Surgical Critical Care,Neurology Ward,6
Surgical Critical Care,Operating Room/Suite,27
Surgical Critical Care,Postpartum Ward,2
Surgical Critical Care,Pulmonary Ward,2
Surgical Critical Care,Surgical Ward,47
Surgical Critical Care,Medical Cardiac Critical Care,1
Surgical Critical Care,Medical Critical Care,1
Surgical Critical Care,Neurologic Critical Care,1
Surgical Critical Care,Surgical Cardiothoracic Critical Care,3
Surgical Critical Care,Surgical Critical Care,9
Surgical Critical Care,ONC Hematopoietic Stem Cell Transplant Ward,1
Surgical Critical Care,ONC General Hematology/Oncology Ward,17
Surgical Critical Care,Exit,24
ONC Hematopoietic Stem Cell Transplant Ward,Endoscopy Suite,5
ONC Hematopoietic Stem Cell Transplant Ward,Medical Ward,1
ONC Hematopoietic Stem Cell Transplant Ward,Operating Room/Suite,4
ONC Hematopoietic Stem Cell Transplant Ward,Medical Critical Care,2
ONC Hematopoietic Stem Cell Transplant Ward,ONC Hematopoietic Stem Cell Transplant Ward,1
ONC Hematopoietic Stem Cell Transplant Ward,ONC General Hematology/Oncology Ward,3
ONC Hematopoietic Stem Cell Transplant Ward,Exit,54
ONC General Hematology/Oncology Ward,Endoscopy Suite,27
ONC General Hematology/Oncology Ward,Medical Ward,2
ONC General Hematology/Oncology Ward,Medical/Surgical Ward,1
ONC General Hematology/Oncology Ward,Operating Room/Suite,56
ONC General Hematology/Oncology Ward,Pulmonary Ward,1
ONC General Hematology/Oncology Ward,Surgical Ward,2
ONC General Hematology/Oncology Ward,Medical Cardiac Critical Care,1
ONC General Hematology/Oncology Ward,Medical Critical Care,10
ONC General Hematology/Oncology Ward,Neurologic Critical Care,1
ONC General Hematology/Oncology Ward,Surgical Critical Care,5
ONC General Hematology/Oncology Ward,ONC General Hematology/Oncology Ward,40
ONC General Hematology/Oncology Ward,Exit,492
ONC Pediatric Hematopoietic Stem Cell Transplant Ward,Pediatric Medical Ward,1
ONC Pediatric Hematopoietic Stem Cell Transplant Ward,Operating Room/Suite,9
ONC Pediatric Hematopoietic Stem Cell Transplant Ward,Pediatric Medical/Surgical Critical Care,10
ONC Pediatric Hematopoietic Stem Cell Transplant Ward,Exit,9
ONC Pediatric General Hematology/Oncology Ward,Operating Room/Suite,15
ONC Pediatric General Hematology/Oncology Ward,Pediatric Medical/Surgical Critical Care,9
ONC Pediatric General Hematology/Oncology Ward,Pediatric Step Down Unit (post-critical care),2
ONC Pediatric General Hematology/Oncology Ward,ONC General Hematology/Oncology Ward,1
ONC Pediatric General Hematology/Oncology Ward,ONC Pediatric General Hematology/Oncology Ward,9
ONC Pediatric General Hematology/Oncology Ward,Exit,210
