source,destination,count
Entry,24-Hour Observation Area,79
Entry,Adult Step Down Unit (post-critical care),33
Entry,Ambulatory Surgery Center,595
Entry,Emergency Department,6440
Entry,Endoscopy Suite,14
Entry,Behavioral Health/Psych Ward,41
Entry,Pediatric Medical Ward,52
Entry,Medical Ward,244
Entry,Medical/Surgical Ward,150
Entry,Neurology Ward,53
Entry,Neurosurgical Ward,45
Entry,Operating Room/Suite,1631
Entry,Postpartum Ward,138
Entry,Pulmonary Ward,46
Entry,Surgical Ward,67
Entry,"Labor, Delivery, Recovery, Postpartum Suite (LDRP)",469
Entry,Medical Cardiac Critical Care,39
Entry,Medical Critical Care,32
Entry,Neonatal Critical Care (Level III),45
Entry,Neurologic Critical Care,31
Entry,Pediatric Cardiothoracic Critical Care,14
Entry,Pediatric Medical/Surgical Critical Care,22
Entry,Pediatric Step Down Unit (post-critical care),5
Entry,Surgical Cardiothoracic Critical Care,11
Entry,Surgical Critical Care,6
Entry,ONC Hematopoietic Stem Cell Transplant Ward,43
Entry,ONC General Hematology/Oncology Ward,161
Entry,ONC Pediatric Hematopoietic Stem Cell Transplant Ward,9
Entry,ONC Pediatric General Hematology/Oncology Ward,89
24-Hour Observation Area,24-Hour Observation Area,8
24-Hour Observation Area,Medical Ward,7
24-Hour Observation Area,Medical/Surgical Ward,2
24-Hour Observation Area,Neurology Ward,1
24-Hour Observation Area,Operating Room/Suite,7
24-Hour Observation Area,Surgical Ward,1
24-Hour Observation Area,ONC General Hematology/Oncology Ward,1
24-Hour Observation Area,Exit,204
Adult Step Down Unit (post-critical care),Adult Step Down Unit (post-critical care),3
Adult Step Down Unit (post-critical care),Endoscopy Suite,6
Adult Step Down Unit (post-critical care),Medical Ward,3
Adult Step Down Unit (post-critical care),Operating Room/Suite,30
Adult Step Down Unit (post-critical care),Pulmonary Ward,1
Adult Step Down Unit (post-critical care),Surgical Ward,2
Adult Step Down Unit (post-critical care),Medical Cardiac Critical Care,2
Adult Step Down Unit (post-critical care),Medical Critical Care,1
Adult Step Down Unit (post-critical care),Surgical Cardiothoracic Critical Care,6
Adult Step Down Unit (post-critical care),ONC General Hematology/Oncology Ward,2
Adult Step Down Unit (post-critical care),Exit,86
Ambulatory Surgery Center,Medical/Surgical Ward,1
Ambulatory Surgery Center,Operating Room/Suite,6
Ambulatory Surgery Center,ONC General Hematology/Oncology Ward,1
Ambulatory Surgery Center,Exit,590
Emergency Department,Adult Step Down Unit (post-critical care),26
Emergency Department,Emergency Department,13133
Emergency Department,Endoscopy Suite,6
Emergency Department,Pediatric Medical Ward,79
Emergency Department,Medical Ward,499
Emergency Department,Medical/Surgical Ward,166
Emergency Department,Neurology Ward,78
Emergency Department,Neurosurgical Ward,85
Emergency Department,Operating Room/Suite,99
Emergency Department,Postpartum Ward,2
Emergency Department,Pulmonary Ward,62
Emergency Department,Surgical Ward,206
Emergency Department,"Labor, Delivery, Recovery, Postpartum Suite (LDRP)",2
Emergency Department,Medical Cardiac Critical Care,59
Emergency Department,Medical Critical Care,65
Emergency Department,Neonatal Critical Care (Level III),1
Emergency Department,Neurologic Critical Care,46
Emergency Department,Pediatric Medical/Surgical Critical Care,37
Emergency Department,Pediatric Step Down Unit (post-critical care),10
Emergency Department,Surgical Critical Care,26
Emergency Department,ONC Hematopoietic Stem Cell Transplant Ward,5
Emergency Department,ONC General Hematology/Oncology Ward,210
Emergency Department,ONC Pediatric General Hematology/Oncology Ward,82
Emergency Department,Exit,4617
Endoscopy Suite,Adult Step Down Unit (post-critical care),6
Endoscopy Suite,Emergency Department,5
Endoscopy Suite,Medical Ward,45
Endoscopy Suite,Medical/Surgical Ward,19
Endoscopy Suite,Neurology Ward,1
Endoscopy Suite,Neurosurgical Ward,3
Endoscopy Suite,Pulmonary Ward,19
Endoscopy Suite,Surgical Ward,13
Endoscopy Suite,Medical Critical Care,1
Endoscopy Suite,ONC Hematopoietic Stem Cell Transplant Ward,5
Endoscopy Suite,ONC General Hematology/Oncology Ward,18
Endoscopy Suite,Exit,12
Behavioral Health/Psych Ward,Behavioral Health/Psych Ward,7
Behavioral Health/Psych Ward,Exit,39
Pediatric Medical Ward,Pediatric Medical Ward,20
Pediatric Medical Ward,Operating Room/Suite,43
Pediatric Medical Ward,Pediatric Cardiothoracic Critical Care,1
Pediatric Medical Ward,Pediatric Medical/Surgical Critical Care,7
Pediatric Medical Ward,Pediatric Step Down Unit (post-critical care),4
Pediatric Medical Ward,ONC Pediatric General Hematology/Oncology Ward,2
Pediatric Medical Ward,Exit,219
Medical Ward,Adult Step Down Unit (post-critical care),1
Medical Ward,Ambulatory Surgery Center,1
Medical Ward,Emergency Department,1
Medical Ward,Endoscopy Suite,45
Medical Ward,Medical Ward,67
Medical Ward,Medical/Surgical Ward,3
Medical Ward,Neurology Ward,1
Medical Ward,Operating Room/Suite,91
Medical Ward,Pulmonary Ward,1
Medical Ward,Surgical Ward,2
Medical Ward,Medical Cardiac Critical Care,42
Medical Ward,Medical Critical Care,8
Medical Ward,Neurologic Critical Care,5
Medical Ward,Surgical Cardiothoracic Critical Care,3
Medical Ward,Surgical Critical Care,7
Medical Ward,ONC General Hematology/Oncology Ward,11
Medical Ward,Exit,864
Medical/Surgical Ward,Adult Step Down Unit (post-critical care),2
Medical/Surgical Ward,Ambulatory Surgery Center,1
Medical/Surgical Ward,Emergency Department,1
Medical/Surgical Ward,Endoscopy Suite,19
Medical/Surgical Ward,Pediatric Medical Ward,1
Medical/Surgical Ward,Medical Ward,15
Medical/Surgical Ward,Medical/Surgical Ward,34
Medical/Surgical Ward,Operating Room/Suite,158
Medical/Surgical Ward,Pulmonary Ward,4
Medical/Surgical Ward,Surgical Ward,23
Medical/Surgical Ward,Medical Cardiac Critical Care,6
Medical/Surgical Ward,Medical Critical Care,1
Medical/Surgical Ward,Surgical Cardiothoracic Critical Care,15
Medical/Surgical Ward,ONC General Hematology/Oncology Ward,9
Medical/Surgical Ward,Exit,407
Neurology Ward,Endoscopy Suite,1
Neurology Ward,Neurology Ward,14
Neurology Ward,Operating Room/Suite,30
Neurology Ward,Surgical Ward,1
Neurology Ward,Neurologic Critical Care,6
Neurology Ward,ONC General Hematology/Oncology Ward,4
Neurology Ward,Exit,214
Neurosurgical Ward,Endoscopy Suite,3
Neurosurgical Ward,Medical Ward,3
Neurosurgical Ward,Neurosurgical Ward,1
Neurosurgical Ward,Operating Room/Suite,54
Neurosurgical Ward,Surgical Ward,3
Neurosurgical Ward,Medical Cardiac Critical Care,1
Neurosurgical Ward,Medical Critical Care,1
Neurosurgical Ward,Neurologic Critical Care,5
Neurosurgical Ward,ONC General Hematology/Oncology Ward,4
Neurosurgical Ward,Exit,177
Operating Room/Suite,24-Hour Observation Area,144
Operating Room/Suite,Adult Step Down Unit (post-critical care),22
Operating Room/Suite,Pediatric Medical Ward,92
Operating Room/Suite,Medical Ward,73
Operating Room/Suite,Medical/Surgical Ward,155
Operating Room/Suite,Neurology Ward,83
Operating Room/Suite,Neurosurgical Ward,43
Operating Room/Suite,Operating Room/Suite,149
Operating Room/Suite,Pulmonary Ward,11
Operating Room/Suite,Surgical Ward,389
Operating Room/Suite,"Labor, Delivery, Recovery, Postpartum Suite (LDRP)",3
Operating Room/Suite,Medical Cardiac Critical Care,6
Operating Room/Suite,Medical Critical Care,6
Operating Room/Suite,Neonatal Critical Care (Level III),10
Operating Room/Suite,Neurologic Critical Care,114
Operating Room/Suite,Pediatric Cardiothoracic Critical Care,18
Operating Room/Suite,Pediatric Medical/Surgical Critical Care,29
Operating Room/Suite,Pediatric Step Down Unit (post-critical care),17
Operating Room/Suite,Surgical Cardiothoracic Critical Care,201
Operating Room/Suite,Surgical Critical Care,78
Operating Room/Suite,ONC General Hematology/Oncology Ward,142
Operating Room/Suite,ONC Pediatric Hematopoietic Stem Cell Transplant Ward,8
Operating Room/Suite,ONC Pediatric General Hematology/Oncology Ward,24
Operating Room/Suite,Exit,822
Postpartum Ward,Medical/Surgical Ward,1
Postpartum Ward,Postpartum Ward,32
Postpartum Ward,Pulmonary Ward,1
Postpartum Ward,Surgical Ward,1
Postpartum Ward,"Labor, Delivery, Recovery, Postpartum Suite (LDRP)",19
Postpartum Ward,Neonatal Critical Care (Level III),9
Postpartum Ward,ONC General Hematology/Oncology Ward,2
Postpartum Ward,ONC Pediatric General Hematology/Oncology Ward,4
Postpartum Ward,Exit,494
Pulmonary Ward,Endoscopy Suite,16
Pulmonary Ward,Medical Ward,2
Pulmonary Ward,Medical/Surgical Ward,1
Pulmonary Ward,Operating Room/Suite,14
Pulmonary Ward,Pulmonary Ward,4
Pulmonary Ward,Medical Cardiac Critical Care,1
Pulmonary Ward,Medical Critical Care,6
Pulmonary Ward,Surgical Cardiothoracic Critical Care,1
Pulmonary Ward,ONC General Hematology/Oncology Ward,2
Pulmonary Ward,Exit,111
Surgical Ward,Emergency Department,3
Surgical Ward,Endoscopy Suite,13
Surgical Ward,Medical Ward,4
Surgical Ward,Medical/Surgical Ward,2
Surgical Ward,Operating Room/Suite,129
Surgical Ward,Surgical Ward,28
Surgical Ward,Medical Cardiac Critical Care,1
Surgical Ward,Medical Critical Care,5
Surgical Ward,Surgical Critical Care,13
Surgical Ward,ONC General Hematology/Oncology Ward,7
Surgical Ward,Exit,581
"Labor, Delivery, Recovery, Postpartum Suite (LDRP)",Operating Room/Suite,4
"Labor, Delivery, Recovery, Postpartum Suite (LDRP)",Postpartum Ward,402
"Labor, Delivery, Recovery, Postpartum Suite (LDRP)","Labor, Delivery, Recovery, Postpartum Suite (LDRP)",91
"Labor, Delivery, Recovery, Postpartum Suite (LDRP)",Medical Critical Care,1
"Labor, Delivery, Recovery, Postpartum Suite (LDRP)",Neonatal Critical Care (Level III),25
"Labor, Delivery, Recovery, Postpartum Suite (LDRP)",Pediatric Cardiothoracic Critical Care,1
"Labor, Delivery, Recovery, Postpartum Suite (LDRP)",Surgical Critical Care,2
"Labor, Delivery, Recovery, Postpartum Suite (LDRP)",ONC General Hematology/Oncology Ward,1
"Labor, Delivery, Recovery, Postpartum Suite (LDRP)",Exit,60
Medical Cardiac Critical Care,Medical Ward,114
Medical Cardiac Critical Care,Medical/Surgical Ward,2
Medical Cardiac Critical Care,Neurology Ward,1
Medical Cardiac Critical Care,Operating Room/Suite,20
Medical Cardiac Critical Care,Medical Cardiac Critical Care,6
Medical Cardiac Critical Care,Medical Critical Care,2
Medical Cardiac Critical Care,Exit,30
Medical Critical Care,Endoscopy Suite,1
Medical Critical Care,Medical Ward,63
Medical Critical Care,Medical/Surgical Ward,2
Medical Critical Care,Neurosurgical Ward,1
Medical Critical Care,Operating Room/Suite,4
Medical Critical Care,Pulmonary Ward,15
Medical Critical Care,Surgical Ward,1
Medical Critical Care,"Labor, Delivery, Recovery, Postpartum Suite (LDRP)",1
Medical Critical Care,Medical Cardiac Critical Care,2
Medical Critical Care,Medical Critical Care,7
Medical Critical Care,Neurologic Critical Care,1
Medical Critical Care,Surgical Cardiothoracic Critical Care,1
Medical Critical Care,Surgical Critical Care,2
Medical Critical Care,ONC Hematopoietic Stem Cell Transplant Ward,1
Medical Critical Care,ONC General Hematology/Oncology Ward,16
Medical Critical Care,Exit,32
Neonatal Critical Care (Level III),Operating Room/Suite,8
Neonatal Critical Care (Level III),Postpartum Ward,5
Neonatal Critical Care (Level III),Neonatal Critical Care (Level III),191
Neonatal Critical Care (Level III),Pediatric Cardiothoracic Critical Care,1
Neonatal Critical Care (Level III),Pediatric Medical/Surgical Critical Care,2
Neonatal Critical Care (Level III),Pediatric Step Down Unit (post-critical care),1
Neonatal Critical Care (Level III),Step down Neonatal Nursery (Level II),27
Neonatal Critical Care (Level III),ONC Pediatric General Hematology/Oncology Ward,1
Neonatal Critical Care (Level III),Exit,53
Neurologic Critical Care,Emergency Department,1
Neurologic Critical Care,Medical Ward,14
Neurologic Critical Care,Medical/Surgical Ward,1
Neurologic Critical Care,Neurology Ward,32
Neurologic Critical Care,Neurosurgical Ward,72
Neurologic Critical Care,Operating Room/Suite,16
Neurologic Critical Care,Pulmonary Ward,1
Neurologic Critical Care,Surgical Ward,2
Neurologic Critical Care,Medical Critical Care,2
Neurologic Critical Care,Neurologic Critical Care,1
Neurologic Critical Care,ONC General Hematology/Oncology Ward,4
Neurologic Critical Care,Exit,63
Pediatric Cardiothoracic Critical Care,Pediatric Medical Ward,6
Pediatric Cardiothoracic Critical Care,Medical/Surgical Ward,1
Pediatric Cardiothoracic Critical Care,Operating Room/Suite,6
Pediatric Cardiothoracic Critical Care,Neonatal Critical Care (Level III),2
Pediatric Cardiothoracic Critical Care,Pediatric Cardiothoracic Critical Care,27
Pediatric Cardiothoracic Critical Care,Pediatric Medical/Surgical Critical Care,4
Pediatric Cardiothoracic Critical Care,Pediatric Step Down Unit (post-critical care),14
Pediatric Cardiothoracic Critical Care,Exit,5
Pediatric Medical/Surgical Critical Care,Pediatric Medical Ward,31
Pediatric Medical/Surgical Critical Care,Medical Ward,1
Pediatric Medical/Surgical Critical Care,Operating Room/Suite,7
Pediatric Medical/Surgical Critical Care,Pediatric Cardiothoracic Critical Care,2
Pediatric Medical/Surgical Critical Care,Pediatric Medical/Surgical Critical Care,31
Pediatric Medical/Surgical Critical Care,Pediatric Step Down Unit (post-critical care),20
Pediatric Medical/Surgical Critical Care,ONC Pediatric Hematopoietic Stem Cell Transplant Ward,1
Pediatric Medical/Surgical Critical Care,ONC Pediatric General Hematology/Oncology Ward,41
Pediatric Medical/Surgical Critical Care,Exit,13
Pediatric Step Down Unit (post-critical care),Pediatric Medical Ward,21
Pediatric Step Down Unit (post-critical care),Operating Room/Suite,9
Pediatric Step Down Unit (post-critical care),Pediatric Cardiothoracic Critical Care,2
Pediatric Step Down Unit (post-critical care),Pediatric Medical/Surgical Critical Care,4
Pediatric Step Down Unit (post-critical care),Pediatric Step Down Unit (post-critical care),15
Pediatric Step Down Unit (post-critical care),ONC Pediatric General Hematology/Oncology Ward,4
Pediatric Step Down Unit (post-critical care),Exit,29
Step down Neonatal Nursery (Level II),Operating Room/Suite,2
Step down Neonatal Nursery (Level II),Neonatal Critical Care (Level III),13
Step down Neonatal Nursery (Level II),Step down Neonatal Nursery (Level II),3
Step down Neonatal Nursery (Level II),Exit,12
Surgical Cardiothoracic Critical Care,Adult Step Down Unit (post-critical care),48
Surgical Cardiothoracic Critical Care,Medical/Surgical Ward,149
Surgical Cardiothoracic Critical Care,Operating Room/Suite,14
Surgical Cardiothoracic Critical Care,Pulmonary Ward,2
Surgical Cardiothoracic Critical Care,Medical Cardiac Critical Care,6
Surgical Cardiothoracic Critical Care,Medical Critical Care,2
Surgical Cardiothoracic Critical Care,Surgical Cardiothoracic Critical Care,7
Surgical Cardiothoracic Critical Care,Surgical Critical Care,2
Surgical Cardiothoracic Critical Care,Exit,17
Surgical Critical Care,Adult Step Down Unit (post-critical care),1
Surgical Critical Care,Medical Ward,11
Surgical Critical Care,Medical/Surgical Ward,16
Surgical Critical Care,Neurology Ward,6
Surgical Critical Care,Neurosurgical Ward,1
Surgical Critical Care,Operating Room/Suite,19
Surgical Critical Care,Postpartum Ward,2
Surgical Critical Care,Pulmonary Ward,1
Surgical Critical Care,Surgical Ward,48
Surgical Critical Care,Medical Cardiac Critical Care,2
Surgical Critical Care,Medical Critical Care,2
Surgical Critical Care,Neurologic Critical Care,1
Surgical Critical Care,Surgical Critical Care,4
Surgical Critical Care,ONC General Hematology/Oncology Ward,9
Surgical Critical Care,Exit,27
ONC Hematopoietic Stem Cell Transplant Ward,Endoscopy Suite,5
ONC Hematopoietic Stem Cell Transplant Ward,Medical Critical Care,1
ONC Hematopoietic Stem Cell Transplant Ward,ONC Hematopoietic Stem Cell Transplant Ward,7
ONC Hematopoietic Stem Cell Transplant Ward,ONC General Hematology/Oncology Ward,4
ONC Hematopoietic Stem Cell Transplant Ward,Exit,42
ONC General Hematology/Oncology Ward,Emergency Department,1
ONC General Hematology/Oncology Ward,Endoscopy Suite,18
ONC General Hematology/Oncology Ward,Medical Ward,6
ONC General Hematology/Oncology Ward,Operating Room/Suite,63
ONC General Hematology/Oncology Ward,Surgical Ward,2
ONC General Hematology/Oncology Ward,Medical Cardiac Critical Care,3
ONC General Hematology/Oncology Ward,Medical Critical Care,10
ONC General Hematology/Oncology Ward,Neurologic Critical Care,2
ONC General Hematology/Oncology Ward,Surgical Critical Care,1
ONC General Hematology/Oncology Ward,ONC Hematopoietic Stem Cell Transplant Ward,2
ONC General Hematology/Oncology Ward,ONC General Hematology/Oncology Ward,76
ONC General Hematology/Oncology Ward,Exit,493
ONC Pediatric Hematopoietic Stem Cell Transplant Ward,Operating Room/Suite,4
ONC Pediatric Hematopoietic Stem Cell Transplant Ward,Pediatric Medical/Surgical Critical Care,2
ONC Pediatric Hematopoietic Stem Cell Transplant Ward,ONC Pediatric Hematopoietic Stem Cell Transplant Ward,2
ONC Pediatric Hematopoietic Stem Cell Transplant Ward,Exit,13
ONC Pediatric General Hematology/Oncology Ward,Ambulatory Surgery Center,1
ONC Pediatric General Hematology/Oncology Ward,Pediatric Medical Ward,2
ONC Pediatric General Hematology/Oncology Ward,Medical Ward,1
ONC Pediatric General Hematology/Oncology Ward,Operating Room/Suite,23
ONC Pediatric General Hematology/Oncology Ward,Pediatric Medical/Surgical Critical Care,10
ONC Pediatric General Hematology/Oncology Ward,ONC Pediatric Hematopoietic Stem Cell Transplant Ward,1
ONC Pediatric General Hematology/Oncology Ward,ONC Pediatric General Hematology/Oncology Ward,22
ONC Pediatric General Hematology/Oncology Ward,Exit,203
