source,destination,count
Entry,24-Hour Observation Area,75
Entry,Adult Step Down Unit (post-critical care),36
Entry,Ambulatory Surgery Center,494
Entry,Emergency Department,6681
Entry,Endoscopy Suite,17
Entry,Behavioral Health/Psych Ward,33
Entry,Pediatric Medical Ward,39
Entry,Medical Ward,271
Entry,Medical/Surgical Ward,131
Entry,Neurology Ward,51
Entry,Neurosurgical Ward,58
Entry,Operating Room/Suite,1494
Entry,Postpartum Ward,125
Entry,Pulmonary Ward,37
Entry,Surgical Ward,62
Entry,"Labor, Delivery, Recovery, Postpartum Suite (LDRP)",521
Entry,Medical Cardiac Critical Care,34
Entry,Medical Critical Care,32
Entry,Neonatal Critical Care (Level III),41
Entry,Neurologic Critical Care,31
Entry,Pediatric Cardiothoracic Critical Care,8
Entry,Pediatric Medical/Surgical Critical Care,16
Entry,Surgical Cardiothoracic Critical Care,19
Entry,Surgical Critical Care,2
Entry,ONC Hematopoietic Stem Cell Transplant Ward,31
Entry,ONC General Hematology/Oncology Ward,196
Entry,ONC Pediatric Hematopoietic Stem Cell Transplant Ward,12
Entry,ONC Pediatric General Hematology/Oncology Ward,98
24-Hour Observation Area,24-Hour Observation Area,2
24-Hour Observation Area,Medical Ward,2
24-Hour Observation Area,Medical/Surgical Ward,2
24-Hour Observation Area,Operating Room/Suite,12
24-Hour Observation Area,Surgical Ward,3
24-Hour Observation Area,Medical Cardiac Critical Care,1
24-Hour Observation Area,ONC General Hematology/Oncology Ward,2
24-Hour Observation Area,Exit,144
Adult Step Down Unit (post-critical care),Adult Step Down Unit (post-critical care),2
Adult Step Down Unit (post-critical care),Endoscopy Suite,13
Adult Step Down Unit (post-critical care),Medical Ward,5
Adult Step Down Unit (post-critical care),Operating Room/Suite,36
Adult Step Down Unit (post-critical care),Medical Cardiac Critical Care,2
Adult Step Down Unit (post-critical care),Surgical Cardiothoracic Critical Care,6
Adult Step Down Unit (post-critical care),Surgical Critical Care,2
Adult Step Down Unit (post-critical care),Exit,77
Ambulatory Surgery Center,Pediatric Medical Ward,1
Ambulatory Surgery Center,ONC General Hematology/Oncology Ward,1
Ambulatory Surgery Center,Exit,492
Emergency Department,Adult Step Down Unit (post-critical care),21
Emergency Department,Emergency Department,14750
Emergency Department,Endoscopy Suite,2
Emergency Department,Pediatric Medical Ward,66
Emergency Department,Medical Ward,497
Emergency Department,Medical/Surgical Ward,106
Emergency Department,Neurology Ward,102
Emergency Department,Neurosurgical Ward,113
Emergency Department,Operating Room/Suite,84
Emergency Department,Pulmonary Ward,53
Emergency Department,Surgical Ward,172
Emergency Department,"Labor, Delivery, Recovery, Postpartum Suite (LDRP)",1
Emergency Department,Medical Cardiac Critical Care,33
Emergency Department,Medical Critical Care,56
Emergency Department,Neurologic Critical Care,54
Emergency Department,Pediatric Cardiothoracic Critical Care,1
Emergency Department,Pediatric Medical/Surgical Critical Care,21
Emergency Department,Pediatric Step Down Unit (post-critical care),4
Emergency Department,Surgical Cardiothoracic Critical Care,2
Emergency Department,Surgical Critical Care,27
Emergency Department,ONC Hematopoietic Stem Cell Transplant Ward,2
Emergency Department,ONC General Hematology/Oncology Ward,232
Emergency Department,ONC Pediatric Hematopoietic Stem Cell Transplant Ward,1
Emergency Department,ONC Pediatric General Hematology/Oncology Ward,85
Emergency Department,Exit,4927
Endoscopy Suite,Adult Step Down Unit (post-critical care),13
Endoscopy Suite,Emergency Department,2
Endoscopy Suite,Medical Ward,37
Endoscopy Suite,Medical/Surgical Ward,25
Endoscopy Suite,Neurology Ward,2
Endoscopy Suite,Neurosurgical Ward,2
Endoscopy Suite,Pulmonary Ward,20
Endoscopy Suite,Surgical Ward,8
Endoscopy Suite,Surgical Cardiothoracic Critical Care,1
Endoscopy Suite,ONC Hematopoietic Stem Cell Transplant Ward,2
Endoscopy Suite,ONC General Hematology/Oncology Ward,23
Endoscopy Suite,Exit,16
Behavioral Health/Psych Ward,Behavioral Health/Psych Ward,10
Behavioral Health/Psych Ward,Exit,30
Pediatric Medical Ward,Pediatric Medical Ward,10
Pediatric Medical Ward,Operating Room/Suite,41
Pediatric Medical Ward,Pediatric Medical/Surgical Critical Care,4
Pediatric Medical Ward,Pediatric Step Down Unit (post-critical care),1
Pediatric Medical Ward,ONC Pediatric General Hematology/Oncology Ward,1
Pediatric Medical Ward,Exit,235
Medical Ward,Emergency Department,3
Medical Ward,Endoscopy Suite,35
Medical Ward,Medical Ward,52
Medical Ward,Medical/Surgical Ward,2
Medical Ward,Neurology Ward,1
Medical Ward,Operating Room/Suite,104
Medical Ward,Pulmonary Ward,5
Medical Ward,Surgical Ward,2
Medical Ward,Medical Cardiac Critical Care,27
Medical Ward,Medical Critical Care,28
Medical Ward,Neurologic Critical Care,5
Medical Ward,Surgical Critical Care,6
Medical Ward,ONC Hematopoietic Stem Cell Transplant Ward,1
Medical Ward,ONC General Hematology/Oncology Ward,5
Medical Ward,Exit,871
Medical/Surgical Ward,Emergency Department,1
Medical/Surgical Ward,Endoscopy Suite,25
Medical/Surgical Ward,Medical Ward,9
Medical/Surgical Ward,Medical/Surgical Ward,30
Medical/Surgical Ward,Neurology Ward,4
Medical/Surgical Ward,Operating Room/Suite,112
Medical/Surgical Ward,Pulmonary Ward,2
Medical/Surgical Ward,Surgical Ward,23
Medical/Surgical Ward,Medical Cardiac Critical Care,2
Medical/Surgical Ward,Medical Critical Care,2
Medical/Surgical Ward,Neurologic Critical Care,2
Medical/Surgical Ward,Surgical Cardiothoracic Critical Care,11
Medical/Surgical Ward,Surgical Critical Care,4
Medical/Surgical Ward,ONC General Hematology/Oncology Ward,6
Medical/Surgical Ward,Exit,355
Neurology Ward,Endoscopy Suite,2
Neurology Ward,Medical Ward,3
Neurology Ward,Neurology Ward,14
Neurology Ward,Neurosurgical Ward,1
Neurology Ward,Operating Room/Suite,35
Neurology Ward,Surgical Ward,4
Neurology Ward,Neurologic Critical Care,6
Neurology Ward,Surgical Cardiothoracic Critical Care,1
Neurology Ward,Surgical Critical Care,1
Neurology Ward,ONC General Hematology/Oncology Ward,2
Neurology Ward,ONC Pediatric General Hematology/Oncology Ward,1
Neurology Ward,Exit,214
Neurosurgical Ward,Endoscopy Suite,2
Neurosurgical Ward,Medical Ward,3
Neurosurgical Ward,Neurosurgical Ward,3
Neurosurgical Ward,Operating Room/Suite,64
Neurosurgical Ward,Surgical Ward,1
Neurosurgical Ward,Medical Cardiac Critical Care,1
Neurosurgical Ward,Medical Critical Care,2
Neurosurgical Ward,Neurologic Critical Care,6
Neurosurgical Ward,Surgical Critical Care,1
Neurosurgical Ward,ONC General Hematology/Oncology Ward,4
Neurosurgical Ward,Exit,226
Operating Room/Suite,24-Hour Observation Area,88
Operating Room/Suite,Adult Step Down Unit (post-critical care),21
Operating Room/Suite,Emergency Department,1
Operating Room/Suite,Endoscopy Suite,1
Operating Room/Suite,Pediatric Medical Ward,115
Operating Room/Suite,Medical Ward,84
Operating Room/Suite,Medical/Surgical Ward,138
Operating Room/Suite,Neurology Ward,82
Operating Room/Suite,Neurosurgical Ward,61
Operating Room/Suite,Operating Room/Suite,99
Operating Room/Suite,Postpartum Ward,1
Operating Room/Suite,Pulmonary Ward,3
Operating Room/Suite,Surgical Ward,363
Operating Room/Suite,"Labor, Delivery, Recovery, Postpartum Suite (LDRP)",1
Operating Room/Suite,Medical Cardiac Critical Care,2
Operating Room/Suite,Medical Critical Care,7
Operating Room/Suite,Neonatal Critical Care (Level III),11
Operating Room/Suite,Neurologic Critical Care,94
Operating Room/Suite,Pediatric Cardiothoracic Critical Care,20
Operating Room/Suite,Pediatric Medical/Surgical Critical Care,25
Operating Room/Suite,Pediatric Step Down Unit (post-critical care),10
Operating Room/Suite,Surgical Cardiothoracic Critical Care,159
Operating Room/Suite,Surgical Critical Care,92
Operating Room/Suite,ONC General Hematology/Oncology Ward,167
Operating Room/Suite,ONC Pediatric Hematopoietic Stem Cell Transplant Ward,14
Operating Room/Suite,ONC Pediatric General Hematology/Oncology Ward,27
Operating Room/Suite,Exit,717
Postpartum Ward,Postpartum Ward,38
Postpartum Ward,Surgical Ward,1
Postpartum Ward,"Labor, Delivery, Recovery, Postpartum Suite (LDRP)",23
Postpartum Ward,Neonatal Critical Care (Level III),14
Postpartum Ward,ONC General Hematology/Oncology Ward,1
Postpartum Ward,ONC Pediatric General Hematology/Oncology Ward,6
Postpartum Ward,Exit,528
Pulmonary Ward,Endoscopy Suite,20
Pulmonary Ward,Medical Ward,1
Pulmonary Ward,Medical/Surgical Ward,1
Pulmonary Ward,Operating Room/Suite,6
Pulmonary Ward,Pulmonary Ward,5
Pulmonary Ward,Medical Critical Care,5
Pulmonary Ward,ONC General Hematology/Oncology Ward,6
Pulmonary Ward,Exit,101
Surgical Ward,Emergency Department,3
Surgical Ward,Endoscopy Suite,8
Surgical Ward,Medical Ward,5
Surgical Ward,Medical/Surgical Ward,1
Surgical Ward,Neurology Ward,2
Surgical Ward,Neurosurgical Ward,1
Surgical Ward,Operating Room/Suite,107
Surgical Ward,Surgical Ward,37
Surgical Ward,Medical Cardiac Critical Care,1
Surgical Ward,Medical Critical Care,1
Surgical Ward,Surgical Cardiothoracic Critical Care,1
Surgical Ward,Surgical Critical Care,7
Surgical Ward,ONC General Hematology/Oncology Ward,6
Surgical Ward,Exit,532
"Labor, Delivery, Recovery, Postpartum Suite (LDRP)",Medical Ward,1
"Labor, Delivery, Recovery, Postpartum Suite (LDRP)",Operating Room/Suite,2
"Labor, Delivery, Recovery, Postpartum Suite (LDRP)",Postpartum Ward,433
"Labor, Delivery, Recovery, Postpartum Suite (LDRP)",Surgical Ward,1
"Labor, Delivery, Recovery, Postpartum Suite (LDRP)","Labor, Delivery, Recovery, Postpartum Suite (LDRP)",98
"Labor, Delivery, Recovery, Postpartum Suite (LDRP)",Medical Critical Care,1
"Labor, Delivery, Recovery, Postpartum Suite (LDRP)",Neonatal Critical Care (Level III),36
"Labor, Delivery, Recovery, Postpartum Suite (LDRP)",Pediatric Cardiothoracic Critical Care,2
"Labor, Delivery, Recovery, Postpartum Suite (LDRP)",Surgical Critical Care,2
"Labor, Delivery, Recovery, Postpartum Suite (LDRP)",ONC Pediatric General Hematology/Oncology Ward,1
"Labor, Delivery, Recovery, Postpartum Suite (LDRP)",Exit,71
Medical Cardiac Critical Care,Adult Step Down Unit (post-critical care),2
Medical Cardiac Critical Care,Medical Ward,70
Medical Cardiac Critical Care,Medical/Surgical Ward,6
Medical Cardiac Critical Care,Operating Room/Suite,13
Medical Cardiac Critical Care,Pulmonary Ward,1
Medical Cardiac Critical Care,Surgical Ward,3
Medical Cardiac Critical Care,Medical Cardiac Critical Care,5
Medical Cardiac Critical Care,Surgical Cardiothoracic Critical Care,3
Medical Cardiac Critical Care,ONC General Hematology/Oncology Ward,1
Medical Cardiac Critical Care,Exit,16
Medical Critical Care,Medical Ward,80
Medical Critical Care,Medical/Surgical Ward,1
Medical Critical Care,Neurology Ward,1
Medical Critical Care,Neurosurgical Ward,1
Medical Critical Care,Operating Room/Suite,10
Medical Critical Care,Pulmonary Ward,15
Medical Critical Care,Surgical Ward,1
Medical Critical Care,Medical Critical Care,4
Medical Critical Care,Surgical Critical Care,1
Medical Critical Care,ONC General Hematology/Oncology Ward,11
Medical Critical Care,Exit,26
Neonatal Critical Care (Level III),Pediatric Medical Ward,1
Neonatal Critical Care (Level III),Operating Room/Suite,11
Neonatal Critical Care (Level III),Postpartum Ward,6
Neonatal Critical Care (Level III),"Labor, Delivery, Recovery, Postpartum Suite (LDRP)",3
Neonatal Critical Care (Level III),Neonatal Critical Care (Level III),215
Neonatal Critical Care (Level III),Pediatric Cardiothoracic Critical Care,2
Neonatal Critical Care (Level III),Pediatric Medical/Surgical Critical Care,3
Neonatal Critical Care (Level III),Step down Neonatal Nursery (Level II),32
Neonatal Critical Care (Level III),ONC Pediatric General Hematology/Oncology Ward,3
Neonatal Critical Care (Level III),Exit,53
Neurologic Critical Care,Adult Step Down Unit (post-critical care),1
Neurologic Critical Care,Medical Ward,9
Neurologic Critical Care,Medical/Surgical Ward,1
Neurologic Critical Care,Neurology Ward,21
Neurologic Critical Care,Neurosurgical Ward,71
Neurologic Critical Care,Operating Room/Suite,15
Neurologic Critical Care,Pulmonary Ward,1
Neurologic Critical Care,Surgical Ward,1
Neurologic Critical Care,Medical Critical Care,1
Neurologic Critical Care,Neurologic Critical Care,4
Neurologic Critical Care,Surgical Cardiothoracic Critical Care,2
Neurologic Critical Care,ONC General Hematology/Oncology Ward,3
Neurologic Critical Care,Exit,72
Pediatric Cardiothoracic Critical Care,Pediatric Medical Ward,12
Pediatric Cardiothoracic Critical Care,Operating Room/Suite,6
Pediatric Cardiothoracic Critical Care,Neonatal Critical Care (Level III),1
Pediatric Cardiothoracic Critical Care,Pediatric Cardiothoracic Critical Care,23
Pediatric Cardiothoracic Critical Care,Pediatric Step Down Unit (post-critical care),13
Pediatric Cardiothoracic Critical Care,Exit,3
Pediatric Medical/Surgical Critical Care,Pediatric Medical Ward,21
Pediatric Medical/Surgical Critical Care,Neurosurgical Ward,1
Pediatric Medical/Surgical Critical Care,Operating Room/Suite,2
Pediatric Medical/Surgical Critical Care,Neonatal Critical Care (Level III),1
Pediatric Medical/Surgical Critical Care,Pediatric Cardiothoracic Critical Care,2
Pediatric Medical/Surgical Critical Care,Pediatric Medical/Surgical Critical Care,19
Pediatric Medical/Surgical Critical Care,Pediatric Step Down Unit (post-critical care),7
Pediatric Medical/Surgical Critical Care,ONC Pediatric Hematopoietic Stem Cell Transplant Ward,3
Pediatric Medical/Surgical Critical Care,ONC Pediatric General Hematology/Oncology Ward,35
Pediatric Medical/Surgical Critical Care,Exit,14
Pediatric Step Down Unit (post-critical care),Pediatric Medical Ward,17
Pediatric Step Down Unit (post-critical care),Operating Room/Suite,4
Pediatric Step Down Unit (post-critical care),Pediatric Cardiothoracic Critical Care,1
Pediatric Step Down Unit (post-critical care),Pediatric Medical/Surgical Critical Care,4
Pediatric Step Down Unit (post-critical care),Pediatric Step Down Unit (post-critical care),8
Pediatric Step Down Unit (post-critical care),ONC Pediatric General Hematology/Oncology Ward,5
Pediatric Step Down Unit (post-critical care),Exit,4
Step down Neonatal Nursery (Level II),Pediatric Medical Ward,1
Step down Neonatal Nursery (Level II),Neonatal Critical Care (Level III),16
Step down Neonatal Nursery (Level II),Step down Neonatal Nursery (Level II),11
Step down Neonatal Nursery (Level II),Exit,14
Surgical Cardiothoracic Critical Care,Adult Step Down Unit (post-critical care),46
Surgical Cardiothoracic Critical Care,Endoscopy Suite,1
Surgical Cardiothoracic Critical Care,Medical Ward,1
Surgical Cardiothoracic Critical Care,Medical/Surgical Ward,121
Surgical Cardiothoracic Critical Care,Operating Room/Suite,15
Surgical Cardiothoracic Critical Care,Pulmonary Ward,1
Surgical Cardiothoracic Critical Care,Surgical Ward,1
Surgical Cardiothoracic Critical Care,Medical Cardiac Critical Care,5
Surgical Cardiothoracic Critical Care,Surgical Cardiothoracic Critical Care,19
Surgical Cardiothoracic Critical Care,Surgical Critical Care,4
Surgical Cardiothoracic Critical Care,Exit,15
Surgical Critical Care,Adult Step Down Unit (post-critical care),5
Surgical Critical Care,Medical Ward,10
Surgical Critical Care,Medical/Surgical Ward,15
Surgical Critical Care,Neurology Ward,3
Surgical Critical Care,Neurosurgical Ward,1
Surgical Critical Care,Operating Room/Suite,31
Surgical Critical Care,Surgical Ward,37
Surgical Critical Care,"Labor, Delivery, Recovery, Postpartum Suite (LDRP)",1
Surgical Critical Care,Medical Cardiac Critical Care,1
Surgical Critical Care,Medical Critical Care,1
Surgical Critical Care,Neurologic Critical Care,1
Surgical Critical Care,Surgical Cardiothoracic Critical Care,6
Surgical Critical Care,Surgical Critical Care,2
Surgical Critical Care,ONC General Hematology/Oncology Ward,17
Surgical Critical Care,Exit,28
ONC Hematopoietic Stem Cell Transplant Ward,Endoscopy Suite,2
ONC Hematopoietic Stem Cell Transplant Ward,Operating Room/Suite,1
ONC Hematopoietic Stem Cell Transplant Ward,ONC Hematopoietic Stem Cell Transplant Ward,12
ONC Hematopoietic Stem Cell Transplant Ward,ONC General Hematology/Oncology Ward,2
ONC Hematopoietic Stem Cell Transplant Ward,Exit,32
ONC General Hematology/Oncology Ward,Endoscopy Suite,23
ONC General Hematology/Oncology Ward,Medical Ward,4
ONC General Hematology/Oncology Ward,Neurology Ward,1
ONC General Hematology/Oncology Ward,Neurosurgical Ward,1
ONC General Hematology/Oncology Ward,Operating Room/Suite,65
ONC General Hematology/Oncology Ward,Pulmonary Ward,1
ONC General Hematology/Oncology Ward,Surgical Ward,4
ONC General Hematology/Oncology Ward,"Labor, Delivery, Recovery, Postpartum Suite (LDRP)",1
ONC General Hematology/Oncology Ward,Medical Cardiac Critical Care,2
ONC General Hematology/Oncology Ward,Medical Critical Care,9
ONC General Hematology/Oncology Ward,Neurologic Critical Care,2
ONC General Hematology/Oncology Ward,Surgical Critical Care,8
ONC General Hematology/Oncology Ward,ONC Hematopoietic Stem Cell Transplant Ward,2
ONC General Hematology/Oncology Ward,ONC General Hematology/Oncology Ward,42
ONC General Hematology/Oncology Ward,Exit,564
ONC Pediatric Hematopoietic Stem Cell Transplant Ward,Operating Room/Suite,8
ONC Pediatric Hematopoietic Stem Cell Transplant Ward,Pediatric Medical/Surgical Critical Care,4
ONC Pediatric Hematopoietic Stem Cell Transplant Ward,ONC Pediatric Hematopoietic Stem Cell Transplant Ward,3
ONC Pediatric Hematopoietic Stem Cell Transplant Ward,ONC Pediatric General Hematology/Oncology Ward,1
ONC Pediatric Hematopoietic Stem Cell Transplant Ward,Exit,15
ONC Pediatric General Hematology/Oncology Ward,Emergency Department,1
ONC Pediatric General Hematology/Oncology Ward,Pediatric Medical Ward,2
ONC Pediatric General Hematology/Oncology Ward,Operating Room/Suite,24
ONC Pediatric General Hematology/Oncology Ward,Pediatric Medical/Surgical Critical Care,8
ONC Pediatric General Hematology/Oncology Ward,ONC Pediatric General Hematology/Oncology Ward,19
ONC Pediatric General Hematology/Oncology Ward,Exit,222
